2026-03-10 16:47:08  INFO  =======================================================
2026-03-10 16:47:08  INFO  BuitKing's Loadout Updater gestart
2026-03-10 16:47:08  INFO  Datum: 10/03/2026 16:47
2026-03-10 16:47:08  INFO  
[1/4] Excel downloaden & parseren...
2026-03-10 16:47:09  INFO        OK: 152 wapens over 4 games
2026-03-10 16:47:09  INFO  
[2/5] WZ Meta scrapen (warzoneloadout.games)...
2026-03-10 16:47:09  INFO    Ophalen: https://warzoneloadout.games/warzone-meta/
2026-03-10 16:47:10  INFO      + M8A1 (S)
2026-03-10 16:47:10  INFO      + REV-46 (S)
2026-03-10 16:47:10  INFO      + Hawker HX (S)
2026-03-10 16:47:10  INFO      + M15 Mod 0 (A)
2026-03-10 16:47:10  INFO      + Ryden 45K (A)
2026-03-10 16:47:10  INFO      + Carbon 57 (A)
2026-03-10 16:47:10  INFO      + Maddox RFB (A)
2026-03-10 16:47:10  INFO      + EGRT-17 (A)
2026-03-10 16:47:10  INFO      + AK-27 (A)
2026-03-10 16:47:10  INFO      + Kogot-7 (A)
2026-03-10 16:47:10  INFO      + VS Recon (A)
2026-03-10 16:47:10  INFO      + HDR (A)
2026-03-10 16:47:10  INFO      + X9 Maverick (A)
2026-03-10 16:47:10  INFO      + MK.78 (A)
2026-03-10 16:47:10  INFO      + Dravec 45 (A)
2026-03-10 16:47:10  INFO    Totaal: 15 wapens
2026-03-10 16:47:10  INFO        OK: 15 wapens
2026-03-10 16:47:10  INFO  
[3/5] WZHUB Meta scrapen (wzhub.gg)...
2026-03-10 16:47:10  INFO    Browser openen: https://wzhub.gg/loadouts
2026-03-10 16:47:42  WARNING    [FOUT] Playwright: Page.goto: Timeout 30000ms exceeded.
Call log:
  - navigating to "https://wzhub.gg/loadouts", waiting until "networkidle"

2026-03-10 16:47:42  INFO    Totaal: 0 wapens van wzhub.gg
2026-03-10 16:47:42  INFO        OK: 0 wapens
2026-03-10 16:47:42  INFO  
[4/5] Warzone Playlists scrapen (wzhub.gg/playlist/wz)...
2026-03-10 16:47:42  INFO    Ophalen: https://wzhub.gg/playlist/wz
2026-03-10 16:47:42  INFO      + LOADED RESURGENCE (ltm=True, modes=1)
2026-03-10 16:47:42  INFO      + RESURGENCE CASUAL (ltm=False, modes=1)
2026-03-10 16:47:42  INFO      + BATTLE ROYALE CASUAL (ltm=False, modes=1)
2026-03-10 16:47:42  INFO      + BATTLE ROYALE (ltm=False, modes=4)
2026-03-10 16:47:42  INFO      + RESURGENCE (ltm=False, modes=3)
2026-03-10 16:47:42  INFO    Totaal: 5 playlists, seizoen: Season 2- 60%
      (22 days)
2026-03-10 16:47:42  INFO        OK: 5 playlists
2026-03-10 16:47:42  INFO  
[5/5] HTML updaten...
2026-03-10 16:47:42  WARNING    [WAARSCHUWING] WZHUB leeg -- bestaande data behouden
2026-03-10 16:47:42  INFO        OK: Bijgewerkt op 10/03/2026 16:47
2026-03-10 16:47:42  INFO  
BuitKing's Loadouts bijgewerkt!
2026-03-10 16:47:42  INFO  =======================================================
2026-03-11 07:53:03  INFO  =======================================================
2026-03-11 07:53:03  INFO  BuitKing's Loadout Updater gestart
2026-03-11 07:53:03  INFO  Datum: 11/03/2026 07:53
2026-03-11 07:53:03  INFO  
[1/4] Excel downloaden & parseren...
2026-03-11 07:53:04  INFO        OK: 152 wapens over 4 games
2026-03-11 07:53:04  INFO  
[2/5] WZ Meta scrapen (warzoneloadout.games)...
2026-03-11 07:53:04  INFO    Ophalen: https://warzoneloadout.games/warzone-meta/
2026-03-11 07:53:04  INFO      + M8A1 (S)
2026-03-11 07:53:04  INFO      + REV-46 (S)
2026-03-11 07:53:04  INFO      + Hawker HX (S)
2026-03-11 07:53:04  INFO      + M15 Mod 0 (A)
2026-03-11 07:53:04  INFO      + Ryden 45K (A)
2026-03-11 07:53:04  INFO      + Kogot-7 (A)
2026-03-11 07:53:04  INFO      + Maddox RFB (A)
2026-03-11 07:53:04  INFO      + EGRT-17 (A)
2026-03-11 07:53:04  INFO      + AK-27 (A)
2026-03-11 07:53:04  INFO      + VS Recon (A)
2026-03-11 07:53:04  INFO      + Carbon 57 (A)
2026-03-11 07:53:04  INFO      + HDR (A)
2026-03-11 07:53:04  INFO      + MK.78 (A)
2026-03-11 07:53:04  INFO      + Dravec 45 (A)
2026-03-11 07:53:04  INFO    Totaal: 14 wapens
2026-03-11 07:53:04  INFO        OK: 14 wapens
2026-03-11 07:53:04  INFO  
[3/5] WZHUB Meta scrapen (wzhub.gg)...
2026-03-11 07:53:05  INFO    Browser openen: https://wzhub.gg/loadouts
2026-03-11 07:53:37  WARNING    [FOUT] Playwright: Page.goto: Timeout 30000ms exceeded.
Call log:
  - navigating to "https://wzhub.gg/loadouts", waiting until "networkidle"

2026-03-11 07:53:37  INFO    Totaal: 0 wapens van wzhub.gg
2026-03-11 07:53:37  INFO        OK: 0 wapens
2026-03-11 07:53:37  INFO  
[4/5] Warzone Playlists scrapen (wzhub.gg/playlist/wz)...
2026-03-11 07:53:37  INFO    Ophalen: https://wzhub.gg/playlist/wz
2026-03-11 07:53:37  INFO      + LOADED RESURGENCE (ltm=True, modes=1)
2026-03-11 07:53:37  INFO      + RESURGENCE CASUAL (ltm=False, modes=1)
2026-03-11 07:53:37  INFO      + BATTLE ROYALE CASUAL (ltm=False, modes=1)
2026-03-11 07:53:37  INFO      + BATTLE ROYALE (ltm=False, modes=4)
2026-03-11 07:53:37  INFO      + RESURGENCE (ltm=False, modes=3)
2026-03-11 07:53:37  INFO    Totaal: 5 playlists, seizoen: Season 2- 61%
      (21 days)
2026-03-11 07:53:37  INFO        OK: 5 playlists
2026-03-11 07:53:37  INFO  
[5/5] HTML updaten...
2026-03-11 07:53:37  WARNING    [WAARSCHUWING] WZHUB leeg -- bestaande data behouden
2026-03-11 07:53:37  INFO        OK: Bijgewerkt op 11/03/2026 07:53
2026-03-11 07:53:37  INFO  
BuitKing's Loadouts bijgewerkt!
2026-03-11 07:53:37  INFO  =======================================================
2026-03-12 07:54:03  INFO  =======================================================
2026-03-12 07:54:03  INFO  BuitKing's Loadout Updater gestart
2026-03-12 07:54:03  INFO  Datum: 12/03/2026 07:54
2026-03-12 07:54:03  INFO  
[1/4] Excel downloaden & parseren...
2026-03-12 07:54:05  INFO        OK: 152 wapens over 4 games
2026-03-12 07:54:05  INFO  
[2/5] WZ Meta scrapen (warzoneloadout.games)...
2026-03-12 07:54:05  INFO    Ophalen: https://warzoneloadout.games/warzone-meta/
2026-03-12 07:54:06  INFO      + Peacekeeper Mk1 (S)
2026-03-12 07:54:06  INFO      + Ryden 45K (S)
2026-03-12 07:54:06  INFO      + Hawker HX (S)
2026-03-12 07:54:06  INFO      + Razor 9mm (A)
2026-03-12 07:54:06  INFO      + Kogot-7 (A)
2026-03-12 07:54:06  INFO      + Maddox RFB (A)
2026-03-12 07:54:06  INFO      + EGRT-17 (A)
2026-03-12 07:54:06  INFO      + Voyak KT-3 (A)
2026-03-12 07:54:06  INFO      + MK.78 (A)
2026-03-12 07:54:06  INFO      + REV-46 (A)
2026-03-12 07:54:06  INFO      + AK-27 (A)
2026-03-12 07:54:06  INFO      + VS Recon (A)
2026-03-12 07:54:06  INFO      + HDR (A)
2026-03-12 07:54:06  INFO    Totaal: 13 wapens
2026-03-12 07:54:06  INFO        OK: 13 wapens
2026-03-12 07:54:06  INFO  
[3/5] WZHUB Meta scrapen (wzhub.gg)...
2026-03-12 07:54:06  INFO    Browser openen: https://wzhub.gg/loadouts
2026-03-12 07:54:37  WARNING    [FOUT] Playwright: Page.goto: Timeout 30000ms exceeded.
Call log:
  - navigating to "https://wzhub.gg/loadouts", waiting until "networkidle"

2026-03-12 07:54:37  INFO    Totaal: 0 wapens van wzhub.gg
2026-03-12 07:54:37  INFO        OK: 0 wapens
2026-03-12 07:54:37  INFO  
[4/5] Warzone Playlists scrapen (wzhub.gg/playlist/wz)...
2026-03-12 07:54:37  INFO    Ophalen: https://wzhub.gg/playlist/wz
2026-03-12 07:54:38  INFO      + LOADED RESURGENCE (ltm=True, modes=1)
2026-03-12 07:54:38  INFO      + RESURGENCE CASUAL (ltm=False, modes=1)
2026-03-12 07:54:38  INFO      + BATTLE ROYALE CASUAL (ltm=False, modes=1)
2026-03-12 07:54:38  INFO      + BATTLE ROYALE (ltm=False, modes=4)
2026-03-12 07:54:38  INFO      + RESURGENCE (ltm=False, modes=3)
2026-03-12 07:54:38  INFO    Totaal: 5 playlists, seizoen: Season 2- 63%
      (20 days)
2026-03-12 07:54:38  INFO        OK: 5 playlists
2026-03-12 07:54:38  INFO  
[5/5] HTML updaten...
2026-03-12 07:54:38  WARNING    [WAARSCHUWING] WZHUB leeg -- bestaande data behouden
2026-03-12 07:54:38  INFO        OK: Bijgewerkt op 12/03/2026 07:54
2026-03-12 07:54:38  INFO  
BuitKing's Loadouts bijgewerkt!
2026-03-12 07:54:38  INFO  =======================================================
2026-03-12 13:31:14  INFO  =======================================================
2026-03-12 13:31:14  INFO  BuitKing's Loadout Updater gestart
2026-03-12 13:31:14  INFO  Datum: 12/03/2026 13:31
2026-03-12 13:31:14  INFO  
[1/4] Excel downloaden & parseren...
2026-03-12 13:31:16  INFO        OK: 152 wapens over 4 games
2026-03-12 13:31:16  INFO  
[2/5] WZ Meta scrapen (warzoneloadout.games)...
2026-03-12 13:31:16  INFO    Ophalen: https://warzoneloadout.games/warzone-meta/
2026-03-12 13:31:17  INFO      + Peacekeeper Mk1 (S)
2026-03-12 13:31:17  INFO      + Ryden 45K (S)
2026-03-12 13:31:17  INFO      + Hawker HX (S)
2026-03-12 13:31:17  INFO      + Razor 9mm (A)
2026-03-12 13:31:17  INFO      + Kogot-7 (A)
2026-03-12 13:31:17  INFO      + Maddox RFB (A)
2026-03-12 13:31:17  INFO      + EGRT-17 (A)
2026-03-12 13:31:17  INFO      + Voyak KT-3 (A)
2026-03-12 13:31:17  INFO      + MK.78 (A)
2026-03-12 13:31:17  INFO      + REV-46 (A)
2026-03-12 13:31:17  INFO      + AK-27 (A)
2026-03-12 13:31:17  INFO      + VS Recon (A)
2026-03-12 13:31:17  INFO      + HDR (A)
2026-03-12 13:31:17  INFO    Totaal: 13 wapens
2026-03-12 13:31:17  INFO        OK: 13 wapens
2026-03-12 13:31:17  INFO  
[3/5] WZHUB Meta scrapen (wzhub.gg)...
2026-03-12 13:31:17  INFO    Browser openen: https://wzhub.gg/loadouts
2026-03-12 13:31:48  WARNING    [FOUT] Playwright: Page.goto: Timeout 30000ms exceeded.
Call log:
  - navigating to "https://wzhub.gg/loadouts", waiting until "networkidle"

2026-03-12 13:31:48  INFO    Totaal: 0 wapens van wzhub.gg
2026-03-12 13:31:48  INFO        OK: 0 wapens
2026-03-12 13:31:48  INFO  
[4/5] Warzone Playlists scrapen (wzhub.gg/playlist/wz)...
2026-03-12 13:31:48  INFO    Ophalen: https://wzhub.gg/playlist/wz
2026-03-12 13:31:48  INFO      + LOADED RESURGENCE (ltm=True, modes=1)
2026-03-12 13:31:48  INFO      + RESURGENCE CASUAL (ltm=False, modes=1)
2026-03-12 13:31:48  INFO      + BATTLE ROYALE CASUAL (ltm=False, modes=1)
2026-03-12 13:31:48  INFO      + BATTLE ROYALE (ltm=False, modes=4)
2026-03-12 13:31:48  INFO      + RESURGENCE (ltm=False, modes=3)
2026-03-12 13:31:48  INFO    Totaal: 5 playlists, seizoen: Season 2- 63%
      (20 days)
2026-03-12 13:31:48  INFO        OK: 5 playlists
2026-03-12 13:31:48  INFO  
[5/5] HTML updaten...
2026-03-12 13:31:48  WARNING    [WAARSCHUWING] WZHUB leeg -- bestaande data behouden
2026-03-12 13:31:48  INFO        OK: Bijgewerkt op 12/03/2026 13:31
2026-03-12 13:31:48  INFO  
BuitKing's Loadouts bijgewerkt!
2026-03-12 13:31:48  INFO  =======================================================
2026-03-12 19:57:33  INFO     =======================================================
2026-03-12 19:57:33  INFO     BuitKing's Loadout Updater gestart (v8 - geen TeeP)
2026-03-12 19:57:33  INFO     Datum: 12/03/2026 19:57
2026-03-12 19:57:33  INFO     
[1/4] WZ Meta scrapen (warzoneloadout.games)...
2026-03-12 19:57:33  INFO       Ophalen: https://warzoneloadout.games/warzone-meta/
2026-03-12 19:57:34  INFO       + Peacekeeper Mk1 (S, Assault Rifles, BO7)
2026-03-12 19:57:34  INFO       + Voyak KT-3 (S, Assault Rifles, BO7)
2026-03-12 19:57:34  INFO       + Ryden 45K (S, SMGs, BO7)
2026-03-12 19:57:34  INFO       + Hawker HX (S, Sniper Rifles, BO7)
2026-03-12 19:57:34  INFO       + Razor 9mm (S, SMGs, BO7)
2026-03-12 19:57:34  INFO       + Kogot-7 (A, SMGs, BO7)
2026-03-12 19:57:34  INFO       + Maddox RFB (A, Assault Rifles, BO7)
2026-03-12 19:57:34  INFO       + EGRT-17 (A, Assault Rifles, BO7)
2026-03-12 19:57:34  INFO       + MK.78 (A, LMGs, BO7)
2026-03-12 19:57:34  INFO       + REV-46 (A, SMGs, BO7)
2026-03-12 19:57:34  INFO       + AK-27 (A, Assault Rifles, BO7)
2026-03-12 19:57:34  INFO       + VS Recon (A, Sniper Rifles, BO7)
2026-03-12 19:57:34  INFO       + HDR (A, , BO6)
2026-03-12 19:57:34  INFO       Totaal: 13 wapens
2026-03-12 19:57:34  INFO         OK: 13 wapens
2026-03-12 19:57:34  INFO     
[2/4] WZHUB Meta scrapen (wzhub.gg)...
2026-03-12 19:57:34  INFO       Browser openen: https://wzhub.gg/loadouts
2026-03-12 19:58:06  WARNING    [FOUT] Playwright: Page.goto: Timeout 30000ms exceeded.
Call log:
  - navigating to "https://wzhub.gg/loadouts", waiting until "networkidle"

2026-03-12 19:58:06  INFO       Totaal: 0 wapens van wzhub.gg
2026-03-12 19:58:06  INFO         OK: 0 wapens
2026-03-12 19:58:06  INFO     
[3/4] RAW-data bouwen vanuit WZ Meta + WZHUB...
2026-03-12 19:58:06  INFO       [SKIP] HDR: geen cat/game info in WZ Meta
2026-03-12 19:58:06  INFO       RAW gebouwd: 12 wapens over 1 games
2026-03-12 19:58:06  INFO     
[4/4] Warzone Playlists scrapen (wzhub.gg/playlist/wz)...
2026-03-12 19:58:06  INFO       Ophalen: https://wzhub.gg/playlist/wz
2026-03-12 19:58:07  INFO       + LOADED RESURGENCE (ltm=True, modes=1)
2026-03-12 19:58:07  INFO       + RESURGENCE CASUAL (ltm=False, modes=1)
2026-03-12 19:58:07  INFO       + BATTLE ROYALE CASUAL (ltm=False, modes=1)
2026-03-12 19:58:07  INFO       + BATTLE ROYALE (ltm=False, modes=4)
2026-03-12 19:58:07  INFO       + RESURGENCE (ltm=False, modes=3)
2026-03-12 19:58:07  INFO       Totaal: 5 playlists, seizoen: Season 2- 64%
      (20 days)
2026-03-12 19:58:07  INFO         OK: 5 playlists
2026-03-12 19:58:07  INFO     
[5/5] HTML updaten...
2026-03-12 19:58:07  INFO       [MIGRATIE] TeeP-code verwijderd uit HTML
2026-03-12 19:58:07  WARNING    [WAARSCHUWING] WZHUB leeg -- bestaande data behouden
2026-03-12 19:58:07  INFO         OK: Bijgewerkt op 12/03/2026 19:57
2026-03-12 19:58:07  INFO     
BuitKing's Loadouts bijgewerkt!
2026-03-12 19:58:07  INFO     =======================================================
2026-03-12 20:06:18  INFO     =======================================================
2026-03-12 20:06:18  INFO     BuitKing's Loadout Updater gestart (v8 - geen TeeP)
2026-03-12 20:06:18  INFO     Datum: 12/03/2026 20:06
2026-03-12 20:06:18  INFO     
[1/4] WZ Meta scrapen (warzoneloadout.games)...
2026-03-12 20:06:18  INFO       Ophalen: https://warzoneloadout.games/warzone-meta/
2026-03-12 20:06:27  INFO       + Peacekeeper Mk1 (S, Assault Rifles, BO7)
2026-03-12 20:06:27  INFO       + Voyak KT-3 (S, Assault Rifles, BO7)
2026-03-12 20:06:27  INFO       + Ryden 45K (S, SMGs, BO7)
2026-03-12 20:06:27  INFO       + Hawker HX (S, Sniper Rifles, BO7)
2026-03-12 20:06:27  INFO       + Razor 9mm (S, SMGs, BO7)
2026-03-12 20:06:27  INFO       + Kogot-7 (A, SMGs, BO7)
2026-03-12 20:06:27  INFO       + Maddox RFB (A, Assault Rifles, BO7)
2026-03-12 20:06:27  INFO       + EGRT-17 (A, Assault Rifles, BO7)
2026-03-12 20:06:27  INFO       + MK.78 (A, LMGs, BO7)
2026-03-12 20:06:27  INFO       + REV-46 (A, SMGs, BO7)
2026-03-12 20:06:27  INFO       + AK-27 (A, Assault Rifles, BO7)
2026-03-12 20:06:27  INFO       + VS Recon (A, Sniper Rifles, BO7)
2026-03-12 20:06:27  INFO       + HDR (A, , BO6)
2026-03-12 20:06:27  INFO       Totaal: 13 wapens
2026-03-12 20:06:27  INFO         OK: 13 wapens
2026-03-12 20:06:27  INFO     
[2/4] WZHUB Meta scrapen (wzhub.gg)...
2026-03-12 20:06:27  INFO       Browser openen: https://wzhub.gg/loadouts
2026-03-12 20:06:59  WARNING    [FOUT] Playwright: Page.goto: Timeout 30000ms exceeded.
Call log:
  - navigating to "https://wzhub.gg/loadouts", waiting until "networkidle"

2026-03-12 20:06:59  INFO       Totaal: 0 wapens van wzhub.gg
2026-03-12 20:06:59  INFO         OK: 0 wapens
2026-03-12 20:06:59  INFO     
[3/4] RAW-data bouwen vanuit WZ Meta + WZHUB...
2026-03-12 20:06:59  INFO       [SKIP] HDR: geen cat/game info in WZ Meta
2026-03-12 20:06:59  INFO       RAW gebouwd: 12 wapens over 1 games
2026-03-12 20:06:59  INFO     
[4/4] Warzone Playlists scrapen (wzhub.gg/playlist/wz)...
2026-03-12 20:06:59  INFO       Ophalen: https://wzhub.gg/playlist/wz
2026-03-12 20:07:00  INFO       + LOADED RESURGENCE (ltm=True, modes=1)
2026-03-12 20:07:00  INFO       + RESURGENCE CASUAL (ltm=False, modes=1)
2026-03-12 20:07:00  INFO       + BATTLE ROYALE CASUAL (ltm=False, modes=1)
2026-03-12 20:07:00  INFO       + BATTLE ROYALE (ltm=False, modes=4)
2026-03-12 20:07:00  INFO       + RESURGENCE (ltm=False, modes=3)
2026-03-12 20:07:00  INFO       Totaal: 5 playlists, seizoen: Season 2- 64%
      (20 days)
2026-03-12 20:07:00  INFO         OK: 5 playlists
2026-03-12 20:07:00  INFO     
[5/5] HTML updaten...
2026-03-12 20:07:00  INFO       [MIGRATIE] TeeP-code verwijderd uit HTML
2026-03-12 20:07:00  WARNING    [WAARSCHUWING] WZHUB leeg -- bestaande data behouden
2026-03-12 20:07:00  INFO         OK: Bijgewerkt op 12/03/2026 20:06
2026-03-12 20:07:00  INFO     
BuitKing's Loadouts bijgewerkt!
2026-03-12 20:07:00  INFO     =======================================================
2026-03-12 20:42:26  INFO     =======================================================
2026-03-12 20:42:26  INFO     BuitKing's Loadout Updater gestart (v8 - geen TeeP)
2026-03-12 20:42:26  INFO     Datum: 12/03/2026 20:42
2026-03-12 20:42:26  INFO     
[1/4] WZ Meta scrapen (warzoneloadout.games)...
2026-03-12 20:42:26  INFO       Ophalen: https://warzoneloadout.games/warzone-meta/
2026-03-12 20:42:27  INFO       + Voyak KT-3 (S, Assault Rifles, BO7)
2026-03-12 20:42:27  INFO       + Peacekeeper Mk1 (S, Assault Rifles, BO7)
2026-03-12 20:42:27  INFO       + Ryden 45K (S, SMGs, BO7)
2026-03-12 20:42:27  INFO       + Hawker HX (S, Sniper Rifles, BO7)
2026-03-12 20:42:27  INFO       + Razor 9mm (S, SMGs, BO7)
2026-03-12 20:42:27  INFO       + Kogot-7 (A, SMGs, BO7)
2026-03-12 20:42:27  INFO       + EGRT-17 (A, Assault Rifles, BO7)
2026-03-12 20:42:27  INFO       + MK.78 (A, LMGs, BO7)
2026-03-12 20:42:27  INFO       + REV-46 (A, SMGs, BO7)
2026-03-12 20:42:27  INFO       + AK-27 (A, Assault Rifles, BO7)
2026-03-12 20:42:27  INFO       + VS Recon (A, Sniper Rifles, BO7)
2026-03-12 20:42:27  INFO       + HDR (A, , BO6)
2026-03-12 20:42:27  INFO       + MXR-17 (B, Assault Rifles, BO7)
2026-03-12 20:42:27  INFO       + Dravec 45 (B, SMGs, BO7)
2026-03-12 20:42:27  INFO       + Carbon 57 (B, SMGs, BO7)
2026-03-12 20:42:27  INFO       + M15 Mod 0 (B, Assault Rifles, BO7)
2026-03-12 20:42:27  INFO       + Maddox RFB (B, Assault Rifles, BO7)
2026-03-12 20:42:27  INFO       + XR-3 Ion (B, Sniper Rifles, BO7)
2026-03-12 20:42:27  INFO       + X9 Maverick (B, Assault Rifles, BO7)
2026-03-12 20:42:27  INFO       + Sokol 545 (B, LMGs, BO7)
2026-03-12 20:42:27  INFO       + Sturmwolf 45 (B, SMGs, BO7)
2026-03-12 20:42:27  INFO       + DS20 Mirage (B, Assault Rifles, BO7)
2026-03-12 20:42:27  INFO       + M8A1 (B, Marksman Rifles, BO7)
2026-03-12 20:42:27  INFO       + Victus XMR (B, , MW2)
2026-03-12 20:42:27  INFO       + MPC-25 (B, SMGs, BO7)
2026-03-12 20:42:27  INFO       Totaal: 25 wapens
2026-03-12 20:42:27  INFO         OK: 25 wapens
2026-03-12 20:42:27  INFO     
[2/4] WZHUB Meta scrapen (wzhub.gg)...
2026-03-12 20:42:27  INFO       Browser openen: https://wzhub.gg/loadouts
2026-03-12 20:42:58  WARNING    [FOUT] Playwright: Page.goto: Timeout 30000ms exceeded.
Call log:
  - navigating to "https://wzhub.gg/loadouts", waiting until "networkidle"

2026-03-12 20:42:58  INFO       Totaal: 0 wapens van wzhub.gg
2026-03-12 20:42:58  INFO         OK: 0 wapens
2026-03-12 20:42:58  INFO     
[3/4] RAW-data bouwen vanuit WZ Meta + WZHUB...
2026-03-12 20:42:58  INFO       [SKIP] HDR: geen cat/game info in WZ Meta
2026-03-12 20:42:58  INFO       [SKIP] Victus XMR: geen cat/game info in WZ Meta
2026-03-12 20:42:58  INFO       RAW gebouwd: 23 wapens over 1 games
2026-03-12 20:42:58  INFO     
[4/4] Warzone Playlists scrapen (wzhub.gg/playlist/wz)...
2026-03-12 20:42:58  INFO       Ophalen: https://wzhub.gg/playlist/wz
2026-03-12 20:42:59  INFO       + LOADED RESURGENCE (ltm=True, modes=1)
2026-03-12 20:42:59  INFO       + RESURGENCE CASUAL (ltm=False, modes=1)
2026-03-12 20:42:59  INFO       + BATTLE ROYALE CASUAL (ltm=False, modes=1)
2026-03-12 20:42:59  INFO       + BATTLE ROYALE (ltm=False, modes=4)
2026-03-12 20:42:59  INFO       + RESURGENCE (ltm=False, modes=3)
2026-03-12 20:42:59  INFO       Totaal: 5 playlists, seizoen: Season 2- 64%
      (20 days)
2026-03-12 20:42:59  INFO         OK: 5 playlists
2026-03-12 20:42:59  INFO     
[5/5] HTML updaten...
2026-03-12 20:42:59  INFO       [MIGRATIE] B-tier badge CSS toegevoegd
2026-03-12 20:42:59  INFO       [MIGRATIE] HTML succesvol bijgewerkt
2026-03-12 20:42:59  WARNING    [WAARSCHUWING] WZHUB leeg -- bestaande data behouden
2026-03-12 20:42:59  INFO         OK: Bijgewerkt op 12/03/2026 20:42
2026-03-12 20:42:59  INFO     
BuitKing's Loadouts bijgewerkt!
2026-03-12 20:42:59  INFO     =======================================================
2026-03-12 22:32:34  INFO     =======================================================
2026-03-12 22:32:34  INFO     BuitKing's Loadout Updater gestart (v8 - geen TeeP)
2026-03-12 22:32:34  INFO     Datum: 12/03/2026 22:32
2026-03-12 22:32:34  INFO     
[1/4] WZ Meta scrapen (warzoneloadout.games)...
2026-03-12 22:32:34  INFO       Ophalen: https://warzoneloadout.games/warzone-meta/
2026-03-12 22:32:34  INFO       + Voyak KT-3 (S, Assault Rifles, BO7)
2026-03-12 22:32:34  INFO       + Peacekeeper Mk1 (S, Assault Rifles, BO7)
2026-03-12 22:32:34  INFO       + Ryden 45K (S, SMGs, BO7)
2026-03-12 22:32:34  INFO       + Hawker HX (S, Sniper Rifles, BO7)
2026-03-12 22:32:34  INFO       + Razor 9mm (S, SMGs, BO7)
2026-03-12 22:32:34  INFO       + Kogot-7 (A, SMGs, BO7)
2026-03-12 22:32:34  INFO       + EGRT-17 (A, Assault Rifles, BO7)
2026-03-12 22:32:34  INFO       + MK.78 (A, LMGs, BO7)
2026-03-12 22:32:34  INFO       + REV-46 (A, SMGs, BO7)
2026-03-12 22:32:34  INFO       + AK-27 (A, Assault Rifles, BO7)
2026-03-12 22:32:34  INFO       + VS Recon (A, Sniper Rifles, BO7)
2026-03-12 22:32:34  INFO       + HDR (A, , BO6)
2026-03-12 22:32:34  INFO       + MXR-17 (B, Assault Rifles, BO7)
2026-03-12 22:32:34  INFO       + Dravec 45 (B, SMGs, BO7)
2026-03-12 22:32:34  INFO       + Carbon 57 (B, SMGs, BO7)
2026-03-12 22:32:34  INFO       + M15 Mod 0 (B, Assault Rifles, BO7)
2026-03-12 22:32:34  INFO       + Maddox RFB (B, Assault Rifles, BO7)
2026-03-12 22:32:34  INFO       + XR-3 Ion (B, Sniper Rifles, BO7)
2026-03-12 22:32:34  INFO       + X9 Maverick (B, Assault Rifles, BO7)
2026-03-12 22:32:34  INFO       + Sokol 545 (B, LMGs, BO7)
2026-03-12 22:32:34  INFO       + Sturmwolf 45 (B, SMGs, BO7)
2026-03-12 22:32:34  INFO       + DS20 Mirage (B, Assault Rifles, BO7)
2026-03-12 22:32:34  INFO       + M8A1 (B, Marksman Rifles, BO7)
2026-03-12 22:32:34  INFO       + Victus XMR (B, , MW2)
2026-03-12 22:32:34  INFO       + MPC-25 (B, SMGs, BO7)
2026-03-12 22:32:34  INFO       Totaal: 25 wapens
2026-03-12 22:32:34  INFO         OK: 25 wapens
2026-03-12 22:32:34  INFO     
[2/4] WZHUB Meta scrapen (wzhub.gg)...
2026-03-12 22:32:35  INFO       Browser openen: https://wzhub.gg/loadouts
2026-03-12 22:33:06  WARNING    [FOUT] Playwright: Page.goto: Timeout 30000ms exceeded.
Call log:
  - navigating to "https://wzhub.gg/loadouts", waiting until "networkidle"

2026-03-12 22:33:06  INFO       Totaal: 0 wapens van wzhub.gg
2026-03-12 22:33:06  INFO         OK: 0 wapens
2026-03-12 22:33:06  INFO     
[3/4] RAW-data bouwen vanuit WZ Meta + WZHUB...
2026-03-12 22:33:06  INFO       [SKIP] HDR: geen cat/game info in WZ Meta
2026-03-12 22:33:06  INFO       [SKIP] Victus XMR: geen cat/game info in WZ Meta
2026-03-12 22:33:06  INFO       RAW gebouwd: 23 wapens over 1 games
2026-03-12 22:33:06  INFO     
[4/4] Warzone Playlists scrapen (wzhub.gg/playlist/wz)...
2026-03-12 22:33:06  INFO       Ophalen: https://wzhub.gg/playlist/wz
2026-03-12 22:33:06  INFO       + LOADED RESURGENCE (ltm=True, modes=1)
2026-03-12 22:33:06  INFO       + RESURGENCE CASUAL (ltm=False, modes=1)
2026-03-12 22:33:06  INFO       + BATTLE ROYALE CASUAL (ltm=False, modes=1)
2026-03-12 22:33:06  INFO       + BATTLE ROYALE (ltm=False, modes=4)
2026-03-12 22:33:06  INFO       + RESURGENCE (ltm=False, modes=3)
2026-03-12 22:33:06  INFO       Totaal: 5 playlists, seizoen: Season 2- 64%
      (20 days)
2026-03-12 22:33:06  INFO         OK: 5 playlists
2026-03-12 22:33:06  INFO     
[5/5] HTML updaten...
2026-03-12 22:33:06  INFO       [MIGRATIE] B-tier badge CSS toegevoegd
2026-03-12 22:33:06  INFO       [MIGRATIE] HTML succesvol bijgewerkt
2026-03-12 22:33:06  WARNING    [WAARSCHUWING] WZHUB leeg -- bestaande data behouden
2026-03-12 22:33:06  INFO         OK: Bijgewerkt op 12/03/2026 22:32
2026-03-12 22:33:06  INFO     
BuitKing's Loadouts bijgewerkt!
2026-03-12 22:33:06  INFO     =======================================================
2026-03-13 07:54:24  INFO     =======================================================
2026-03-13 07:54:24  INFO     BuitKing's Loadout Updater gestart (v8 - geen TeeP)
2026-03-13 07:54:24  INFO     Datum: 13/03/2026 07:54
2026-03-13 07:54:24  INFO     
[1/4] WZ Meta scrapen (warzoneloadout.games)...
2026-03-13 07:54:24  INFO       Ophalen: https://warzoneloadout.games/warzone-meta/
2026-03-13 07:54:25  INFO       + Voyak KT-3 (S, Assault Rifles, BO7)
2026-03-13 07:54:25  INFO       + Peacekeeper Mk1 (S, Assault Rifles, BO7)
2026-03-13 07:54:25  INFO       + Ryden 45K (S, SMGs, BO7)
2026-03-13 07:54:25  INFO       + Hawker HX (S, Sniper Rifles, BO7)
2026-03-13 07:54:25  INFO       + Razor 9mm (S, SMGs, BO7)
2026-03-13 07:54:25  INFO       + Kogot-7 (A, SMGs, BO7)
2026-03-13 07:54:25  INFO       + EGRT-17 (A, Assault Rifles, BO7)
2026-03-13 07:54:25  INFO       + MK.78 (A, LMGs, BO7)
2026-03-13 07:54:25  INFO       + REV-46 (A, SMGs, BO7)
2026-03-13 07:54:25  INFO       + AK-27 (A, Assault Rifles, BO7)
2026-03-13 07:54:25  INFO       + VS Recon (A, Sniper Rifles, BO7)
2026-03-13 07:54:25  INFO       + HDR (A, , BO6)
2026-03-13 07:54:25  INFO       + MXR-17 (B, Assault Rifles, BO7)
2026-03-13 07:54:25  INFO       + Dravec 45 (B, SMGs, BO7)
2026-03-13 07:54:25  INFO       + Carbon 57 (B, SMGs, BO7)
2026-03-13 07:54:25  INFO       + M15 Mod 0 (B, Assault Rifles, BO7)
2026-03-13 07:54:25  INFO       + Maddox RFB (B, Assault Rifles, BO7)
2026-03-13 07:54:25  INFO       + XR-3 Ion (B, Sniper Rifles, BO7)
2026-03-13 07:54:25  INFO       + X9 Maverick (B, Assault Rifles, BO7)
2026-03-13 07:54:25  INFO       + Sokol 545 (B, LMGs, BO7)
2026-03-13 07:54:25  INFO       + Sturmwolf 45 (B, SMGs, BO7)
2026-03-13 07:54:25  INFO       + DS20 Mirage (B, Assault Rifles, BO7)
2026-03-13 07:54:25  INFO       + M8A1 (B, Marksman Rifles, BO7)
2026-03-13 07:54:25  INFO       + Victus XMR (B, , MW2)
2026-03-13 07:54:25  INFO       + MPC-25 (B, SMGs, BO7)
2026-03-13 07:54:25  INFO       Totaal: 25 wapens
2026-03-13 07:54:25  INFO         OK: 25 wapens
2026-03-13 07:54:25  INFO     
[2/4] WZHUB Meta scrapen (wzhub.gg)...
2026-03-13 07:54:25  INFO       Browser openen: https://wzhub.gg/loadouts
2026-03-13 07:54:57  WARNING    [FOUT] Playwright: Page.goto: Timeout 30000ms exceeded.
Call log:
  - navigating to "https://wzhub.gg/loadouts", waiting until "networkidle"

2026-03-13 07:54:57  INFO       Totaal: 0 wapens van wzhub.gg
2026-03-13 07:54:57  INFO         OK: 0 wapens
2026-03-13 07:54:57  INFO     
[3/4] RAW-data bouwen vanuit WZ Meta + WZHUB...
2026-03-13 07:54:57  INFO       [SKIP] HDR: geen cat/game info in WZ Meta
2026-03-13 07:54:57  INFO       [SKIP] Victus XMR: geen cat/game info in WZ Meta
2026-03-13 07:54:57  INFO       RAW gebouwd: 23 wapens over 1 games
2026-03-13 07:54:57  INFO     
[4/4] Warzone Playlists scrapen (wzhub.gg/playlist/wz)...
2026-03-13 07:54:57  INFO       Ophalen: https://wzhub.gg/playlist/wz
2026-03-13 07:54:57  INFO       + LOADED RESURGENCE (ltm=True, modes=1)
2026-03-13 07:54:57  INFO       + RESURGENCE CASUAL (ltm=False, modes=1)
2026-03-13 07:54:57  INFO       + BATTLE ROYALE CASUAL (ltm=False, modes=1)
2026-03-13 07:54:57  INFO       + BATTLE ROYALE (ltm=False, modes=4)
2026-03-13 07:54:57  INFO       + RESURGENCE (ltm=False, modes=3)
2026-03-13 07:54:57  INFO       Totaal: 5 playlists, seizoen: Season 2- 65%
      (19 days)
2026-03-13 07:54:57  INFO         OK: 5 playlists
2026-03-13 07:54:57  INFO     
[5/5] HTML updaten...
2026-03-13 07:54:57  INFO       [MIGRATIE] B-tier badge CSS toegevoegd
2026-03-13 07:54:57  INFO       [MIGRATIE] HTML succesvol bijgewerkt
2026-03-13 07:54:57  WARNING    [WAARSCHUWING] WZHUB leeg -- bestaande data behouden
2026-03-13 07:54:57  INFO         OK: Bijgewerkt op 13/03/2026 07:54
2026-03-13 07:54:57  INFO     
BuitKing's Loadouts bijgewerkt!
2026-03-13 07:54:57  INFO     =======================================================
2026-03-13 18:40:43  INFO     =======================================================
2026-03-13 18:40:43  INFO     BuitKing's Loadout Updater gestart (v8 - geen TeeP)
2026-03-13 18:40:43  INFO     Datum: 13/03/2026 18:40
2026-03-13 18:40:43  INFO     
[1/4] WZ Meta scrapen (warzoneloadout.games)...
2026-03-13 18:40:43  INFO       Ophalen: https://warzoneloadout.games/warzone-meta/
2026-03-13 18:40:44  INFO       + Voyak KT-3 (S, Assault Rifles, BO7)
2026-03-13 18:40:44  INFO       + Peacekeeper Mk1 (S, Assault Rifles, BO7)
2026-03-13 18:40:44  INFO       + Ryden 45K (S, SMGs, BO7)
2026-03-13 18:40:44  INFO       + Hawker HX (S, Sniper Rifles, BO7)
2026-03-13 18:40:44  INFO       + Razor 9mm (S, SMGs, BO7)
2026-03-13 18:40:44  INFO       + Kogot-7 (A, SMGs, BO7)
2026-03-13 18:40:44  INFO       + EGRT-17 (A, Assault Rifles, BO7)
2026-03-13 18:40:44  INFO       + MK.78 (A, LMGs, BO7)
2026-03-13 18:40:44  INFO       + REV-46 (A, SMGs, BO7)
2026-03-13 18:40:44  INFO       + AK-27 (A, Assault Rifles, BO7)
2026-03-13 18:40:44  INFO       + VS Recon (A, Sniper Rifles, BO7)
2026-03-13 18:40:44  INFO       + HDR (A, , BO6)
2026-03-13 18:40:44  INFO       + MXR-17 (B, Assault Rifles, BO7)
2026-03-13 18:40:44  INFO       + Dravec 45 (B, SMGs, BO7)
2026-03-13 18:40:44  INFO       + Carbon 57 (B, SMGs, BO7)
2026-03-13 18:40:44  INFO       + M15 Mod 0 (B, Assault Rifles, BO7)
2026-03-13 18:40:44  INFO       + Maddox RFB (B, Assault Rifles, BO7)
2026-03-13 18:40:44  INFO       + XR-3 Ion (B, Sniper Rifles, BO7)
2026-03-13 18:40:44  INFO       + X9 Maverick (B, Assault Rifles, BO7)
2026-03-13 18:40:44  INFO       + Sokol 545 (B, LMGs, BO7)
2026-03-13 18:40:44  INFO       + Sturmwolf 45 (B, SMGs, BO7)
2026-03-13 18:40:44  INFO       + DS20 Mirage (B, Assault Rifles, BO7)
2026-03-13 18:40:44  INFO       + M8A1 (B, Marksman Rifles, BO7)
2026-03-13 18:40:44  INFO       + Victus XMR (B, , MW2)
2026-03-13 18:40:44  INFO       + MPC-25 (B, SMGs, BO7)
2026-03-13 18:40:44  INFO       Totaal: 25 wapens
2026-03-13 18:40:44  INFO         OK: 25 wapens
2026-03-13 18:40:44  INFO     
[2/4] WZHUB Meta scrapen (wzhub.gg)...
2026-03-13 18:40:45  INFO       Browser openen: https://wzhub.gg/loadouts
2026-03-13 18:41:15  WARNING    [FOUT] Playwright: Page.goto: Timeout 30000ms exceeded.
Call log:
  - navigating to "https://wzhub.gg/loadouts", waiting until "networkidle"

2026-03-13 18:41:15  INFO       Totaal: 0 wapens van wzhub.gg
2026-03-13 18:41:15  INFO         OK: 0 wapens
2026-03-13 18:41:15  INFO     
[3/4] RAW-data bouwen vanuit WZ Meta + WZHUB...
2026-03-13 18:41:15  INFO       [SKIP] HDR: geen cat/game info in WZ Meta
2026-03-13 18:41:15  INFO       [SKIP] Victus XMR: geen cat/game info in WZ Meta
2026-03-13 18:41:15  INFO       RAW gebouwd: 23 wapens over 1 games
2026-03-13 18:41:15  INFO     
[4/4] Warzone Playlists scrapen (wzhub.gg/playlist/wz)...
2026-03-13 18:41:15  INFO       Ophalen: https://wzhub.gg/playlist/wz
2026-03-13 18:41:16  INFO       + LOADED RESURGENCE (ltm=True, modes=1)
2026-03-13 18:41:16  INFO       + RESURGENCE CASUAL (ltm=False, modes=1)
2026-03-13 18:41:16  INFO       + BATTLE ROYALE CASUAL (ltm=False, modes=1)
2026-03-13 18:41:16  INFO       + BATTLE ROYALE (ltm=False, modes=4)
2026-03-13 18:41:16  INFO       + RESURGENCE (ltm=False, modes=3)
2026-03-13 18:41:16  INFO       Totaal: 5 playlists, seizoen: Season 2- 66%
      (19 days)
2026-03-13 18:41:16  INFO         OK: 5 playlists
2026-03-13 18:41:16  INFO     
[5/5] HTML updaten...
2026-03-13 18:41:16  INFO       [MIGRATIE] B-tier badge CSS toegevoegd
2026-03-13 18:41:16  INFO       [MIGRATIE] HTML succesvol bijgewerkt
2026-03-13 18:41:16  WARNING    [WAARSCHUWING] WZHUB leeg -- bestaande data behouden
2026-03-13 18:41:16  INFO         OK: Bijgewerkt op 13/03/2026 18:40
2026-03-13 18:41:16  INFO     
BuitKing's Loadouts bijgewerkt!
2026-03-13 18:41:16  INFO     =======================================================
2026-03-13 18:54:34  INFO     =======================================================
2026-03-13 18:54:34  INFO     BuitKing's Loadout Updater gestart (v8 - geen TeeP)
2026-03-13 18:54:34  INFO     Datum: 13/03/2026 18:54
2026-03-13 18:54:34  INFO     
[1/4] WZ Meta scrapen (warzoneloadout.games)...
2026-03-13 18:54:34  INFO       Ophalen: https://warzoneloadout.games/warzone-meta/
2026-03-13 18:54:35  INFO       + Voyak KT-3 (S, Assault Rifles, BO7)
2026-03-13 18:54:35  INFO       + Peacekeeper Mk1 (S, Assault Rifles, BO7)
2026-03-13 18:54:35  INFO       + Ryden 45K (S, SMGs, BO7)
2026-03-13 18:54:35  INFO       + Hawker HX (S, Sniper Rifles, BO7)
2026-03-13 18:54:35  INFO       + Razor 9mm (S, SMGs, BO7)
2026-03-13 18:54:35  INFO       + Kogot-7 (A, SMGs, BO7)
2026-03-13 18:54:35  INFO       + EGRT-17 (A, Assault Rifles, BO7)
2026-03-13 18:54:35  INFO       + MK.78 (A, LMGs, BO7)
2026-03-13 18:54:35  INFO       + REV-46 (A, SMGs, BO7)
2026-03-13 18:54:35  INFO       + AK-27 (A, Assault Rifles, BO7)
2026-03-13 18:54:35  INFO       + VS Recon (A, Sniper Rifles, BO7)
2026-03-13 18:54:35  INFO       + HDR (A, , BO6)
2026-03-13 18:54:35  INFO       + MXR-17 (B, Assault Rifles, BO7)
2026-03-13 18:54:35  INFO       + Dravec 45 (B, SMGs, BO7)
2026-03-13 18:54:35  INFO       + Carbon 57 (B, SMGs, BO7)
2026-03-13 18:54:35  INFO       + M15 Mod 0 (B, Assault Rifles, BO7)
2026-03-13 18:54:35  INFO       + Maddox RFB (B, Assault Rifles, BO7)
2026-03-13 18:54:35  INFO       + XR-3 Ion (B, Sniper Rifles, BO7)
2026-03-13 18:54:35  INFO       + X9 Maverick (B, Assault Rifles, BO7)
2026-03-13 18:54:35  INFO       + Sokol 545 (B, LMGs, BO7)
2026-03-13 18:54:35  INFO       + Sturmwolf 45 (B, SMGs, BO7)
2026-03-13 18:54:35  INFO       + DS20 Mirage (B, Assault Rifles, BO7)
2026-03-13 18:54:35  INFO       + M8A1 (B, Marksman Rifles, BO7)
2026-03-13 18:54:35  INFO       + Victus XMR (B, , MW2)
2026-03-13 18:54:35  INFO       + MPC-25 (B, SMGs, BO7)
2026-03-13 18:54:35  INFO       Totaal: 25 wapens
2026-03-13 18:54:35  INFO         OK: 25 wapens
2026-03-13 18:54:35  INFO     
[2/4] WZHUB Meta scrapen (wzhub.gg)...
2026-03-13 18:54:36  INFO       Browser openen: https://wzhub.gg/loadouts
2026-03-13 18:55:08  WARNING    [FOUT] Playwright: Page.goto: Timeout 30000ms exceeded.
Call log:
  - navigating to "https://wzhub.gg/loadouts", waiting until "networkidle"

2026-03-13 18:55:08  INFO       Totaal: 0 wapens van wzhub.gg
2026-03-13 18:55:08  INFO         OK: 0 wapens
2026-03-13 18:55:08  INFO     
[3/4] RAW-data bouwen vanuit WZ Meta + WZHUB...
2026-03-13 18:55:08  INFO       [SKIP] HDR: geen cat/game info in WZ Meta
2026-03-13 18:55:08  INFO       [SKIP] Victus XMR: geen cat/game info in WZ Meta
2026-03-13 18:55:08  INFO       RAW gebouwd: 23 wapens over 1 games
2026-03-13 18:55:08  INFO     
[4/4] Warzone Playlists scrapen (wzhub.gg/playlist/wz)...
2026-03-13 18:55:08  INFO       Ophalen: https://wzhub.gg/playlist/wz
2026-03-13 18:55:08  INFO       + LOADED RESURGENCE (ltm=True, modes=1)
2026-03-13 18:55:08  INFO       + RESURGENCE CASUAL (ltm=False, modes=1)
2026-03-13 18:55:08  INFO       + BATTLE ROYALE CASUAL (ltm=False, modes=1)
2026-03-13 18:55:08  INFO       + BATTLE ROYALE (ltm=False, modes=4)
2026-03-13 18:55:08  INFO       + RESURGENCE (ltm=False, modes=3)
2026-03-13 18:55:08  INFO       Totaal: 5 playlists, seizoen: Season 2- 66%
      (19 days)
2026-03-13 18:55:08  INFO         OK: 5 playlists
2026-03-13 18:55:08  INFO     
[5/5] HTML updaten...
2026-03-13 18:55:08  INFO       [MIGRATIE] B-tier badge CSS toegevoegd
2026-03-13 18:55:08  INFO       [MIGRATIE] HTML succesvol bijgewerkt
2026-03-13 18:55:08  WARNING    [WAARSCHUWING] WZHUB leeg -- bestaande data behouden
2026-03-13 18:55:08  INFO         OK: Bijgewerkt op 13/03/2026 18:54
2026-03-13 18:55:08  INFO     
BuitKing's Loadouts bijgewerkt!
2026-03-13 18:55:08  INFO     =======================================================
2026-03-13 19:00:03  INFO     =======================================================
2026-03-13 19:00:03  INFO     BuitKing's Loadout Updater gestart (v8 - geen TeeP)
2026-03-13 19:00:03  INFO     Datum: 13/03/2026 19:00
2026-03-13 19:00:03  INFO     
[1/4] WZ Meta scrapen (warzoneloadout.games)...
2026-03-13 19:00:03  INFO       Ophalen: https://warzoneloadout.games/warzone-meta/
2026-03-13 19:00:04  INFO       + Voyak KT-3 (S, Assault Rifles, BO7)
2026-03-13 19:00:04  INFO       + Peacekeeper Mk1 (S, Assault Rifles, BO7)
2026-03-13 19:00:04  INFO       + Ryden 45K (S, SMGs, BO7)
2026-03-13 19:00:04  INFO       + Hawker HX (S, Sniper Rifles, BO7)
2026-03-13 19:00:04  INFO       + Razor 9mm (S, SMGs, BO7)
2026-03-13 19:00:04  INFO       + Kogot-7 (A, SMGs, BO7)
2026-03-13 19:00:04  INFO       + EGRT-17 (A, Assault Rifles, BO7)
2026-03-13 19:00:04  INFO       + MK.78 (A, LMGs, BO7)
2026-03-13 19:00:04  INFO       + REV-46 (A, SMGs, BO7)
2026-03-13 19:00:04  INFO       + AK-27 (A, Assault Rifles, BO7)
2026-03-13 19:00:04  INFO       + VS Recon (A, Sniper Rifles, BO7)
2026-03-13 19:00:04  INFO       + HDR (A, , BO6)
2026-03-13 19:00:04  INFO       + MXR-17 (B, Assault Rifles, BO7)
2026-03-13 19:00:04  INFO       + Dravec 45 (B, SMGs, BO7)
2026-03-13 19:00:04  INFO       + Carbon 57 (B, SMGs, BO7)
2026-03-13 19:00:04  INFO       + M15 Mod 0 (B, Assault Rifles, BO7)
2026-03-13 19:00:04  INFO       + Maddox RFB (B, Assault Rifles, BO7)
2026-03-13 19:00:04  INFO       + XR-3 Ion (B, Sniper Rifles, BO7)
2026-03-13 19:00:04  INFO       + X9 Maverick (B, Assault Rifles, BO7)
2026-03-13 19:00:04  INFO       + Sokol 545 (B, LMGs, BO7)
2026-03-13 19:00:04  INFO       + Sturmwolf 45 (B, SMGs, BO7)
2026-03-13 19:00:04  INFO       + DS20 Mirage (B, Assault Rifles, BO7)
2026-03-13 19:00:04  INFO       + M8A1 (B, Marksman Rifles, BO7)
2026-03-13 19:00:04  INFO       + Victus XMR (B, , MW2)
2026-03-13 19:00:04  INFO       + MPC-25 (B, SMGs, BO7)
2026-03-13 19:00:04  INFO       Totaal: 25 wapens
2026-03-13 19:00:04  INFO         OK: 25 wapens
2026-03-13 19:00:04  INFO     
[2/4] WZHUB Meta scrapen (wzhub.gg)...
2026-03-13 19:00:04  INFO       Browser openen: https://wzhub.gg/loadouts
2026-03-13 19:00:35  WARNING    [FOUT] Playwright: Page.goto: Timeout 30000ms exceeded.
Call log:
  - navigating to "https://wzhub.gg/loadouts", waiting until "networkidle"

2026-03-13 19:00:35  INFO       Totaal: 0 wapens van wzhub.gg
2026-03-13 19:00:35  INFO         OK: 0 wapens
2026-03-13 19:00:35  INFO     
[3/4] RAW-data bouwen vanuit WZ Meta + WZHUB...
2026-03-13 19:00:35  INFO       [SKIP] HDR: geen cat/game info in WZ Meta
2026-03-13 19:00:35  INFO       [SKIP] Victus XMR: geen cat/game info in WZ Meta
2026-03-13 19:00:35  INFO       RAW gebouwd: 23 wapens over 1 games
2026-03-13 19:00:35  INFO     
[4/4] Warzone Playlists scrapen (wzhub.gg/playlist/wz)...
2026-03-13 19:00:35  INFO       Ophalen: https://wzhub.gg/playlist/wz
2026-03-13 19:00:35  INFO       + LOADED RESURGENCE (ltm=True, modes=1)
2026-03-13 19:00:35  INFO       + RESURGENCE CASUAL (ltm=False, modes=1)
2026-03-13 19:00:35  INFO       + BATTLE ROYALE CASUAL (ltm=False, modes=1)
2026-03-13 19:00:35  INFO       + BATTLE ROYALE (ltm=False, modes=4)
2026-03-13 19:00:35  INFO       + RESURGENCE (ltm=False, modes=3)
2026-03-13 19:00:35  INFO       Totaal: 5 playlists, seizoen: Season 2- 66%
      (19 days)
2026-03-13 19:00:35  INFO         OK: 5 playlists
2026-03-13 19:00:35  INFO     
[5/5] HTML updaten...
2026-03-13 19:00:35  INFO       [MIGRATIE] HTML succesvol bijgewerkt
2026-03-13 19:00:35  WARNING    [WAARSCHUWING] WZHUB leeg -- bestaande data behouden
2026-03-13 19:00:35  INFO         OK: Bijgewerkt op 13/03/2026 19:00
2026-03-13 19:00:35  INFO     
BuitKing's Loadouts bijgewerkt!
2026-03-13 19:00:35  INFO     =======================================================
2026-03-14 07:26:00  INFO     =======================================================
2026-03-14 07:26:00  INFO     BuitKing's Loadout Updater gestart (v8 - geen TeeP)
2026-03-14 07:26:00  INFO     Datum: 14/03/2026 07:26
2026-03-14 07:26:00  INFO     
[1/4] WZ Meta scrapen (warzoneloadout.games)...
2026-03-14 07:26:00  INFO       Ophalen: https://warzoneloadout.games/warzone-meta/
2026-03-14 07:26:01  INFO       + Voyak KT-3 (S, Assault Rifles, BO7)
2026-03-14 07:26:01  INFO       + Peacekeeper Mk1 (S, Assault Rifles, BO7)
2026-03-14 07:26:01  INFO       + Ryden 45K (S, SMGs, BO7)
2026-03-14 07:26:01  INFO       + Hawker HX (S, Sniper Rifles, BO7)
2026-03-14 07:26:01  INFO       + Razor 9mm (S, SMGs, BO7)
2026-03-14 07:26:01  INFO       + Kogot-7 (A, SMGs, BO7)
2026-03-14 07:26:01  INFO       + EGRT-17 (A, Assault Rifles, BO7)
2026-03-14 07:26:01  INFO       + MK.78 (A, LMGs, BO7)
2026-03-14 07:26:01  INFO       + REV-46 (A, SMGs, BO7)
2026-03-14 07:26:01  INFO       + AK-27 (A, Assault Rifles, BO7)
2026-03-14 07:26:01  INFO       + VS Recon (A, Sniper Rifles, BO7)
2026-03-14 07:26:01  INFO       + HDR (A, , BO6)
2026-03-14 07:26:01  INFO       + MXR-17 (B, Assault Rifles, BO7)
2026-03-14 07:26:01  INFO       + Dravec 45 (B, SMGs, BO7)
2026-03-14 07:26:01  INFO       + Carbon 57 (B, SMGs, BO7)
2026-03-14 07:26:01  INFO       + M15 Mod 0 (B, Assault Rifles, BO7)
2026-03-14 07:26:01  INFO       + Maddox RFB (B, Assault Rifles, BO7)
2026-03-14 07:26:01  INFO       + XR-3 Ion (B, Sniper Rifles, BO7)
2026-03-14 07:26:01  INFO       + X9 Maverick (B, Assault Rifles, BO7)
2026-03-14 07:26:01  INFO       + Sokol 545 (B, LMGs, BO7)
2026-03-14 07:26:01  INFO       + Sturmwolf 45 (B, SMGs, BO7)
2026-03-14 07:26:01  INFO       + DS20 Mirage (B, Assault Rifles, BO7)
2026-03-14 07:26:01  INFO       + M8A1 (B, Marksman Rifles, BO7)
2026-03-14 07:26:01  INFO       + Victus XMR (B, , MW2)
2026-03-14 07:26:01  INFO       + MPC-25 (B, SMGs, BO7)
2026-03-14 07:26:02  INFO       Totaal: 25 wapens
2026-03-14 07:26:02  INFO         OK: 25 wapens
2026-03-14 07:26:02  INFO     
[2/4] WZHUB Meta scrapen (wzhub.gg)...
2026-03-14 07:26:02  INFO       Browser openen: https://wzhub.gg/loadouts
2026-03-14 07:26:35  WARNING    [FOUT] Playwright: Page.goto: Timeout 30000ms exceeded.
Call log:
  - navigating to "https://wzhub.gg/loadouts", waiting until "networkidle"

2026-03-14 07:26:35  INFO       Totaal: 0 wapens van wzhub.gg
2026-03-14 07:26:35  INFO         OK: 0 wapens
2026-03-14 07:26:35  INFO     
[3/4] RAW-data bouwen vanuit WZ Meta + WZHUB...
2026-03-14 07:26:35  INFO       [SKIP] HDR: geen cat/game info in WZ Meta
2026-03-14 07:26:35  INFO       [SKIP] Victus XMR: geen cat/game info in WZ Meta
2026-03-14 07:26:35  INFO       RAW gebouwd: 23 wapens over 1 games
2026-03-14 07:26:35  INFO     
[4/4] Warzone Playlists scrapen (wzhub.gg/playlist/wz)...
2026-03-14 07:26:35  INFO       Ophalen: https://wzhub.gg/playlist/wz
2026-03-14 07:26:35  INFO       + LOADED RESURGENCE (ltm=True, modes=1)
2026-03-14 07:26:35  INFO       + RESURGENCE CASUAL (ltm=False, modes=1)
2026-03-14 07:26:35  INFO       + BATTLE ROYALE CASUAL (ltm=False, modes=1)
2026-03-14 07:26:35  INFO       + BATTLE ROYALE (ltm=False, modes=4)
2026-03-14 07:26:35  INFO       + RESURGENCE (ltm=False, modes=3)
2026-03-14 07:26:35  INFO       Totaal: 5 playlists, seizoen: Season 2- 67%
      (18 days)
2026-03-14 07:26:35  INFO         OK: 5 playlists
2026-03-14 07:26:35  INFO     
[5/5] HTML updaten...
2026-03-14 07:26:35  INFO       [MIGRATIE] HTML succesvol bijgewerkt
2026-03-14 07:26:35  WARNING    [WAARSCHUWING] WZHUB leeg -- bestaande data behouden
2026-03-14 07:26:35  INFO         OK: Bijgewerkt op 14/03/2026 07:26
2026-03-14 07:26:35  INFO     
BuitKing's Loadouts bijgewerkt!
2026-03-14 07:26:35  INFO     =======================================================
2026-03-14 16:27:39  INFO     =======================================================
2026-03-14 16:27:39  INFO     BuitKing's Loadout Updater gestart (v8 - geen TeeP)
2026-03-14 16:27:39  INFO     Datum: 14/03/2026 16:27
2026-03-14 16:27:39  INFO     
[1/4] WZ Meta scrapen (warzoneloadout.games)...
2026-03-14 16:27:39  INFO       Ophalen: https://warzoneloadout.games/warzone-meta/
2026-03-14 16:27:40  INFO       + Voyak KT-3 (S, Assault Rifles, BO7)
2026-03-14 16:27:40  INFO       + Peacekeeper Mk1 (S, Assault Rifles, BO7)
2026-03-14 16:27:40  INFO       + Ryden 45K (S, SMGs, BO7)
2026-03-14 16:27:40  INFO       + Hawker HX (S, Sniper Rifles, BO7)
2026-03-14 16:27:40  INFO       + Razor 9mm (S, SMGs, BO7)
2026-03-14 16:27:40  INFO       + Kogot-7 (A, SMGs, BO7)
2026-03-14 16:27:40  INFO       + EGRT-17 (A, Assault Rifles, BO7)
2026-03-14 16:27:40  INFO       + MK.78 (A, LMGs, BO7)
2026-03-14 16:27:40  INFO       + REV-46 (A, SMGs, BO7)
2026-03-14 16:27:40  INFO       + AK-27 (A, Assault Rifles, BO7)
2026-03-14 16:27:40  INFO       + VS Recon (A, Sniper Rifles, BO7)
2026-03-14 16:27:40  INFO       + HDR (A, , BO6)
2026-03-14 16:27:40  INFO       + MXR-17 (B, Assault Rifles, BO7)
2026-03-14 16:27:40  INFO       + Dravec 45 (B, SMGs, BO7)
2026-03-14 16:27:40  INFO       + Carbon 57 (B, SMGs, BO7)
2026-03-14 16:27:40  INFO       + M15 Mod 0 (B, Assault Rifles, BO7)
2026-03-14 16:27:40  INFO       + Maddox RFB (B, Assault Rifles, BO7)
2026-03-14 16:27:40  INFO       + XR-3 Ion (B, Sniper Rifles, BO7)
2026-03-14 16:27:40  INFO       + X9 Maverick (B, Assault Rifles, BO7)
2026-03-14 16:27:40  INFO       + Sokol 545 (B, LMGs, BO7)
2026-03-14 16:27:40  INFO       + Sturmwolf 45 (B, SMGs, BO7)
2026-03-14 16:27:40  INFO       + DS20 Mirage (B, Assault Rifles, BO7)
2026-03-14 16:27:40  INFO       + M8A1 (B, Marksman Rifles, BO7)
2026-03-14 16:27:40  INFO       + Victus XMR (B, , MW2)
2026-03-14 16:27:40  INFO       + MPC-25 (B, SMGs, BO7)
2026-03-14 16:27:40  INFO       Totaal: 25 wapens
2026-03-14 16:27:40  INFO         OK: 25 wapens
2026-03-14 16:27:40  INFO     
[2/4] WZHUB Meta scrapen (wzhub.gg)...
2026-03-14 16:27:40  INFO       Browser openen: https://wzhub.gg/loadouts
2026-03-14 16:28:12  WARNING    [FOUT] Playwright: Page.goto: Timeout 30000ms exceeded.
Call log:
  - navigating to "https://wzhub.gg/loadouts", waiting until "networkidle"

2026-03-14 16:28:12  INFO       Totaal: 0 wapens van wzhub.gg
2026-03-14 16:28:12  INFO         OK: 0 wapens
2026-03-14 16:28:12  INFO     
[3/4] RAW-data bouwen vanuit WZ Meta + WZHUB...
2026-03-14 16:28:12  INFO       [SKIP] HDR: geen cat/game info in WZ Meta
2026-03-14 16:28:12  INFO       [SKIP] Victus XMR: geen cat/game info in WZ Meta
2026-03-14 16:28:12  INFO       RAW gebouwd: 23 wapens over 1 games
2026-03-14 16:28:12  INFO     
[4/4] Warzone Playlists scrapen (wzhub.gg/playlist/wz)...
2026-03-14 16:28:12  INFO       Ophalen: https://wzhub.gg/playlist/wz
2026-03-14 16:28:12  INFO       + LOADED RESURGENCE (ltm=True, modes=1)
2026-03-14 16:28:12  INFO       + RESURGENCE CASUAL (ltm=False, modes=1)
2026-03-14 16:28:12  INFO       + BATTLE ROYALE CASUAL (ltm=False, modes=1)
2026-03-14 16:28:12  INFO       + BATTLE ROYALE (ltm=False, modes=4)
2026-03-14 16:28:12  INFO       + RESURGENCE (ltm=False, modes=3)
2026-03-14 16:28:12  INFO       Totaal: 5 playlists, seizoen: Season 2- 67%
      (18 days)
2026-03-14 16:28:12  INFO         OK: 5 playlists
2026-03-14 16:28:12  INFO     
[5/5] HTML updaten...
2026-03-14 16:28:12  INFO       [MIGRATIE] HTML succesvol bijgewerkt
2026-03-14 16:28:12  WARNING    [WAARSCHUWING] WZHUB leeg -- bestaande data behouden
2026-03-14 16:28:12  INFO         OK: Bijgewerkt op 14/03/2026 16:27
2026-03-14 16:28:12  INFO     
BuitKing's Loadouts bijgewerkt!
2026-03-14 16:28:12  INFO     =======================================================
2026-03-15 07:52:18  INFO     =======================================================
2026-03-15 07:52:18  INFO     BuitKing's Loadout Updater gestart (v8 - geen TeeP)
2026-03-15 07:52:18  INFO     Datum: 15/03/2026 07:52
2026-03-15 07:52:18  INFO     
[1/4] WZ Meta scrapen (warzoneloadout.games)...
2026-03-15 07:52:18  INFO       Ophalen: https://warzoneloadout.games/warzone-meta/
2026-03-15 07:52:22  INFO       + Voyak KT-3 (S, Assault Rifles, BO7)
2026-03-15 07:52:22  INFO       + Peacekeeper Mk1 (S, Assault Rifles, BO7)
2026-03-15 07:52:22  INFO       + Ryden 45K (S, SMGs, BO7)
2026-03-15 07:52:22  INFO       + Hawker HX (S, Sniper Rifles, BO7)
2026-03-15 07:52:22  INFO       + Razor 9mm (S, SMGs, BO7)
2026-03-15 07:52:22  INFO       + Kogot-7 (A, SMGs, BO7)
2026-03-15 07:52:22  INFO       + EGRT-17 (A, Assault Rifles, BO7)
2026-03-15 07:52:22  INFO       + MK.78 (A, LMGs, BO7)
2026-03-15 07:52:22  INFO       + REV-46 (A, SMGs, BO7)
2026-03-15 07:52:22  INFO       + AK-27 (A, Assault Rifles, BO7)
2026-03-15 07:52:22  INFO       + VS Recon (A, Sniper Rifles, BO7)
2026-03-15 07:52:22  INFO       + HDR (A, , BO6)
2026-03-15 07:52:22  INFO       + MXR-17 (B, Assault Rifles, BO7)
2026-03-15 07:52:22  INFO       + Dravec 45 (B, SMGs, BO7)
2026-03-15 07:52:22  INFO       + Carbon 57 (B, SMGs, BO7)
2026-03-15 07:52:22  INFO       + M15 Mod 0 (B, Assault Rifles, BO7)
2026-03-15 07:52:22  INFO       + Maddox RFB (B, Assault Rifles, BO7)
2026-03-15 07:52:22  INFO       + XR-3 Ion (B, Sniper Rifles, BO7)
2026-03-15 07:52:22  INFO       + X9 Maverick (B, Assault Rifles, BO7)
2026-03-15 07:52:22  INFO       + Sokol 545 (B, LMGs, BO7)
2026-03-15 07:52:22  INFO       + Sturmwolf 45 (B, SMGs, BO7)
2026-03-15 07:52:22  INFO       + DS20 Mirage (B, Assault Rifles, BO7)
2026-03-15 07:52:22  INFO       + M8A1 (B, Marksman Rifles, BO7)
2026-03-15 07:52:22  INFO       + Victus XMR (B, , MW2)
2026-03-15 07:52:22  INFO       + MPC-25 (B, SMGs, BO7)
2026-03-15 07:52:22  INFO       Totaal: 25 wapens
2026-03-15 07:52:22  INFO         OK: 25 wapens
2026-03-15 07:52:22  INFO     
[2/4] WZHUB Meta scrapen (wzhub.gg)...
2026-03-15 07:52:22  INFO       Browser openen: https://wzhub.gg/loadouts
2026-03-15 07:52:53  WARNING    [FOUT] Playwright: Page.goto: Timeout 30000ms exceeded.
Call log:
  - navigating to "https://wzhub.gg/loadouts", waiting until "networkidle"

2026-03-15 07:52:53  INFO       Totaal: 0 wapens van wzhub.gg
2026-03-15 07:52:53  INFO         OK: 0 wapens
2026-03-15 07:52:53  INFO     
[3/4] RAW-data bouwen vanuit WZ Meta + WZHUB...
2026-03-15 07:52:53  INFO       [SKIP] HDR: geen cat/game info in WZ Meta
2026-03-15 07:52:53  INFO       [SKIP] Victus XMR: geen cat/game info in WZ Meta
2026-03-15 07:52:53  INFO       RAW gebouwd: 23 wapens over 1 games
2026-03-15 07:52:53  INFO     
[4/4] Warzone Playlists scrapen (wzhub.gg/playlist/wz)...
2026-03-15 07:52:53  INFO       Ophalen: https://wzhub.gg/playlist/wz
2026-03-15 07:52:54  INFO       + LOADED RESURGENCE (ltm=True, modes=1)
2026-03-15 07:52:54  INFO       + RESURGENCE CASUAL (ltm=False, modes=1)
2026-03-15 07:52:54  INFO       + BATTLE ROYALE CASUAL (ltm=False, modes=1)
2026-03-15 07:52:54  INFO       + BATTLE ROYALE (ltm=False, modes=4)
2026-03-15 07:52:54  INFO       + RESURGENCE (ltm=False, modes=3)
2026-03-15 07:52:54  INFO       Totaal: 5 playlists, seizoen: Season 2- 68%
      (17 days)
2026-03-15 07:52:54  INFO         OK: 5 playlists
2026-03-15 07:52:54  INFO     
[5/5] HTML updaten...
2026-03-15 07:52:54  INFO       [MIGRATIE] HTML succesvol bijgewerkt
2026-03-15 07:52:54  WARNING    [WAARSCHUWING] WZHUB leeg -- bestaande data behouden
2026-03-15 07:52:54  INFO         OK: Bijgewerkt op 15/03/2026 07:52
2026-03-15 07:52:54  INFO     
BuitKing's Loadouts bijgewerkt!
2026-03-15 07:52:54  INFO     =======================================================
2026-03-16 08:40:42  INFO     =======================================================
2026-03-16 08:40:42  INFO     BuitKing's Loadout Updater gestart (v8 - geen TeeP)
2026-03-16 08:40:42  INFO     Datum: 16/03/2026 08:40
2026-03-16 08:40:42  INFO     
[1/4] WZ Meta scrapen (warzoneloadout.games)...
2026-03-16 08:40:42  INFO       Ophalen: https://warzoneloadout.games/warzone-meta/
2026-03-16 08:40:43  INFO       + Voyak KT-3 (S, Assault Rifles, BO7)
2026-03-16 08:40:43  INFO       + Peacekeeper Mk1 (S, Assault Rifles, BO7)
2026-03-16 08:40:43  INFO       + Ryden 45K (S, SMGs, BO7)
2026-03-16 08:40:43  INFO       + Hawker HX (S, Sniper Rifles, BO7)
2026-03-16 08:40:43  INFO       + Razor 9mm (S, SMGs, BO7)
2026-03-16 08:40:43  INFO       + Kogot-7 (A, SMGs, BO7)
2026-03-16 08:40:43  INFO       + EGRT-17 (A, Assault Rifles, BO7)
2026-03-16 08:40:43  INFO       + MK.78 (A, LMGs, BO7)
2026-03-16 08:40:43  INFO       + REV-46 (A, SMGs, BO7)
2026-03-16 08:40:43  INFO       + AK-27 (A, Assault Rifles, BO7)
2026-03-16 08:40:43  INFO       + VS Recon (A, Sniper Rifles, BO7)
2026-03-16 08:40:43  INFO       + HDR (A, , BO6)
2026-03-16 08:40:43  INFO       + MXR-17 (B, Assault Rifles, BO7)
2026-03-16 08:40:43  INFO       + Dravec 45 (B, SMGs, BO7)
2026-03-16 08:40:43  INFO       + Carbon 57 (B, SMGs, BO7)
2026-03-16 08:40:43  INFO       + M15 Mod 0 (B, Assault Rifles, BO7)
2026-03-16 08:40:43  INFO       + Maddox RFB (B, Assault Rifles, BO7)
2026-03-16 08:40:43  INFO       + XR-3 Ion (B, Sniper Rifles, BO7)
2026-03-16 08:40:43  INFO       + X9 Maverick (B, Assault Rifles, BO7)
2026-03-16 08:40:43  INFO       + Sokol 545 (B, LMGs, BO7)
2026-03-16 08:40:43  INFO       + Sturmwolf 45 (B, SMGs, BO7)
2026-03-16 08:40:43  INFO       + DS20 Mirage (B, Assault Rifles, BO7)
2026-03-16 08:40:43  INFO       + M8A1 (B, Marksman Rifles, BO7)
2026-03-16 08:40:43  INFO       + Victus XMR (B, , MW2)
2026-03-16 08:40:43  INFO       + MPC-25 (B, SMGs, BO7)
2026-03-16 08:40:44  INFO       Totaal: 25 wapens
2026-03-16 08:40:44  INFO         OK: 25 wapens
2026-03-16 08:40:44  INFO     
[2/4] WZHUB Meta scrapen (wzhub.gg)...
2026-03-16 08:40:44  INFO       Browser openen: https://wzhub.gg/loadouts
2026-03-16 08:41:15  WARNING    [FOUT] Playwright: Page.goto: Timeout 30000ms exceeded.
Call log:
  - navigating to "https://wzhub.gg/loadouts", waiting until "networkidle"

2026-03-16 08:41:15  INFO       Totaal: 0 wapens van wzhub.gg
2026-03-16 08:41:15  INFO         OK: 0 wapens
2026-03-16 08:41:15  INFO     
[3/4] RAW-data bouwen vanuit WZ Meta + WZHUB...
2026-03-16 08:41:15  INFO       [SKIP] HDR: geen cat/game info in WZ Meta
2026-03-16 08:41:15  INFO       [SKIP] Victus XMR: geen cat/game info in WZ Meta
2026-03-16 08:41:15  INFO       RAW gebouwd: 23 wapens over 1 games
2026-03-16 08:41:15  INFO     
[4/4] Warzone Playlists scrapen (wzhub.gg/playlist/wz)...
2026-03-16 08:41:15  INFO       Ophalen: https://wzhub.gg/playlist/wz
2026-03-16 08:41:15  INFO       + LOADED RESURGENCE (ltm=True, modes=1)
2026-03-16 08:41:15  INFO       + RESURGENCE CASUAL (ltm=False, modes=1)
2026-03-16 08:41:15  INFO       + BATTLE ROYALE CASUAL (ltm=False, modes=1)
2026-03-16 08:41:15  INFO       + BATTLE ROYALE (ltm=False, modes=4)
2026-03-16 08:41:15  INFO       + RESURGENCE (ltm=False, modes=3)
2026-03-16 08:41:15  INFO       Totaal: 5 playlists, seizoen: Season 2- 70%
      (16 days)
2026-03-16 08:41:15  INFO         OK: 5 playlists
2026-03-16 08:41:15  INFO     
[5/5] HTML updaten...
2026-03-16 08:41:15  INFO       [MIGRATIE] HTML succesvol bijgewerkt
2026-03-16 08:41:15  WARNING    [WAARSCHUWING] WZHUB leeg -- bestaande data behouden
2026-03-16 08:41:15  INFO         OK: Bijgewerkt op 16/03/2026 08:40
2026-03-16 08:41:15  INFO     
BuitKing's Loadouts bijgewerkt!
2026-03-16 08:41:15  INFO     =======================================================
2026-03-17 08:03:59  INFO     =======================================================
2026-03-17 08:03:59  INFO     BuitKing's Loadout Updater gestart (v8 - geen TeeP)
2026-03-17 08:03:59  INFO     Datum: 17/03/2026 08:03
2026-03-17 08:03:59  INFO     
[1/4] WZ Meta scrapen (warzoneloadout.games)...
2026-03-17 08:03:59  INFO       Ophalen: https://warzoneloadout.games/warzone-meta/
2026-03-17 08:04:00  INFO       + Voyak KT-3 (S, Assault Rifles, BO7)
2026-03-17 08:04:00  INFO       + Peacekeeper Mk1 (S, Assault Rifles, BO7)
2026-03-17 08:04:00  INFO       + Ryden 45K (S, SMGs, BO7)
2026-03-17 08:04:00  INFO       + Hawker HX (S, Sniper Rifles, BO7)
2026-03-17 08:04:00  INFO       + Razor 9mm (S, SMGs, BO7)
2026-03-17 08:04:00  INFO       + Kogot-7 (A, SMGs, BO7)
2026-03-17 08:04:00  INFO       + EGRT-17 (A, Assault Rifles, BO7)
2026-03-17 08:04:00  INFO       + MK.78 (A, LMGs, BO7)
2026-03-17 08:04:00  INFO       + REV-46 (A, SMGs, BO7)
2026-03-17 08:04:00  INFO       + AK-27 (A, Assault Rifles, BO7)
2026-03-17 08:04:00  INFO       + VS Recon (A, Sniper Rifles, BO7)
2026-03-17 08:04:00  INFO       + HDR (A, , BO6)
2026-03-17 08:04:00  INFO       + MXR-17 (B, Assault Rifles, BO7)
2026-03-17 08:04:00  INFO       + Dravec 45 (B, SMGs, BO7)
2026-03-17 08:04:00  INFO       + Carbon 57 (B, SMGs, BO7)
2026-03-17 08:04:00  INFO       + M15 Mod 0 (B, Assault Rifles, BO7)
2026-03-17 08:04:00  INFO       + Maddox RFB (B, Assault Rifles, BO7)
2026-03-17 08:04:00  INFO       + XR-3 Ion (B, Sniper Rifles, BO7)
2026-03-17 08:04:00  INFO       + X9 Maverick (B, Assault Rifles, BO7)
2026-03-17 08:04:00  INFO       + Sokol 545 (B, LMGs, BO7)
2026-03-17 08:04:00  INFO       + Sturmwolf 45 (B, SMGs, BO7)
2026-03-17 08:04:00  INFO       + DS20 Mirage (B, Assault Rifles, BO7)
2026-03-17 08:04:00  INFO       + M8A1 (B, Marksman Rifles, BO7)
2026-03-17 08:04:00  INFO       + Victus XMR (B, , MW2)
2026-03-17 08:04:00  INFO       + MPC-25 (B, SMGs, BO7)
2026-03-17 08:04:00  INFO       Totaal: 25 wapens
2026-03-17 08:04:00  INFO         OK: 25 wapens
2026-03-17 08:04:00  INFO     
[2/4] WZHUB Meta scrapen (wzhub.gg)...
2026-03-17 08:04:00  INFO       Browser openen: https://wzhub.gg/loadouts
2026-03-17 08:04:31  WARNING    [FOUT] Playwright: Page.goto: Timeout 30000ms exceeded.
Call log:
  - navigating to "https://wzhub.gg/loadouts", waiting until "networkidle"

2026-03-17 08:04:31  INFO       Totaal: 0 wapens van wzhub.gg
2026-03-17 08:04:31  INFO         OK: 0 wapens
2026-03-17 08:04:31  INFO     
[3/4] RAW-data bouwen vanuit WZ Meta + WZHUB...
2026-03-17 08:04:31  INFO       [SKIP] HDR: geen cat/game info in WZ Meta
2026-03-17 08:04:31  INFO       [SKIP] Victus XMR: geen cat/game info in WZ Meta
2026-03-17 08:04:31  INFO       RAW gebouwd: 23 wapens over 1 games
2026-03-17 08:04:31  INFO     
[4/4] Warzone Playlists scrapen (wzhub.gg/playlist/wz)...
2026-03-17 08:04:31  INFO       Ophalen: https://wzhub.gg/playlist/wz
2026-03-17 08:04:32  INFO       + LOADED RESURGENCE (ltm=True, modes=1)
2026-03-17 08:04:32  INFO       + RESURGENCE CASUAL (ltm=False, modes=1)
2026-03-17 08:04:32  INFO       + BATTLE ROYALE CASUAL (ltm=False, modes=1)
2026-03-17 08:04:32  INFO       + BATTLE ROYALE (ltm=False, modes=4)
2026-03-17 08:04:32  INFO       + RESURGENCE (ltm=False, modes=3)
2026-03-17 08:04:32  INFO       Totaal: 5 playlists, seizoen: Season 2- 72%
      (15 days)
2026-03-17 08:04:32  INFO         OK: 5 playlists
2026-03-17 08:04:32  INFO     
[5/5] HTML updaten...
2026-03-17 08:04:32  INFO       [MIGRATIE] HTML succesvol bijgewerkt
2026-03-17 08:04:32  WARNING    [WAARSCHUWING] WZHUB leeg -- bestaande data behouden
2026-03-17 08:04:32  INFO         OK: Bijgewerkt op 17/03/2026 08:03
2026-03-17 08:04:32  INFO     
BuitKing's Loadouts bijgewerkt!
2026-03-17 08:04:32  INFO     =======================================================
2026-03-18 08:01:11  INFO     =======================================================
2026-03-18 08:01:11  INFO     BuitKing's Loadout Updater gestart (v8 - geen TeeP)
2026-03-18 08:01:11  INFO     Datum: 18/03/2026 08:01
2026-03-18 08:01:11  INFO     
[1/4] WZ Meta scrapen (warzoneloadout.games)...
2026-03-18 08:01:11  INFO       Ophalen: https://warzoneloadout.games/warzone-meta/
2026-03-18 08:01:12  INFO       + Voyak KT-3 (S, Assault Rifles, BO7)
2026-03-18 08:01:12  INFO       + Peacekeeper Mk1 (S, Assault Rifles, BO7)
2026-03-18 08:01:12  INFO       + Ryden 45K (S, SMGs, BO7)
2026-03-18 08:01:12  INFO       + Hawker HX (S, Sniper Rifles, BO7)
2026-03-18 08:01:12  INFO       + Razor 9mm (S, SMGs, BO7)
2026-03-18 08:01:12  INFO       + Kogot-7 (A, SMGs, BO7)
2026-03-18 08:01:12  INFO       + EGRT-17 (A, Assault Rifles, BO7)
2026-03-18 08:01:12  INFO       + MK.78 (A, LMGs, BO7)
2026-03-18 08:01:12  INFO       + REV-46 (A, SMGs, BO7)
2026-03-18 08:01:12  INFO       + Swordfish A1 (A, Marksman Rifles, BO7)
2026-03-18 08:01:12  INFO       + AK-27 (A, Assault Rifles, BO7)
2026-03-18 08:01:12  INFO       + VS Recon (A, Sniper Rifles, BO7)
2026-03-18 08:01:12  INFO       + HDR (A, , BO6)
2026-03-18 08:01:12  INFO       + MXR-17 (B, Assault Rifles, BO7)
2026-03-18 08:01:12  INFO       + Dravec 45 (B, SMGs, BO7)
2026-03-18 08:01:12  INFO       + Carbon 57 (B, SMGs, BO7)
2026-03-18 08:01:12  INFO       + M15 Mod 0 (B, Assault Rifles, BO7)
2026-03-18 08:01:12  INFO       + Maddox RFB (B, Assault Rifles, BO7)
2026-03-18 08:01:12  INFO       + XR-3 Ion (B, Sniper Rifles, BO7)
2026-03-18 08:01:12  INFO       + X9 Maverick (B, Assault Rifles, BO7)
2026-03-18 08:01:12  INFO       + Sokol 545 (B, LMGs, BO7)
2026-03-18 08:01:12  INFO       + Sturmwolf 45 (B, SMGs, BO7)
2026-03-18 08:01:12  INFO       + DS20 Mirage (B, Assault Rifles, BO7)
2026-03-18 08:01:12  INFO       + M8A1 (B, Marksman Rifles, BO7)
2026-03-18 08:01:12  INFO       + Victus XMR (B, , MW2)
2026-03-18 08:01:12  INFO       + MPC-25 (B, SMGs, BO7)
2026-03-18 08:01:12  INFO       Totaal: 26 wapens
2026-03-18 08:01:12  INFO         OK: 26 wapens
2026-03-18 08:01:12  INFO     
[2/4] WZHUB Meta scrapen (wzhub.gg)...
2026-03-18 08:01:12  INFO       Browser openen: https://wzhub.gg/loadouts
2026-03-18 08:01:43  WARNING    [FOUT] Playwright: Page.goto: Timeout 30000ms exceeded.
Call log:
  - navigating to "https://wzhub.gg/loadouts", waiting until "networkidle"

2026-03-18 08:01:43  INFO       Totaal: 0 wapens van wzhub.gg
2026-03-18 08:01:43  INFO         OK: 0 wapens
2026-03-18 08:01:43  INFO     
[3/4] RAW-data bouwen vanuit WZ Meta + WZHUB...
2026-03-18 08:01:43  INFO       [SKIP] HDR: geen cat/game info in WZ Meta
2026-03-18 08:01:43  INFO       [SKIP] Victus XMR: geen cat/game info in WZ Meta
2026-03-18 08:01:43  INFO       RAW gebouwd: 24 wapens over 1 games
2026-03-18 08:01:43  INFO     
[4/4] Warzone Playlists scrapen (wzhub.gg/playlist/wz)...
2026-03-18 08:01:43  INFO       Ophalen: https://wzhub.gg/playlist/wz
2026-03-18 08:01:44  INFO       + LOADED RESURGENCE (ltm=True, modes=1)
2026-03-18 08:01:44  INFO       + RESURGENCE CASUAL (ltm=False, modes=1)
2026-03-18 08:01:44  INFO       + BATTLE ROYALE CASUAL (ltm=False, modes=1)
2026-03-18 08:01:44  INFO       + BATTLE ROYALE (ltm=False, modes=4)
2026-03-18 08:01:44  INFO       + RESURGENCE (ltm=False, modes=3)
2026-03-18 08:01:44  INFO       Totaal: 5 playlists, seizoen: Season 2- 74%
      (14 days)
2026-03-18 08:01:44  INFO         OK: 5 playlists
2026-03-18 08:01:44  INFO     
[5/5] HTML updaten...
2026-03-18 08:01:44  INFO       [MIGRATIE] HTML succesvol bijgewerkt
2026-03-18 08:01:44  WARNING    [WAARSCHUWING] WZHUB leeg -- bestaande data behouden
2026-03-18 08:01:44  INFO         OK: Bijgewerkt op 18/03/2026 08:01
2026-03-18 08:01:44  INFO     
BuitKing's Loadouts bijgewerkt!
2026-03-18 08:01:44  INFO     =======================================================
2026-03-19 07:54:20  INFO     =======================================================
2026-03-19 07:54:20  INFO     BuitKing's Loadout Updater gestart (v8 - geen TeeP)
2026-03-19 07:54:20  INFO     Datum: 19/03/2026 07:54
2026-03-19 07:54:20  INFO     
[1/4] WZ Meta scrapen (warzoneloadout.games)...
2026-03-19 07:54:20  INFO       Ophalen: https://warzoneloadout.games/warzone-meta/
2026-03-19 07:54:22  INFO       + Voyak KT-3 (S, Assault Rifles, BO7)
2026-03-19 07:54:22  INFO       + Peacekeeper Mk1 (S, Assault Rifles, BO7)
2026-03-19 07:54:22  INFO       + Ryden 45K (S, SMGs, BO7)
2026-03-19 07:54:22  INFO       + Hawker HX (S, Sniper Rifles, BO7)
2026-03-19 07:54:22  INFO       + Razor 9mm (S, SMGs, BO7)
2026-03-19 07:54:22  INFO       + Kogot-7 (A, SMGs, BO7)
2026-03-19 07:54:22  INFO       + EGRT-17 (A, Assault Rifles, BO7)
2026-03-19 07:54:22  INFO       + MK.78 (A, LMGs, BO7)
2026-03-19 07:54:22  INFO       + REV-46 (A, SMGs, BO7)
2026-03-19 07:54:22  INFO       + Swordfish A1 (A, Marksman Rifles, BO7)
2026-03-19 07:54:22  INFO       + AK-27 (A, Assault Rifles, BO7)
2026-03-19 07:54:22  INFO       + VS Recon (A, Sniper Rifles, BO7)
2026-03-19 07:54:22  INFO       + HDR (A, , BO6)
2026-03-19 07:54:22  INFO       + MXR-17 (B, Assault Rifles, BO7)
2026-03-19 07:54:22  INFO       + Dravec 45 (B, SMGs, BO7)
2026-03-19 07:54:22  INFO       + Carbon 57 (B, SMGs, BO7)
2026-03-19 07:54:22  INFO       + M15 Mod 0 (B, Assault Rifles, BO7)
2026-03-19 07:54:22  INFO       + Maddox RFB (B, Assault Rifles, BO7)
2026-03-19 07:54:22  INFO       + XR-3 Ion (B, Sniper Rifles, BO7)
2026-03-19 07:54:22  INFO       + X9 Maverick (B, Assault Rifles, BO7)
2026-03-19 07:54:22  INFO       + Sokol 545 (B, LMGs, BO7)
2026-03-19 07:54:22  INFO       + Sturmwolf 45 (B, SMGs, BO7)
2026-03-19 07:54:22  INFO       + DS20 Mirage (B, Assault Rifles, BO7)
2026-03-19 07:54:22  INFO       + M8A1 (B, Marksman Rifles, BO7)
2026-03-19 07:54:22  INFO       + Victus XMR (B, , MW2)
2026-03-19 07:54:22  INFO       + MPC-25 (B, SMGs, BO7)
2026-03-19 07:54:22  INFO       Totaal: 26 wapens
2026-03-19 07:54:22  INFO         OK: 26 wapens
2026-03-19 07:54:22  INFO     
[2/4] WZHUB Meta scrapen (wzhub.gg)...
2026-03-19 07:54:22  INFO       Browser openen: https://wzhub.gg/loadouts
2026-03-19 07:54:53  WARNING    [FOUT] Playwright: Page.goto: Timeout 30000ms exceeded.
Call log:
  - navigating to "https://wzhub.gg/loadouts", waiting until "networkidle"

2026-03-19 07:54:53  INFO       Totaal: 0 wapens van wzhub.gg
2026-03-19 07:54:53  INFO         OK: 0 wapens
2026-03-19 07:54:53  INFO     
[3/4] RAW-data bouwen vanuit WZ Meta + WZHUB...
2026-03-19 07:54:53  INFO       [SKIP] HDR: geen cat/game info in WZ Meta
2026-03-19 07:54:53  INFO       [SKIP] Victus XMR: geen cat/game info in WZ Meta
2026-03-19 07:54:53  INFO       RAW gebouwd: 24 wapens over 1 games
2026-03-19 07:54:53  INFO     
[4/4] Warzone Playlists scrapen (wzhub.gg/playlist/wz)...
2026-03-19 07:54:53  INFO       Ophalen: https://wzhub.gg/playlist/wz
2026-03-19 07:54:54  INFO       + LOADED RESURGENCE (ltm=True, modes=1)
2026-03-19 07:54:54  INFO       + RESURGENCE CASUAL (ltm=False, modes=1)
2026-03-19 07:54:54  INFO       + BATTLE ROYALE CASUAL (ltm=False, modes=1)
2026-03-19 07:54:54  INFO       + BATTLE ROYALE (ltm=False, modes=4)
2026-03-19 07:54:54  INFO       + RESURGENCE (ltm=False, modes=3)
2026-03-19 07:54:54  INFO       Totaal: 5 playlists, seizoen: Season 2- 76%
      (13 days)
2026-03-19 07:54:54  INFO         OK: 5 playlists
2026-03-19 07:54:54  INFO     
[5/5] HTML updaten...
2026-03-19 07:54:54  INFO       [MIGRATIE] HTML succesvol bijgewerkt
2026-03-19 07:54:54  WARNING    [WAARSCHUWING] WZHUB leeg -- bestaande data behouden
2026-03-19 07:54:54  INFO         OK: Bijgewerkt op 19/03/2026 07:54
2026-03-19 07:54:54  INFO     
BuitKing's Loadouts bijgewerkt!
2026-03-19 07:54:54  INFO     =======================================================
2026-03-20 07:53:39  INFO     =======================================================
2026-03-20 07:53:39  INFO     BuitKing's Loadout Updater gestart (v8 - geen TeeP)
2026-03-20 07:53:39  INFO     Datum: 20/03/2026 07:53
2026-03-20 07:53:39  INFO     
[1/4] WZ Meta scrapen (warzoneloadout.games)...
2026-03-20 07:53:39  INFO       Ophalen: https://warzoneloadout.games/warzone-meta/
2026-03-20 07:53:40  INFO       + Voyak KT-3 (S, Assault Rifles, BO7)
2026-03-20 07:53:40  INFO       + Peacekeeper Mk1 (S, Assault Rifles, BO7)
2026-03-20 07:53:40  INFO       + Ryden 45K (S, SMGs, BO7)
2026-03-20 07:53:40  INFO       + Hawker HX (S, Sniper Rifles, BO7)
2026-03-20 07:53:40  INFO       + Razor 9mm (S, SMGs, BO7)
2026-03-20 07:53:40  INFO       + Kogot-7 (A, SMGs, BO7)
2026-03-20 07:53:40  INFO       + EGRT-17 (A, Assault Rifles, BO7)
2026-03-20 07:53:40  INFO       + MK.78 (A, LMGs, BO7)
2026-03-20 07:53:40  INFO       + REV-46 (A, SMGs, BO7)
2026-03-20 07:53:40  INFO       + Swordfish A1 (A, Marksman Rifles, BO7)
2026-03-20 07:53:40  INFO       + AK-27 (A, Assault Rifles, BO7)
2026-03-20 07:53:40  INFO       + VS Recon (A, Sniper Rifles, BO7)
2026-03-20 07:53:40  INFO       + HDR (A, , BO6)
2026-03-20 07:53:40  INFO       + MXR-17 (B, Assault Rifles, BO7)
2026-03-20 07:53:40  INFO       + Dravec 45 (B, SMGs, BO7)
2026-03-20 07:53:40  INFO       + Carbon 57 (B, SMGs, BO7)
2026-03-20 07:53:40  INFO       + M15 Mod 0 (B, Assault Rifles, BO7)
2026-03-20 07:53:40  INFO       + Maddox RFB (B, Assault Rifles, BO7)
2026-03-20 07:53:40  INFO       + XR-3 Ion (B, Sniper Rifles, BO7)
2026-03-20 07:53:40  INFO       + X9 Maverick (B, Assault Rifles, BO7)
2026-03-20 07:53:40  INFO       + Sokol 545 (B, LMGs, BO7)
2026-03-20 07:53:40  INFO       + Sturmwolf 45 (B, SMGs, BO7)
2026-03-20 07:53:40  INFO       + DS20 Mirage (B, Assault Rifles, BO7)
2026-03-20 07:53:40  INFO       + M8A1 (B, Marksman Rifles, BO7)
2026-03-20 07:53:40  INFO       + Victus XMR (B, , MW2)
2026-03-20 07:53:40  INFO       + MPC-25 (B, SMGs, BO7)
2026-03-20 07:53:40  INFO       Totaal: 26 wapens
2026-03-20 07:53:40  INFO         OK: 26 wapens
2026-03-20 07:53:40  INFO     
[2/4] WZHUB Meta scrapen (wzhub.gg)...
2026-03-20 07:53:40  INFO       Browser openen: https://wzhub.gg/loadouts
2026-03-20 07:54:13  WARNING    [FOUT] Playwright: Page.goto: Timeout 30000ms exceeded.
Call log:
  - navigating to "https://wzhub.gg/loadouts", waiting until "networkidle"

2026-03-20 07:54:13  INFO       Totaal: 0 wapens van wzhub.gg
2026-03-20 07:54:13  INFO         OK: 0 wapens
2026-03-20 07:54:13  INFO     
[3/4] RAW-data bouwen vanuit WZ Meta + WZHUB...
2026-03-20 07:54:13  INFO       [SKIP] HDR: geen cat/game info in WZ Meta
2026-03-20 07:54:13  INFO       [SKIP] Victus XMR: geen cat/game info in WZ Meta
2026-03-20 07:54:13  INFO       RAW gebouwd: 24 wapens over 1 games
2026-03-20 07:54:13  INFO     
[4/4] Warzone Playlists scrapen (wzhub.gg/playlist/wz)...
2026-03-20 07:54:13  INFO       Ophalen: https://wzhub.gg/playlist/wz
2026-03-20 07:54:14  INFO       + LOADED RESURGENCE (ltm=True, modes=1)
2026-03-20 07:54:14  INFO       + RESURGENCE CASUAL (ltm=False, modes=1)
2026-03-20 07:54:14  INFO       + BATTLE ROYALE CASUAL (ltm=False, modes=1)
2026-03-20 07:54:14  INFO       + BATTLE ROYALE (ltm=False, modes=4)
2026-03-20 07:54:14  INFO       + RESURGENCE (ltm=False, modes=3)
2026-03-20 07:54:14  INFO       Totaal: 5 playlists, seizoen: Season 2- 78%
      (12 days)
2026-03-20 07:54:14  INFO         OK: 5 playlists
2026-03-20 07:54:14  INFO     
[5/5] HTML updaten...
2026-03-20 07:54:14  INFO       [MIGRATIE] HTML succesvol bijgewerkt
2026-03-20 07:54:14  WARNING    [WAARSCHUWING] WZHUB leeg -- bestaande data behouden
2026-03-20 07:54:14  INFO         OK: Bijgewerkt op 20/03/2026 07:53
2026-03-20 07:54:14  INFO     
BuitKing's Loadouts bijgewerkt!
2026-03-20 07:54:14  INFO     =======================================================
2026-03-21 07:23:40  INFO     =======================================================
2026-03-21 07:23:40  INFO     BuitKing's Loadout Updater gestart (v8 - geen TeeP)
2026-03-21 07:23:40  INFO     Datum: 21/03/2026 07:23
2026-03-21 07:23:40  INFO     
[1/4] WZ Meta scrapen (warzoneloadout.games)...
2026-03-21 07:23:40  INFO       Ophalen: https://warzoneloadout.games/warzone-meta/
2026-03-21 07:23:41  INFO       + Voyak KT-3 (S, Assault Rifles, BO7)
2026-03-21 07:23:41  INFO       + Razor 9mm (S, SMGs, BO7)
2026-03-21 07:23:41  INFO       + Hawker HX (S, Sniper Rifles, BO7)
2026-03-21 07:23:41  INFO       + Peacekeeper Mk1 (A, Assault Rifles, BO7)
2026-03-21 07:23:41  INFO       + Ryden 45K (A, SMGs, BO7)
2026-03-21 07:23:41  INFO       + Kogot-7 (A, SMGs, BO7)
2026-03-21 07:23:41  INFO       + EGRT-17 (A, Assault Rifles, BO7)
2026-03-21 07:23:41  INFO       + MK.78 (A, LMGs, BO7)
2026-03-21 07:23:41  INFO       + REV-46 (A, SMGs, BO7)
2026-03-21 07:23:41  INFO       + AK-27 (A, Assault Rifles, BO7)
2026-03-21 07:23:41  INFO       + VS Recon (A, Sniper Rifles, BO7)
2026-03-21 07:23:41  INFO       + HDR (A, , BO6)
2026-03-21 07:23:41  INFO       + MXR-17 (B, Assault Rifles, BO7)
2026-03-21 07:23:41  INFO       + Dravec 45 (B, SMGs, BO7)
2026-03-21 07:23:41  INFO       + Carbon 57 (B, SMGs, BO7)
2026-03-21 07:23:41  INFO       + M15 Mod 0 (B, Assault Rifles, BO7)
2026-03-21 07:23:41  INFO       + Maddox RFB (B, Assault Rifles, BO7)
2026-03-21 07:23:41  INFO       + XR-3 Ion (B, Sniper Rifles, BO7)
2026-03-21 07:23:41  INFO       + X9 Maverick (B, Assault Rifles, BO7)
2026-03-21 07:23:41  INFO       + Sokol 545 (B, LMGs, BO7)
2026-03-21 07:23:41  INFO       + Sturmwolf 45 (B, SMGs, BO7)
2026-03-21 07:23:41  INFO       + Swordfish A1 (B, Marksman Rifles, BO7)
2026-03-21 07:23:41  INFO       + DS20 Mirage (B, Assault Rifles, BO7)
2026-03-21 07:23:41  INFO       + M8A1 (B, Marksman Rifles, BO7)
2026-03-21 07:23:41  INFO       + Victus XMR (B, , MW2)
2026-03-21 07:23:41  INFO       + MPC-25 (B, SMGs, BO7)
2026-03-21 07:23:41  INFO       Totaal: 26 wapens
2026-03-21 07:23:41  INFO         OK: 26 wapens
2026-03-21 07:23:41  INFO     
[2/4] WZHUB Meta scrapen (wzhub.gg)...
2026-03-21 07:23:41  INFO       Browser openen: https://wzhub.gg/loadouts
2026-03-21 07:24:13  WARNING    [FOUT] Playwright: Page.goto: Timeout 30000ms exceeded.
Call log:
  - navigating to "https://wzhub.gg/loadouts", waiting until "networkidle"

2026-03-21 07:24:13  INFO       Totaal: 0 wapens van wzhub.gg
2026-03-21 07:24:13  INFO         OK: 0 wapens
2026-03-21 07:24:13  INFO     
[3/4] RAW-data bouwen vanuit WZ Meta + WZHUB...
2026-03-21 07:24:13  INFO       [SKIP] HDR: geen cat/game info in WZ Meta
2026-03-21 07:24:13  INFO       [SKIP] Victus XMR: geen cat/game info in WZ Meta
2026-03-21 07:24:13  INFO       RAW gebouwd: 24 wapens over 1 games
2026-03-21 07:24:13  INFO     
[4/4] Warzone Playlists scrapen (wzhub.gg/playlist/wz)...
2026-03-21 07:24:13  INFO       Ophalen: https://wzhub.gg/playlist/wz
2026-03-21 07:24:14  INFO       + LOADED RESURGENCE (ltm=True, modes=1)
2026-03-21 07:24:14  INFO       + RESURGENCE CASUAL (ltm=False, modes=1)
2026-03-21 07:24:14  INFO       + BATTLE ROYALE CASUAL (ltm=False, modes=1)
2026-03-21 07:24:14  INFO       + BATTLE ROYALE (ltm=False, modes=4)
2026-03-21 07:24:14  INFO       + RESURGENCE (ltm=False, modes=3)
2026-03-21 07:24:14  INFO       Totaal: 5 playlists, seizoen: Season 2- 79%
      (11 days)
2026-03-21 07:24:14  INFO         OK: 5 playlists
2026-03-21 07:24:14  INFO     
[5/5] HTML updaten...
2026-03-21 07:24:14  INFO       [MIGRATIE] HTML succesvol bijgewerkt
2026-03-21 07:24:14  WARNING    [WAARSCHUWING] WZHUB leeg -- bestaande data behouden
2026-03-21 07:24:14  INFO         OK: Bijgewerkt op 21/03/2026 07:23
2026-03-21 07:24:14  INFO     
BuitKing's Loadouts bijgewerkt!
2026-03-21 07:24:14  INFO     =======================================================
2026-03-22 07:30:02  INFO     =======================================================
2026-03-22 07:30:02  INFO     BuitKing's Loadout Updater gestart (v8 - geen TeeP)
2026-03-22 07:30:02  INFO     Datum: 22/03/2026 07:30
2026-03-22 07:30:02  INFO     
[1/4] WZ Meta scrapen (warzoneloadout.games)...
2026-03-22 07:30:02  INFO       Ophalen: https://warzoneloadout.games/warzone-meta/
2026-03-22 07:30:03  INFO       + Voyak KT-3 (S, Assault Rifles, BO7)
2026-03-22 07:30:03  INFO       + Razor 9mm (S, SMGs, BO7)
2026-03-22 07:30:03  INFO       + Hawker HX (S, Sniper Rifles, BO7)
2026-03-22 07:30:03  INFO       + Peacekeeper Mk1 (A, Assault Rifles, BO7)
2026-03-22 07:30:03  INFO       + Ryden 45K (A, SMGs, BO7)
2026-03-22 07:30:03  INFO       + Kogot-7 (A, SMGs, BO7)
2026-03-22 07:30:03  INFO       + EGRT-17 (A, Assault Rifles, BO7)
2026-03-22 07:30:03  INFO       + MK.78 (A, LMGs, BO7)
2026-03-22 07:30:03  INFO       + REV-46 (A, SMGs, BO7)
2026-03-22 07:30:03  INFO       + AK-27 (A, Assault Rifles, BO7)
2026-03-22 07:30:03  INFO       + VS Recon (A, Sniper Rifles, BO7)
2026-03-22 07:30:03  INFO       + HDR (A, , BO6)
2026-03-22 07:30:03  INFO       + MXR-17 (B, Assault Rifles, BO7)
2026-03-22 07:30:03  INFO       + Dravec 45 (B, SMGs, BO7)
2026-03-22 07:30:03  INFO       + Carbon 57 (B, SMGs, BO7)
2026-03-22 07:30:03  INFO       + M15 Mod 0 (B, Assault Rifles, BO7)
2026-03-22 07:30:03  INFO       + Maddox RFB (B, Assault Rifles, BO7)
2026-03-22 07:30:03  INFO       + XR-3 Ion (B, Sniper Rifles, BO7)
2026-03-22 07:30:03  INFO       + X9 Maverick (B, Assault Rifles, BO7)
2026-03-22 07:30:03  INFO       + Sokol 545 (B, LMGs, BO7)
2026-03-22 07:30:03  INFO       + Sturmwolf 45 (B, SMGs, BO7)
2026-03-22 07:30:03  INFO       + Swordfish A1 (B, Marksman Rifles, BO7)
2026-03-22 07:30:03  INFO       + DS20 Mirage (B, Assault Rifles, BO7)
2026-03-22 07:30:03  INFO       + M8A1 (B, Marksman Rifles, BO7)
2026-03-22 07:30:03  INFO       + Victus XMR (B, , MW2)
2026-03-22 07:30:03  INFO       + MPC-25 (B, SMGs, BO7)
2026-03-22 07:30:03  INFO       Totaal: 26 wapens
2026-03-22 07:30:03  INFO         OK: 26 wapens
2026-03-22 07:30:03  INFO     
[2/4] WZHUB Meta scrapen (wzhub.gg)...
2026-03-22 07:30:04  INFO       Browser openen: https://wzhub.gg/loadouts
2026-03-22 07:30:35  WARNING    [FOUT] Playwright: Page.goto: Timeout 30000ms exceeded.
Call log:
  - navigating to "https://wzhub.gg/loadouts", waiting until "networkidle"

2026-03-22 07:30:35  INFO       Totaal: 0 wapens van wzhub.gg
2026-03-22 07:30:35  INFO         OK: 0 wapens
2026-03-22 07:30:35  INFO     
[3/4] RAW-data bouwen vanuit WZ Meta + WZHUB...
2026-03-22 07:30:35  INFO       [SKIP] HDR: geen cat/game info in WZ Meta
2026-03-22 07:30:35  INFO       [SKIP] Victus XMR: geen cat/game info in WZ Meta
2026-03-22 07:30:35  INFO       RAW gebouwd: 24 wapens over 1 games
2026-03-22 07:30:35  INFO     
[4/4] Warzone Playlists scrapen (wzhub.gg/playlist/wz)...
2026-03-22 07:30:35  INFO       Ophalen: https://wzhub.gg/playlist/wz
2026-03-22 07:30:36  INFO       + LOADED RESURGENCE (ltm=True, modes=1)
2026-03-22 07:30:36  INFO       + RESURGENCE CASUAL (ltm=False, modes=1)
2026-03-22 07:30:36  INFO       + BATTLE ROYALE CASUAL (ltm=False, modes=1)
2026-03-22 07:30:36  INFO       + BATTLE ROYALE (ltm=False, modes=4)
2026-03-22 07:30:36  INFO       + RESURGENCE (ltm=False, modes=3)
2026-03-22 07:30:36  INFO       Totaal: 5 playlists, seizoen: Season 2- 81%
      (10 days)
2026-03-22 07:30:36  INFO         OK: 5 playlists
2026-03-22 07:30:36  INFO     
[5/5] HTML updaten...
2026-03-22 07:30:36  INFO       [MIGRATIE] HTML succesvol bijgewerkt
2026-03-22 07:30:36  WARNING    [WAARSCHUWING] WZHUB leeg -- bestaande data behouden
2026-03-22 07:30:36  INFO         OK: Bijgewerkt op 22/03/2026 07:30
2026-03-22 07:30:36  INFO     
BuitKing's Loadouts bijgewerkt!
2026-03-22 07:30:36  INFO     =======================================================
2026-03-23 08:11:09  INFO     =======================================================
2026-03-23 08:11:09  INFO     BuitKing's Loadout Updater gestart (v8 - geen TeeP)
2026-03-23 08:11:09  INFO     Datum: 23/03/2026 08:11
2026-03-23 08:11:09  INFO     
[1/4] WZ Meta scrapen (warzoneloadout.games)...
2026-03-23 08:11:09  INFO       Ophalen: https://warzoneloadout.games/warzone-meta/
2026-03-23 08:11:10  INFO       + Voyak KT-3 (S, Assault Rifles, BO7)
2026-03-23 08:11:10  INFO       + Razor 9mm (S, SMGs, BO7)
2026-03-23 08:11:10  INFO       + Hawker HX (S, Sniper Rifles, BO7)
2026-03-23 08:11:10  INFO       + Peacekeeper Mk1 (A, Assault Rifles, BO7)
2026-03-23 08:11:10  INFO       + Ryden 45K (A, SMGs, BO7)
2026-03-23 08:11:10  INFO       + Kogot-7 (A, SMGs, BO7)
2026-03-23 08:11:10  INFO       + EGRT-17 (A, Assault Rifles, BO7)
2026-03-23 08:11:10  INFO       + MK.78 (A, LMGs, BO7)
2026-03-23 08:11:10  INFO       + REV-46 (A, SMGs, BO7)
2026-03-23 08:11:10  INFO       + AK-27 (A, Assault Rifles, BO7)
2026-03-23 08:11:10  INFO       + VS Recon (A, Sniper Rifles, BO7)
2026-03-23 08:11:10  INFO       + HDR (A, , BO6)
2026-03-23 08:11:10  INFO       + MXR-17 (B, Assault Rifles, BO7)
2026-03-23 08:11:10  INFO       + Dravec 45 (B, SMGs, BO7)
2026-03-23 08:11:10  INFO       + Carbon 57 (B, SMGs, BO7)
2026-03-23 08:11:10  INFO       + M15 Mod 0 (B, Assault Rifles, BO7)
2026-03-23 08:11:10  INFO       + Maddox RFB (B, Assault Rifles, BO7)
2026-03-23 08:11:10  INFO       + XR-3 Ion (B, Sniper Rifles, BO7)
2026-03-23 08:11:10  INFO       + X9 Maverick (B, Assault Rifles, BO7)
2026-03-23 08:11:10  INFO       + Sokol 545 (B, LMGs, BO7)
2026-03-23 08:11:10  INFO       + Sturmwolf 45 (B, SMGs, BO7)
2026-03-23 08:11:10  INFO       + Swordfish A1 (B, Marksman Rifles, BO7)
2026-03-23 08:11:10  INFO       + DS20 Mirage (B, Assault Rifles, BO7)
2026-03-23 08:11:10  INFO       + M8A1 (B, Marksman Rifles, BO7)
2026-03-23 08:11:10  INFO       + Victus XMR (B, , MW2)
2026-03-23 08:11:10  INFO       + MPC-25 (B, SMGs, BO7)
2026-03-23 08:11:10  INFO       Totaal: 26 wapens
2026-03-23 08:11:10  INFO         OK: 26 wapens
2026-03-23 08:11:10  INFO     
[2/4] WZHUB Meta scrapen (wzhub.gg)...
2026-03-23 08:11:10  INFO       Browser openen: https://wzhub.gg/loadouts
2026-03-23 08:11:41  WARNING    [FOUT] Playwright: Page.goto: Timeout 30000ms exceeded.
Call log:
  - navigating to "https://wzhub.gg/loadouts", waiting until "networkidle"

2026-03-23 08:11:41  INFO       Totaal: 0 wapens van wzhub.gg
2026-03-23 08:11:41  INFO         OK: 0 wapens
2026-03-23 08:11:41  INFO     
[3/4] RAW-data bouwen vanuit WZ Meta + WZHUB...
2026-03-23 08:11:41  INFO       [SKIP] HDR: geen cat/game info in WZ Meta
2026-03-23 08:11:41  INFO       [SKIP] Victus XMR: geen cat/game info in WZ Meta
2026-03-23 08:11:41  INFO       RAW gebouwd: 24 wapens over 1 games
2026-03-23 08:11:41  INFO     
[4/4] Warzone Playlists scrapen (wzhub.gg/playlist/wz)...
2026-03-23 08:11:41  INFO       Ophalen: https://wzhub.gg/playlist/wz
2026-03-23 08:11:42  INFO       + LOADED RESURGENCE (ltm=True, modes=1)
2026-03-23 08:11:42  INFO       + RESURGENCE CASUAL (ltm=False, modes=1)
2026-03-23 08:11:42  INFO       + BATTLE ROYALE CASUAL (ltm=False, modes=1)
2026-03-23 08:11:42  INFO       + BATTLE ROYALE (ltm=False, modes=4)
2026-03-23 08:11:42  INFO       + RESURGENCE (ltm=False, modes=3)
2026-03-23 08:11:42  INFO       Totaal: 5 playlists, seizoen: Season 2- 83%
      (9 days)
2026-03-23 08:11:42  INFO         OK: 5 playlists
2026-03-23 08:11:42  INFO     
[5/5] HTML updaten...
2026-03-23 08:11:42  INFO       [MIGRATIE] HTML succesvol bijgewerkt
2026-03-23 08:11:42  WARNING    [WAARSCHUWING] WZHUB leeg -- bestaande data behouden
2026-03-23 08:11:42  INFO         OK: Bijgewerkt op 23/03/2026 08:11
2026-03-23 08:11:42  INFO     
BuitKing's Loadouts bijgewerkt!
2026-03-23 08:11:42  INFO     =======================================================
2026-03-24 08:03:48  INFO     =======================================================
2026-03-24 08:03:48  INFO     BuitKing's Loadout Updater gestart (v8 - geen TeeP)
2026-03-24 08:03:48  INFO     Datum: 24/03/2026 08:03
2026-03-24 08:03:48  INFO     
[1/4] WZ Meta scrapen (warzoneloadout.games)...
2026-03-24 08:03:48  INFO       Ophalen: https://warzoneloadout.games/warzone-meta/
2026-03-24 08:03:49  INFO       + Voyak KT-3 (S, Assault Rifles, BO7)
2026-03-24 08:03:49  INFO       + Razor 9mm (S, SMGs, BO7)
2026-03-24 08:03:49  INFO       + Hawker HX (S, Sniper Rifles, BO7)
2026-03-24 08:03:49  INFO       + Peacekeeper Mk1 (A, Assault Rifles, BO7)
2026-03-24 08:03:49  INFO       + Ryden 45K (A, SMGs, BO7)
2026-03-24 08:03:49  INFO       + Kogot-7 (A, SMGs, BO7)
2026-03-24 08:03:49  INFO       + EGRT-17 (A, Assault Rifles, BO7)
2026-03-24 08:03:49  INFO       + MK.78 (A, LMGs, BO7)
2026-03-24 08:03:49  INFO       + REV-46 (A, SMGs, BO7)
2026-03-24 08:03:49  INFO       + AK-27 (A, Assault Rifles, BO7)
2026-03-24 08:03:49  INFO       + VS Recon (A, Sniper Rifles, BO7)
2026-03-24 08:03:49  INFO       + HDR (A, , BO6)
2026-03-24 08:03:49  INFO       + MXR-17 (B, Assault Rifles, BO7)
2026-03-24 08:03:49  INFO       + Dravec 45 (B, SMGs, BO7)
2026-03-24 08:03:49  INFO       + Carbon 57 (B, SMGs, BO7)
2026-03-24 08:03:49  INFO       + M15 Mod 0 (B, Assault Rifles, BO7)
2026-03-24 08:03:49  INFO       + Maddox RFB (B, Assault Rifles, BO7)
2026-03-24 08:03:49  INFO       + XR-3 Ion (B, Sniper Rifles, BO7)
2026-03-24 08:03:49  INFO       + X9 Maverick (B, Assault Rifles, BO7)
2026-03-24 08:03:49  INFO       + Sokol 545 (B, LMGs, BO7)
2026-03-24 08:03:49  INFO       + Sturmwolf 45 (B, SMGs, BO7)
2026-03-24 08:03:49  INFO       + Swordfish A1 (B, Marksman Rifles, BO7)
2026-03-24 08:03:49  INFO       + DS20 Mirage (B, Assault Rifles, BO7)
2026-03-24 08:03:49  INFO       + M8A1 (B, Marksman Rifles, BO7)
2026-03-24 08:03:49  INFO       + Victus XMR (B, , MW2)
2026-03-24 08:03:49  INFO       + MPC-25 (B, SMGs, BO7)
2026-03-24 08:03:49  INFO       Totaal: 26 wapens
2026-03-24 08:03:49  INFO         OK: 26 wapens
2026-03-24 08:03:49  INFO     
[2/4] WZHUB Meta scrapen (wzhub.gg)...
2026-03-24 08:03:49  INFO       Browser openen: https://wzhub.gg/loadouts
2026-03-24 08:04:00  INFO       Pagina geladen — parsen...
2026-03-24 08:04:01  INFO       + Maddox Rfb (S, )
2026-03-24 08:04:01  INFO       + M8A1 (S, )
2026-03-24 08:04:01  INFO       + Rev-46 (S, )
2026-03-24 08:04:01  INFO       + Hawker Hx (S, )
2026-03-24 08:04:01  INFO       + Egrt-17 (A, )
2026-03-24 08:04:01  INFO       + Ds20 Mirage (A, )
2026-03-24 08:04:01  INFO       + Sturmwolf 45 (A, )
2026-03-24 08:04:01  INFO       + Sokol 545 (A, )
2026-03-24 08:04:01  INFO       + Mpc-25 (A, )
2026-03-24 08:04:01  INFO       + Kogot-7 (A, )
2026-03-24 08:04:01  INFO       + M15 Mod 0 (A, )
2026-03-24 08:04:01  INFO       + Vs Recon (A, )
2026-03-24 08:04:01  INFO       + Razor 9Mm (A, )
2026-03-24 08:04:01  INFO       + Mk.78 (A, )
2026-03-24 08:04:01  INFO       + Carbon 57 (A, )
2026-03-24 08:04:01  INFO       + Ak-27 (A, )
2026-03-24 08:04:01  INFO       + Xr-3 Ion (A, )
2026-03-24 08:04:01  INFO       Totaal: 17 wapens van wzhub.gg
2026-03-24 08:04:01  INFO         OK: 17 wapens
2026-03-24 08:04:01  INFO     
[3/4] RAW-data bouwen vanuit WZ Meta + WZHUB...
2026-03-24 08:04:01  INFO       [SKIP] HDR: geen cat/game info in WZ Meta
2026-03-24 08:04:01  INFO       [SKIP] Victus XMR: geen cat/game info in WZ Meta
2026-03-24 08:04:01  INFO       RAW gebouwd: 24 wapens over 1 games
2026-03-24 08:04:01  INFO     
[4/4] Warzone Playlists scrapen (wzhub.gg/playlist/wz)...
2026-03-24 08:04:01  INFO       Ophalen: https://wzhub.gg/playlist/wz
2026-03-24 08:04:01  INFO       + LOADED RESURGENCE (ltm=True, modes=1)
2026-03-24 08:04:01  INFO       + RESURGENCE CASUAL (ltm=False, modes=1)
2026-03-24 08:04:01  INFO       + BATTLE ROYALE CASUAL (ltm=False, modes=1)
2026-03-24 08:04:01  INFO       + BATTLE ROYALE (ltm=False, modes=4)
2026-03-24 08:04:01  INFO       + RESURGENCE (ltm=False, modes=3)
2026-03-24 08:04:01  INFO       Totaal: 5 playlists, seizoen: Season 2- 85%
      (8 days)
2026-03-24 08:04:01  INFO         OK: 5 playlists
2026-03-24 08:04:01  INFO     
[5/5] HTML updaten...
2026-03-24 08:04:01  INFO       [MIGRATIE] HTML succesvol bijgewerkt
2026-03-24 08:04:01  INFO         OK: Bijgewerkt op 24/03/2026 08:03
2026-03-24 08:04:01  INFO     
BuitKing's Loadouts bijgewerkt!
2026-03-24 08:04:01  INFO     =======================================================
2026-03-25 08:02:53  INFO     =======================================================
2026-03-25 08:02:53  INFO     BuitKing's Loadout Updater gestart (v8 - geen TeeP)
2026-03-25 08:02:53  INFO     Datum: 25/03/2026 08:02
2026-03-25 08:02:53  INFO     
[1/4] WZ Meta scrapen (warzoneloadout.games)...
2026-03-25 08:02:53  INFO       Ophalen: https://warzoneloadout.games/warzone-meta/
2026-03-25 08:02:54  INFO       + Voyak KT-3 (S, Assault Rifles, BO7)
2026-03-25 08:02:54  INFO       + Razor 9mm (S, SMGs, BO7)
2026-03-25 08:02:54  INFO       + Hawker HX (S, Sniper Rifles, BO7)
2026-03-25 08:02:54  INFO       + Dravec 45 (A, SMGs, BO7)
2026-03-25 08:02:54  INFO       + Ryden 45K (A, SMGs, BO7)
2026-03-25 08:02:54  INFO       + EGRT-17 (A, Assault Rifles, BO7)
2026-03-25 08:02:54  INFO       + Peacekeeper Mk1 (A, Assault Rifles, BO7)
2026-03-25 08:02:54  INFO       + Kogot-7 (A, SMGs, BO7)
2026-03-25 08:02:54  INFO       + MK.78 (A, LMGs, BO7)
2026-03-25 08:02:54  INFO       + REV-46 (A, SMGs, BO7)
2026-03-25 08:02:54  INFO       + AK-27 (A, Assault Rifles, BO7)
2026-03-25 08:02:54  INFO       + VS Recon (A, Sniper Rifles, BO7)
2026-03-25 08:02:54  INFO       + HDR (A, , BO6)
2026-03-25 08:02:54  INFO       + MXR-17 (B, Assault Rifles, BO7)
2026-03-25 08:02:54  INFO       + Carbon 57 (B, SMGs, BO7)
2026-03-25 08:02:54  INFO       + M15 Mod 0 (B, Assault Rifles, BO7)
2026-03-25 08:02:54  INFO       + XR-3 Ion (B, Sniper Rifles, BO7)
2026-03-25 08:02:54  INFO       + X9 Maverick (B, Assault Rifles, BO7)
2026-03-25 08:02:54  INFO       + Sokol 545 (B, LMGs, BO7)
2026-03-25 08:02:54  INFO       + Sturmwolf 45 (B, SMGs, BO7)
2026-03-25 08:02:54  INFO       + Swordfish A1 (B, Marksman Rifles, BO7)
2026-03-25 08:02:54  INFO       + DS20 Mirage (B, Assault Rifles, BO7)
2026-03-25 08:02:54  INFO       + M8A1 (B, Marksman Rifles, BO7)
2026-03-25 08:02:54  INFO       + Victus XMR (B, , MW2)
2026-03-25 08:02:54  INFO       + MPC-25 (B, SMGs, BO7)
2026-03-25 08:02:54  INFO       Totaal: 25 wapens
2026-03-25 08:02:54  INFO         OK: 25 wapens
2026-03-25 08:02:54  INFO     
[2/4] WZHUB Meta scrapen (wzhub.gg)...
2026-03-25 08:02:54  INFO       Browser openen: https://wzhub.gg/loadouts
2026-03-25 08:03:06  INFO       Pagina geladen — parsen...
2026-03-25 08:03:07  INFO       + Maddox Rfb (S, )
2026-03-25 08:03:07  INFO       + M8A1 (S, )
2026-03-25 08:03:07  INFO       + Rev-46 (S, )
2026-03-25 08:03:07  INFO       + Hawker Hx (S, )
2026-03-25 08:03:07  INFO       + Egrt-17 (A, )
2026-03-25 08:03:07  INFO       + Ds20 Mirage (A, )
2026-03-25 08:03:07  INFO       + Sturmwolf 45 (A, )
2026-03-25 08:03:07  INFO       + Sokol 545 (A, )
2026-03-25 08:03:07  INFO       + Mpc-25 (A, )
2026-03-25 08:03:07  INFO       + Kogot-7 (A, )
2026-03-25 08:03:07  INFO       + M15 Mod 0 (A, )
2026-03-25 08:03:07  INFO       + Vs Recon (A, )
2026-03-25 08:03:07  INFO       + Razor 9Mm (A, )
2026-03-25 08:03:07  INFO       + Mk.78 (A, )
2026-03-25 08:03:07  INFO       + Carbon 57 (A, )
2026-03-25 08:03:07  INFO       + Ak-27 (A, )
2026-03-25 08:03:07  INFO       + Xr-3 Ion (A, )
2026-03-25 08:03:07  INFO       Totaal: 17 wapens van wzhub.gg
2026-03-25 08:03:07  INFO         OK: 17 wapens
2026-03-25 08:03:07  INFO     
[3/4] RAW-data bouwen vanuit WZ Meta + WZHUB...
2026-03-25 08:03:07  INFO       [SKIP] HDR: geen cat/game info in WZ Meta
2026-03-25 08:03:07  INFO       [SKIP] Victus XMR: geen cat/game info in WZ Meta
2026-03-25 08:03:07  INFO       + WZHUB-only wapen: Maddox Rfb (Assault Rifles)
2026-03-25 08:03:07  INFO       RAW gebouwd: 24 wapens over 1 games
2026-03-25 08:03:07  INFO     
[4/4] Warzone Playlists scrapen (wzhub.gg/playlist/wz)...
2026-03-25 08:03:07  INFO       Ophalen: https://wzhub.gg/playlist/wz
2026-03-25 08:03:07  INFO       + LOADED RESURGENCE (ltm=True, modes=1)
2026-03-25 08:03:07  INFO       + RESURGENCE CASUAL (ltm=False, modes=1)
2026-03-25 08:03:07  INFO       + BATTLE ROYALE CASUAL (ltm=False, modes=1)
2026-03-25 08:03:07  INFO       + BATTLE ROYALE (ltm=False, modes=4)
2026-03-25 08:03:07  INFO       + RESURGENCE (ltm=False, modes=3)
2026-03-25 08:03:07  INFO       Totaal: 5 playlists, seizoen: Season 2- 87%
      (7 days)
2026-03-25 08:03:07  INFO         OK: 5 playlists
2026-03-25 08:03:07  INFO     
[5/5] HTML updaten...
2026-03-25 08:03:07  INFO       [MIGRATIE] HTML succesvol bijgewerkt
2026-03-25 08:03:07  INFO         OK: Bijgewerkt op 25/03/2026 08:02
2026-03-25 08:03:07  INFO     
BuitKing's Loadouts bijgewerkt!
2026-03-25 08:03:07  INFO     =======================================================
2026-03-26 08:10:16  INFO     =======================================================
2026-03-26 08:10:16  INFO     BuitKing's Loadout Updater gestart (v8 - geen TeeP)
2026-03-26 08:10:16  INFO     Datum: 26/03/2026 08:10
2026-03-26 08:10:16  INFO     
[1/4] WZ Meta scrapen (warzoneloadout.games)...
2026-03-26 08:10:16  INFO       Ophalen: https://warzoneloadout.games/warzone-meta/
2026-03-26 08:10:17  INFO       + Voyak KT-3 (S, Assault Rifles, BO7)
2026-03-26 08:10:17  INFO       + Dravec 45 (S, SMGs, BO7)
2026-03-26 08:10:17  INFO       + Hawker HX (S, Sniper Rifles, BO7)
2026-03-26 08:10:17  INFO       + Razor 9mm (S, SMGs, BO7)
2026-03-26 08:10:17  INFO       + Ryden 45K (A, SMGs, BO7)
2026-03-26 08:10:17  INFO       + EGRT-17 (A, Assault Rifles, BO7)
2026-03-26 08:10:17  INFO       + Peacekeeper Mk1 (A, Assault Rifles, BO7)
2026-03-26 08:10:17  INFO       + Kogot-7 (A, SMGs, BO7)
2026-03-26 08:10:17  INFO       + MK.78 (A, LMGs, BO7)
2026-03-26 08:10:17  INFO       + REV-46 (A, SMGs, BO7)
2026-03-26 08:10:17  INFO       + AK-27 (A, Assault Rifles, BO7)
2026-03-26 08:10:17  INFO       + VS Recon (A, Sniper Rifles, BO7)
2026-03-26 08:10:17  INFO       + HDR (A, , BO6)
2026-03-26 08:10:17  INFO       + MXR-17 (B, Assault Rifles, BO7)
2026-03-26 08:10:17  INFO       + Carbon 57 (B, SMGs, BO7)
2026-03-26 08:10:17  INFO       + M15 Mod 0 (B, Assault Rifles, BO7)
2026-03-26 08:10:17  INFO       + XR-3 Ion (B, Sniper Rifles, BO7)
2026-03-26 08:10:17  INFO       + X9 Maverick (B, Assault Rifles, BO7)
2026-03-26 08:10:17  INFO       + Sokol 545 (B, LMGs, BO7)
2026-03-26 08:10:17  INFO       + Sturmwolf 45 (B, SMGs, BO7)
2026-03-26 08:10:17  INFO       + Swordfish A1 (B, Marksman Rifles, BO7)
2026-03-26 08:10:17  INFO       + DS20 Mirage (B, Assault Rifles, BO7)
2026-03-26 08:10:17  INFO       + M8A1 (B, Marksman Rifles, BO7)
2026-03-26 08:10:17  INFO       + Victus XMR (B, , MW2)
2026-03-26 08:10:17  INFO       + MPC-25 (B, SMGs, BO7)
2026-03-26 08:10:17  INFO       Totaal: 25 wapens
2026-03-26 08:10:17  INFO         OK: 25 wapens
2026-03-26 08:10:17  INFO     
[2/4] WZHUB Meta scrapen (wzhub.gg)...
2026-03-26 08:10:17  INFO       Browser openen: https://wzhub.gg/loadouts
2026-03-26 08:10:48  WARNING    [FOUT] Playwright: Page.goto: Timeout 30000ms exceeded.
Call log:
  - navigating to "https://wzhub.gg/loadouts", waiting until "networkidle"

2026-03-26 08:10:48  INFO       Totaal: 0 wapens van wzhub.gg
2026-03-26 08:10:48  INFO         OK: 0 wapens
2026-03-26 08:10:48  INFO     
[3/4] RAW-data bouwen vanuit WZ Meta + WZHUB...
2026-03-26 08:10:48  INFO       [SKIP] HDR: geen cat/game info in WZ Meta
2026-03-26 08:10:48  INFO       [SKIP] Victus XMR: geen cat/game info in WZ Meta
2026-03-26 08:10:48  INFO       RAW gebouwd: 23 wapens over 1 games
2026-03-26 08:10:48  INFO     
[4/4] Warzone Playlists scrapen (wzhub.gg/playlist/wz)...
2026-03-26 08:10:48  INFO       Ophalen: https://wzhub.gg/playlist/wz
2026-03-26 08:10:48  INFO       + LOADED RESURGENCE (ltm=True, modes=1)
2026-03-26 08:10:48  INFO       + RESURGENCE CASUAL (ltm=False, modes=1)
2026-03-26 08:10:48  INFO       + BATTLE ROYALE CASUAL (ltm=False, modes=1)
2026-03-26 08:10:48  INFO       + BATTLE ROYALE (ltm=False, modes=4)
2026-03-26 08:10:48  INFO       + RESURGENCE (ltm=False, modes=3)
2026-03-26 08:10:48  INFO       Totaal: 5 playlists, seizoen: Season 2- 88%
      (6 days)
2026-03-26 08:10:48  INFO         OK: 5 playlists
2026-03-26 08:10:48  INFO     
[5/5] HTML updaten...
2026-03-26 08:10:48  INFO       [MIGRATIE] HTML succesvol bijgewerkt
2026-03-26 08:10:48  WARNING    [WAARSCHUWING] WZHUB leeg -- bestaande data behouden
2026-03-26 08:10:48  INFO         OK: Bijgewerkt op 26/03/2026 08:10
2026-03-26 08:10:48  INFO     
BuitKing's Loadouts bijgewerkt!
2026-03-26 08:10:48  INFO     =======================================================
2026-03-27 08:07:37  INFO     =======================================================
2026-03-27 08:07:37  INFO     BuitKing's Loadout Updater gestart (v8 - geen TeeP)
2026-03-27 08:07:37  INFO     Datum: 27/03/2026 08:07
2026-03-27 08:07:37  INFO     
[1/4] WZ Meta scrapen (warzoneloadout.games)...
2026-03-27 08:07:37  INFO       Ophalen: https://warzoneloadout.games/warzone-meta/
2026-03-27 08:07:41  INFO       + Voyak KT-3 (S, Assault Rifles, BO7)
2026-03-27 08:07:41  INFO       + Dravec 45 (S, SMGs, BO7)
2026-03-27 08:07:41  INFO       + Hawker HX (S, Sniper Rifles, BO7)
2026-03-27 08:07:41  INFO       + Razor 9mm (S, SMGs, BO7)
2026-03-27 08:07:41  INFO       + EGRT-17 (A, Assault Rifles, BO7)
2026-03-27 08:07:41  INFO       + Peacekeeper Mk1 (A, Assault Rifles, BO7)
2026-03-27 08:07:41  INFO       + Ryden 45K (A, SMGs, BO7)
2026-03-27 08:07:41  INFO       + MK.78 (A, LMGs, BO7)
2026-03-27 08:07:41  INFO       + VS Recon (A, Sniper Rifles, BO7)
2026-03-27 08:07:41  INFO       + Kogot-7 (A, SMGs, BO7)
2026-03-27 08:07:41  INFO       + HDR (A, , BO6)
2026-03-27 08:07:41  INFO       + MXR-17 (B, Assault Rifles, BO7)
2026-03-27 08:07:41  INFO       + AK-27 (B, Assault Rifles, BO7)
2026-03-27 08:07:41  INFO       + Carbon 57 (B, SMGs, BO7)
2026-03-27 08:07:41  INFO       + M15 Mod 0 (B, Assault Rifles, BO7)
2026-03-27 08:07:41  INFO       + XR-3 Ion (B, Sniper Rifles, BO7)
2026-03-27 08:07:41  INFO       + REV-46 (B, SMGs, BO7)
2026-03-27 08:07:41  INFO       + X9 Maverick (B, Assault Rifles, BO7)
2026-03-27 08:07:41  INFO       + Sokol 545 (B, LMGs, BO7)
2026-03-27 08:07:41  INFO       + Sturmwolf 45 (B, SMGs, BO7)
2026-03-27 08:07:41  INFO       + Swordfish A1 (B, Marksman Rifles, BO7)
2026-03-27 08:07:41  INFO       + TR2 (B, Marksman Rifles, BO6)
2026-03-27 08:07:41  INFO       + DS20 Mirage (B, Assault Rifles, BO7)
2026-03-27 08:07:41  INFO       + LC10 (B, SMGs, BO6)
2026-03-27 08:07:41  INFO       + Victus XMR (B, , MW2)
2026-03-27 08:07:41  INFO       + M8A1 (B, Marksman Rifles, BO7)
2026-03-27 08:07:41  INFO       Totaal: 26 wapens
2026-03-27 08:07:41  INFO         OK: 26 wapens
2026-03-27 08:07:41  INFO     
[2/4] WZHUB Meta scrapen (wzhub.gg)...
2026-03-27 08:07:41  INFO       Browser openen: https://wzhub.gg/loadouts
2026-03-27 08:08:12  WARNING    [FOUT] Playwright: Page.goto: Timeout 30000ms exceeded.
Call log:
  - navigating to "https://wzhub.gg/loadouts", waiting until "networkidle"

2026-03-27 08:08:12  INFO       Totaal: 0 wapens van wzhub.gg
2026-03-27 08:08:12  INFO         OK: 0 wapens
2026-03-27 08:08:12  INFO     
[3/4] RAW-data bouwen vanuit WZ Meta + WZHUB...
2026-03-27 08:08:12  INFO       [SKIP] HDR: geen cat/game info in WZ Meta
2026-03-27 08:08:12  INFO       [SKIP] Victus XMR: geen cat/game info in WZ Meta
2026-03-27 08:08:12  INFO       RAW gebouwd: 24 wapens over 2 games
2026-03-27 08:08:12  INFO     
[4/4] Warzone Playlists scrapen (wzhub.gg/playlist/wz)...
2026-03-27 08:08:12  INFO       Ophalen: https://wzhub.gg/playlist/wz
2026-03-27 08:08:12  INFO       + LOADED RESURGENCE (ltm=True, modes=1)
2026-03-27 08:08:12  INFO       + RESURGENCE CASUAL (ltm=False, modes=1)
2026-03-27 08:08:12  INFO       + BATTLE ROYALE CASUAL (ltm=False, modes=1)
2026-03-27 08:08:12  INFO       + BATTLE ROYALE (ltm=False, modes=4)
2026-03-27 08:08:12  INFO       + RESURGENCE (ltm=False, modes=3)
2026-03-27 08:08:12  INFO       Totaal: 5 playlists, seizoen: Season 2- 90%
      (5 days)
2026-03-27 08:08:12  INFO         OK: 5 playlists
2026-03-27 08:08:12  INFO     
[5/5] HTML updaten...
2026-03-27 08:08:12  INFO       [MIGRATIE] HTML succesvol bijgewerkt
2026-03-27 08:08:12  WARNING    [WAARSCHUWING] WZHUB leeg -- bestaande data behouden
2026-03-27 08:08:12  INFO         OK: Bijgewerkt op 27/03/2026 08:07
2026-03-27 08:08:12  INFO     
BuitKing's Loadouts bijgewerkt!
2026-03-27 08:08:12  INFO     =======================================================
2026-03-28 07:51:45  INFO     =======================================================
2026-03-28 07:51:45  INFO     BuitKing's Loadout Updater gestart (v8 - geen TeeP)
2026-03-28 07:51:45  INFO     Datum: 28/03/2026 07:51
2026-03-28 07:51:45  INFO     
[1/4] WZ Meta scrapen (warzoneloadout.games)...
2026-03-28 07:51:45  INFO       Ophalen: https://warzoneloadout.games/warzone-meta/
2026-03-28 07:51:49  INFO       + Voyak KT-3 (S, Assault Rifles, BO7)
2026-03-28 07:51:49  INFO       + Dravec 45 (S, SMGs, BO7)
2026-03-28 07:51:49  INFO       + Hawker HX (S, Sniper Rifles, BO7)
2026-03-28 07:51:49  INFO       + Razor 9mm (S, SMGs, BO7)
2026-03-28 07:51:49  INFO       + EGRT-17 (A, Assault Rifles, BO7)
2026-03-28 07:51:49  INFO       + Peacekeeper Mk1 (A, Assault Rifles, BO7)
2026-03-28 07:51:49  INFO       + Ryden 45K (A, SMGs, BO7)
2026-03-28 07:51:49  INFO       + MK.78 (A, LMGs, BO7)
2026-03-28 07:51:49  INFO       + VS Recon (A, Sniper Rifles, BO7)
2026-03-28 07:51:49  INFO       + Kogot-7 (A, SMGs, BO7)
2026-03-28 07:51:49  INFO       + HDR (A, , BO6)
2026-03-28 07:51:49  INFO       + MXR-17 (B, Assault Rifles, BO7)
2026-03-28 07:51:49  INFO       + AK-27 (B, Assault Rifles, BO7)
2026-03-28 07:51:49  INFO       + Carbon 57 (B, SMGs, BO7)
2026-03-28 07:51:49  INFO       + M15 Mod 0 (B, Assault Rifles, BO7)
2026-03-28 07:51:49  INFO       + XR-3 Ion (B, Sniper Rifles, BO7)
2026-03-28 07:51:49  INFO       + REV-46 (B, SMGs, BO7)
2026-03-28 07:51:49  INFO       + X9 Maverick (B, Assault Rifles, BO7)
2026-03-28 07:51:49  INFO       + Sokol 545 (B, LMGs, BO7)
2026-03-28 07:51:49  INFO       + Sturmwolf 45 (B, SMGs, BO7)
2026-03-28 07:51:49  INFO       + Swordfish A1 (B, Marksman Rifles, BO7)
2026-03-28 07:51:49  INFO       + TR2 (B, Marksman Rifles, BO6)
2026-03-28 07:51:49  INFO       + DS20 Mirage (B, Assault Rifles, BO7)
2026-03-28 07:51:49  INFO       + LC10 (B, SMGs, BO6)
2026-03-28 07:51:49  INFO       + Victus XMR (B, , MW2)
2026-03-28 07:51:49  INFO       + M8A1 (B, Marksman Rifles, BO7)
2026-03-28 07:51:49  INFO       Totaal: 26 wapens
2026-03-28 07:51:49  INFO         OK: 26 wapens
2026-03-28 07:51:49  INFO     
[2/4] WZHUB Meta scrapen (wzhub.gg)...
2026-03-28 07:51:49  INFO       Browser openen: https://wzhub.gg/loadouts
2026-03-28 07:52:21  WARNING    [FOUT] Playwright: Page.goto: Timeout 30000ms exceeded.
Call log:
  - navigating to "https://wzhub.gg/loadouts", waiting until "networkidle"

2026-03-28 07:52:21  INFO       Totaal: 0 wapens van wzhub.gg
2026-03-28 07:52:21  INFO         OK: 0 wapens
2026-03-28 07:52:21  INFO     
[3/4] RAW-data bouwen vanuit WZ Meta + WZHUB...
2026-03-28 07:52:21  INFO       [SKIP] HDR: geen cat/game info in WZ Meta
2026-03-28 07:52:21  INFO       [SKIP] Victus XMR: geen cat/game info in WZ Meta
2026-03-28 07:52:21  INFO       RAW gebouwd: 24 wapens over 2 games
2026-03-28 07:52:21  INFO     
[4/4] Warzone Playlists scrapen (wzhub.gg/playlist/wz)...
2026-03-28 07:52:21  INFO       Ophalen: https://wzhub.gg/playlist/wz
2026-03-28 07:52:22  INFO       + LOADED RESURGENCE (ltm=True, modes=1)
2026-03-28 07:52:22  INFO       + RESURGENCE CASUAL (ltm=False, modes=1)
2026-03-28 07:52:22  INFO       + BATTLE ROYALE CASUAL (ltm=False, modes=1)
2026-03-28 07:52:22  INFO       + BATTLE ROYALE (ltm=False, modes=4)
2026-03-28 07:52:22  INFO       + RESURGENCE (ltm=False, modes=3)
2026-03-28 07:52:22  INFO       Totaal: 5 playlists, seizoen: Season 2- 92%
      (4 days)
2026-03-28 07:52:22  INFO         OK: 5 playlists
2026-03-28 07:52:22  INFO     
[5/5] HTML updaten...
2026-03-28 07:52:22  INFO       [MIGRATIE] HTML succesvol bijgewerkt
2026-03-28 07:52:22  WARNING    [WAARSCHUWING] WZHUB leeg -- bestaande data behouden
2026-03-28 07:52:22  INFO         OK: Bijgewerkt op 28/03/2026 07:51
2026-03-28 07:52:22  INFO     
BuitKing's Loadouts bijgewerkt!
2026-03-28 07:52:22  INFO     =======================================================
2026-03-29 07:58:39  INFO     =======================================================
2026-03-29 07:58:39  INFO     BuitKing's Loadout Updater gestart (v8 - geen TeeP)
2026-03-29 07:58:39  INFO     Datum: 29/03/2026 07:58
2026-03-29 07:58:39  INFO     
[1/4] WZ Meta scrapen (warzoneloadout.games)...
2026-03-29 07:58:39  INFO       Ophalen: https://warzoneloadout.games/warzone-meta/
2026-03-29 07:58:39  INFO       + Voyak KT-3 (S, Assault Rifles, BO7)
2026-03-29 07:58:39  INFO       + Razor 9mm (S, SMGs, BO7)
2026-03-29 07:58:39  INFO       + Hawker HX (S, Sniper Rifles, BO7)
2026-03-29 07:58:39  INFO       + Dravec 45 (S, SMGs, BO7)
2026-03-29 07:58:39  INFO       + EGRT-17 (A, Assault Rifles, BO7)
2026-03-29 07:58:39  INFO       + Peacekeeper Mk1 (A, Assault Rifles, BO7)
2026-03-29 07:58:39  INFO       + Ryden 45K (A, SMGs, BO7)
2026-03-29 07:58:39  INFO       + MK.78 (A, LMGs, BO7)
2026-03-29 07:58:39  INFO       + VS Recon (A, Sniper Rifles, BO7)
2026-03-29 07:58:39  INFO       + Kogot-7 (A, SMGs, BO7)
2026-03-29 07:58:39  INFO       + HDR (A, , BO6)
2026-03-29 07:58:39  INFO       + MXR-17 (B, Assault Rifles, BO7)
2026-03-29 07:58:39  INFO       + AK-27 (B, Assault Rifles, BO7)
2026-03-29 07:58:39  INFO       + Carbon 57 (B, SMGs, BO7)
2026-03-29 07:58:39  INFO       + M15 Mod 0 (B, Assault Rifles, BO7)
2026-03-29 07:58:39  INFO       + XR-3 Ion (B, Sniper Rifles, BO7)
2026-03-29 07:58:39  INFO       + REV-46 (B, SMGs, BO7)
2026-03-29 07:58:39  INFO       + X9 Maverick (B, Assault Rifles, BO7)
2026-03-29 07:58:39  INFO       + Sokol 545 (B, LMGs, BO7)
2026-03-29 07:58:39  INFO       + Sturmwolf 45 (B, SMGs, BO7)
2026-03-29 07:58:39  INFO       + Swordfish A1 (B, Marksman Rifles, BO7)
2026-03-29 07:58:39  INFO       + TR2 (B, Marksman Rifles, BO6)
2026-03-29 07:58:39  INFO       + DS20 Mirage (B, Assault Rifles, BO7)
2026-03-29 07:58:39  INFO       + LC10 (B, SMGs, BO6)
2026-03-29 07:58:39  INFO       + Victus XMR (B, , MW2)
2026-03-29 07:58:39  INFO       + M8A1 (B, Marksman Rifles, BO7)
2026-03-29 07:58:39  INFO       Totaal: 26 wapens
2026-03-29 07:58:39  INFO         OK: 26 wapens
2026-03-29 07:58:39  INFO     
[2/4] WZHUB Meta scrapen (wzhub.gg)...
2026-03-29 07:58:39  INFO       Browser openen: https://wzhub.gg/loadouts
2026-03-29 07:58:42  INFO       Pagina geladen — parsen...
2026-03-29 07:58:42  INFO       + Maddox Rfb (S, )
2026-03-29 07:58:42  INFO       + M8A1 (S, )
2026-03-29 07:58:42  INFO       + Rev-46 (S, )
2026-03-29 07:58:42  INFO       + Hawker Hx (S, )
2026-03-29 07:58:42  INFO       + Egrt-17 (A, )
2026-03-29 07:58:42  INFO       + Ds20 Mirage (A, )
2026-03-29 07:58:42  INFO       + Sturmwolf 45 (A, )
2026-03-29 07:58:42  INFO       + Sokol 545 (A, )
2026-03-29 07:58:42  INFO       + Mpc-25 (A, )
2026-03-29 07:58:42  INFO       + Kogot-7 (A, )
2026-03-29 07:58:42  INFO       + M15 Mod 0 (A, )
2026-03-29 07:58:42  INFO       + Vs Recon (A, )
2026-03-29 07:58:42  INFO       + Razor 9Mm (A, )
2026-03-29 07:58:42  INFO       + Mk.78 (A, )
2026-03-29 07:58:42  INFO       + Carbon 57 (A, )
2026-03-29 07:58:42  INFO       + Ak-27 (A, )
2026-03-29 07:58:42  INFO       + Xr-3 Ion (A, )
2026-03-29 07:58:42  INFO       Totaal: 17 wapens van wzhub.gg
2026-03-29 07:58:42  INFO         OK: 17 wapens
2026-03-29 07:58:42  INFO     
[3/4] RAW-data bouwen vanuit WZ Meta + WZHUB...
2026-03-29 07:58:42  INFO       [SKIP] HDR: geen cat/game info in WZ Meta
2026-03-29 07:58:42  INFO       [SKIP] Victus XMR: geen cat/game info in WZ Meta
2026-03-29 07:58:42  INFO       + WZHUB-only wapen: Maddox Rfb (Assault Rifles)
2026-03-29 07:58:42  INFO       + WZHUB-only wapen: Mpc-25 (SMGs)
2026-03-29 07:58:42  INFO       RAW gebouwd: 26 wapens over 2 games
2026-03-29 07:58:42  INFO     
[4/4] Warzone Playlists scrapen (wzhub.gg/playlist/wz)...
2026-03-29 07:58:42  INFO       Ophalen: https://wzhub.gg/playlist/wz
2026-03-29 07:58:42  INFO       + LOADED RESURGENCE (ltm=True, modes=1)
2026-03-29 07:58:42  INFO       + RESURGENCE CASUAL (ltm=False, modes=1)
2026-03-29 07:58:42  INFO       + BATTLE ROYALE CASUAL (ltm=False, modes=1)
2026-03-29 07:58:42  INFO       + BATTLE ROYALE (ltm=False, modes=4)
2026-03-29 07:58:42  INFO       + RESURGENCE (ltm=False, modes=3)
2026-03-29 07:58:42  INFO       Totaal: 5 playlists, seizoen: Season 2- 94%
      (3 days)
2026-03-29 07:58:42  INFO         OK: 5 playlists
2026-03-29 07:58:42  INFO     
[5/5] HTML updaten...
2026-03-29 07:58:42  INFO       [MIGRATIE] HTML succesvol bijgewerkt
2026-03-29 07:58:42  INFO         OK: Bijgewerkt op 29/03/2026 07:58
2026-03-29 07:58:42  INFO     
BuitKing's Loadouts bijgewerkt!
2026-03-29 07:58:42  INFO     =======================================================
2026-03-30 10:01:16  INFO     =======================================================
2026-03-30 10:01:16  INFO     BuitKing's Loadout Updater gestart (v8 - geen TeeP)
2026-03-30 10:01:16  INFO     Datum: 30/03/2026 10:01
2026-03-30 10:01:16  INFO     
[1/4] WZ Meta scrapen (warzoneloadout.games)...
2026-03-30 10:01:16  INFO       Ophalen: https://warzoneloadout.games/warzone-meta/
2026-03-30 10:01:17  INFO       + Voyak KT-3 (S, Assault Rifles, BO7)
2026-03-30 10:01:17  INFO       + Razor 9mm (S, SMGs, BO7)
2026-03-30 10:01:17  INFO       + Hawker HX (S, Sniper Rifles, BO7)
2026-03-30 10:01:17  INFO       + Dravec 45 (S, SMGs, BO7)
2026-03-30 10:01:17  INFO       + EGRT-17 (A, Assault Rifles, BO7)
2026-03-30 10:01:17  INFO       + Peacekeeper Mk1 (A, Assault Rifles, BO7)
2026-03-30 10:01:17  INFO       + Ryden 45K (A, SMGs, BO7)
2026-03-30 10:01:17  INFO       + MK.78 (A, LMGs, BO7)
2026-03-30 10:01:17  INFO       + VS Recon (A, Sniper Rifles, BO7)
2026-03-30 10:01:17  INFO       + Kogot-7 (A, SMGs, BO7)
2026-03-30 10:01:17  INFO       + HDR (A, , BO6)
2026-03-30 10:01:17  INFO       + MXR-17 (B, Assault Rifles, BO7)
2026-03-30 10:01:17  INFO       + AK-27 (B, Assault Rifles, BO7)
2026-03-30 10:01:17  INFO       + Carbon 57 (B, SMGs, BO7)
2026-03-30 10:01:17  INFO       + M15 Mod 0 (B, Assault Rifles, BO7)
2026-03-30 10:01:17  INFO       + XR-3 Ion (B, Sniper Rifles, BO7)
2026-03-30 10:01:17  INFO       + REV-46 (B, SMGs, BO7)
2026-03-30 10:01:17  INFO       + X9 Maverick (B, Assault Rifles, BO7)
2026-03-30 10:01:17  INFO       + Sokol 545 (B, LMGs, BO7)
2026-03-30 10:01:17  INFO       + Sturmwolf 45 (B, SMGs, BO7)
2026-03-30 10:01:17  INFO       + Swordfish A1 (B, Marksman Rifles, BO7)
2026-03-30 10:01:17  INFO       + TR2 (B, Marksman Rifles, BO6)
2026-03-30 10:01:17  INFO       + DS20 Mirage (B, Assault Rifles, BO7)
2026-03-30 10:01:17  INFO       + LC10 (B, SMGs, BO6)
2026-03-30 10:01:17  INFO       + Victus XMR (B, , MW2)
2026-03-30 10:01:17  INFO       + M8A1 (B, Marksman Rifles, BO7)
2026-03-30 10:01:17  INFO       Totaal: 26 wapens
2026-03-30 10:01:17  INFO         OK: 26 wapens
2026-03-30 10:01:17  INFO     
[2/4] WZHUB Meta scrapen (wzhub.gg)...
2026-03-30 10:01:17  INFO       Browser openen: https://wzhub.gg/loadouts
2026-03-30 10:01:50  WARNING    [FOUT] Playwright: Page.goto: Timeout 30000ms exceeded.
Call log:
  - navigating to "https://wzhub.gg/loadouts", waiting until "networkidle"

2026-03-30 10:01:50  INFO       Totaal: 0 wapens van wzhub.gg
2026-03-30 10:01:50  INFO         OK: 0 wapens
2026-03-30 10:01:50  INFO     
[3/4] RAW-data bouwen vanuit WZ Meta + WZHUB...
2026-03-30 10:01:50  INFO       [SKIP] HDR: geen cat/game info in WZ Meta
2026-03-30 10:01:50  INFO       [SKIP] Victus XMR: geen cat/game info in WZ Meta
2026-03-30 10:01:50  INFO       RAW gebouwd: 24 wapens over 2 games
2026-03-30 10:01:50  INFO     
[4/4] Warzone Playlists scrapen (wzhub.gg/playlist/wz)...
2026-03-30 10:01:50  INFO       Ophalen: https://wzhub.gg/playlist/wz
2026-03-30 10:01:50  INFO       + LOADED RESURGENCE (ltm=True, modes=1)
2026-03-30 10:01:50  INFO       + RESURGENCE CASUAL (ltm=False, modes=1)
2026-03-30 10:01:50  INFO       + BATTLE ROYALE CASUAL (ltm=False, modes=1)
2026-03-30 10:01:50  INFO       + BATTLE ROYALE (ltm=False, modes=4)
2026-03-30 10:01:50  INFO       + RESURGENCE (ltm=False, modes=3)
2026-03-30 10:01:50  INFO       Totaal: 5 playlists, seizoen: Season 2- 96%
      (2 days)
2026-03-30 10:01:50  INFO         OK: 5 playlists
2026-03-30 10:01:50  INFO     
[5/5] HTML updaten...
2026-03-30 10:01:50  INFO       [MIGRATIE] HTML succesvol bijgewerkt
2026-03-30 10:01:50  WARNING    [WAARSCHUWING] WZHUB leeg -- bestaande data behouden
2026-03-30 10:01:50  INFO         OK: Bijgewerkt op 30/03/2026 10:01
2026-03-30 10:01:50  INFO     
BuitKing's Loadouts bijgewerkt!
2026-03-30 10:01:50  INFO     =======================================================
2026-03-31 08:43:10  INFO     =======================================================
2026-03-31 08:43:10  INFO     BuitKing's Loadout Updater gestart (v8 - geen TeeP)
2026-03-31 08:43:10  INFO     Datum: 31/03/2026 08:43
2026-03-31 08:43:10  INFO     
[1/4] WZ Meta scrapen (warzoneloadout.games)...
2026-03-31 08:43:10  INFO       Ophalen: https://warzoneloadout.games/warzone-meta/
2026-03-31 08:43:11  INFO       + Voyak KT-3 (S, Assault Rifles, BO7)
2026-03-31 08:43:11  INFO       + Razor 9mm (S, SMGs, BO7)
2026-03-31 08:43:11  INFO       + Hawker HX (S, Sniper Rifles, BO7)
2026-03-31 08:43:11  INFO       + Dravec 45 (S, SMGs, BO7)
2026-03-31 08:43:11  INFO       + EGRT-17 (A, Assault Rifles, BO7)
2026-03-31 08:43:11  INFO       + Peacekeeper Mk1 (A, Assault Rifles, BO7)
2026-03-31 08:43:11  INFO       + Ryden 45K (A, SMGs, BO7)
2026-03-31 08:43:11  INFO       + MK.78 (A, LMGs, BO7)
2026-03-31 08:43:11  INFO       + VS Recon (A, Sniper Rifles, BO7)
2026-03-31 08:43:11  INFO       + Kogot-7 (A, SMGs, BO7)
2026-03-31 08:43:11  INFO       + HDR (A, , BO6)
2026-03-31 08:43:11  INFO       + MXR-17 (B, Assault Rifles, BO7)
2026-03-31 08:43:11  INFO       + AK-27 (B, Assault Rifles, BO7)
2026-03-31 08:43:11  INFO       + Carbon 57 (B, SMGs, BO7)
2026-03-31 08:43:11  INFO       + M15 Mod 0 (B, Assault Rifles, BO7)
2026-03-31 08:43:11  INFO       + XR-3 Ion (B, Sniper Rifles, BO7)
2026-03-31 08:43:11  INFO       + REV-46 (B, SMGs, BO7)
2026-03-31 08:43:11  INFO       + X9 Maverick (B, Assault Rifles, BO7)
2026-03-31 08:43:11  INFO       + Sokol 545 (B, LMGs, BO7)
2026-03-31 08:43:11  INFO       + Sturmwolf 45 (B, SMGs, BO7)
2026-03-31 08:43:11  INFO       + Swordfish A1 (B, Marksman Rifles, BO7)
2026-03-31 08:43:11  INFO       + TR2 (B, Marksman Rifles, BO6)
2026-03-31 08:43:11  INFO       + DS20 Mirage (B, Assault Rifles, BO7)
2026-03-31 08:43:11  INFO       + LC10 (B, SMGs, BO6)
2026-03-31 08:43:11  INFO       + Victus XMR (B, , MW2)
2026-03-31 08:43:11  INFO       + M8A1 (B, Marksman Rifles, BO7)
2026-03-31 08:43:11  INFO       Totaal: 26 wapens
2026-03-31 08:43:11  INFO         OK: 26 wapens
2026-03-31 08:43:11  INFO     
[2/4] WZHUB Meta scrapen (wzhub.gg)...
2026-03-31 08:43:11  INFO       Browser openen: https://wzhub.gg/loadouts
2026-03-31 08:43:43  WARNING    [FOUT] Playwright: Page.goto: Timeout 30000ms exceeded.
Call log:
  - navigating to "https://wzhub.gg/loadouts", waiting until "networkidle"

2026-03-31 08:43:43  INFO       Totaal: 0 wapens van wzhub.gg
2026-03-31 08:43:43  INFO         OK: 0 wapens
2026-03-31 08:43:43  INFO     
[3/4] RAW-data bouwen vanuit WZ Meta + WZHUB...
2026-03-31 08:43:43  INFO       [SKIP] HDR: geen cat/game info in WZ Meta
2026-03-31 08:43:43  INFO       [SKIP] Victus XMR: geen cat/game info in WZ Meta
2026-03-31 08:43:43  INFO       RAW gebouwd: 24 wapens over 2 games
2026-03-31 08:43:43  INFO     
[4/4] Warzone Playlists scrapen (wzhub.gg/playlist/wz)...
2026-03-31 08:43:43  INFO       Ophalen: https://wzhub.gg/playlist/wz
2026-03-31 08:43:44  INFO       + LOADED RESURGENCE (ltm=True, modes=1)
2026-03-31 08:43:44  INFO       + RESURGENCE CASUAL (ltm=False, modes=1)
2026-03-31 08:43:44  INFO       + BATTLE ROYALE CASUAL (ltm=False, modes=1)
2026-03-31 08:43:44  INFO       + BATTLE ROYALE (ltm=False, modes=4)
2026-03-31 08:43:44  INFO       + RESURGENCE (ltm=False, modes=3)
2026-03-31 08:43:44  INFO       Totaal: 5 playlists, seizoen: 
2026-03-31 08:43:44  INFO         OK: 5 playlists
2026-03-31 08:43:44  INFO     
[5/5] HTML updaten...
2026-03-31 08:43:44  INFO       [MIGRATIE] HTML succesvol bijgewerkt
2026-03-31 08:43:44  WARNING    [WAARSCHUWING] WZHUB leeg -- bestaande data behouden
2026-03-31 08:43:44  INFO         OK: Bijgewerkt op 31/03/2026 08:43
2026-03-31 08:43:44  INFO     
BuitKing's Loadouts bijgewerkt!
2026-03-31 08:43:44  INFO     =======================================================
2026-04-01 08:51:33  INFO     =======================================================
2026-04-01 08:51:33  INFO     BuitKing's Loadout Updater gestart (v8 - geen TeeP)
2026-04-01 08:51:33  INFO     Datum: 01/04/2026 08:51
2026-04-01 08:51:33  INFO     
[1/4] WZ Meta scrapen (warzoneloadout.games)...
2026-04-01 08:51:33  INFO       Ophalen: https://warzoneloadout.games/warzone-meta/
2026-04-01 08:51:37  INFO       + Voyak KT-3 (S, Assault Rifles, BO7)
2026-04-01 08:51:37  INFO       + Razor 9mm (S, SMGs, BO7)
2026-04-01 08:51:37  INFO       + Hawker HX (S, Sniper Rifles, BO7)
2026-04-01 08:51:37  INFO       + Dravec 45 (S, SMGs, BO7)
2026-04-01 08:51:37  INFO       + EGRT-17 (A, Assault Rifles, BO7)
2026-04-01 08:51:37  INFO       + Peacekeeper Mk1 (A, Assault Rifles, BO7)
2026-04-01 08:51:37  INFO       + Ryden 45K (A, SMGs, BO7)
2026-04-01 08:51:37  INFO       + MK.78 (A, LMGs, BO7)
2026-04-01 08:51:37  INFO       + VS Recon (A, Sniper Rifles, BO7)
2026-04-01 08:51:37  INFO       + Kogot-7 (A, SMGs, BO7)
2026-04-01 08:51:37  INFO       + HDR (A, , BO6)
2026-04-01 08:51:37  INFO       + MXR-17 (B, Assault Rifles, BO7)
2026-04-01 08:51:37  INFO       + AK-27 (B, Assault Rifles, BO7)
2026-04-01 08:51:37  INFO       + Carbon 57 (B, SMGs, BO7)
2026-04-01 08:51:37  INFO       + M15 Mod 0 (B, Assault Rifles, BO7)
2026-04-01 08:51:37  INFO       + XR-3 Ion (B, Sniper Rifles, BO7)
2026-04-01 08:51:37  INFO       + REV-46 (B, SMGs, BO7)
2026-04-01 08:51:37  INFO       + X9 Maverick (B, Assault Rifles, BO7)
2026-04-01 08:51:37  INFO       + Sokol 545 (B, LMGs, BO7)
2026-04-01 08:51:37  INFO       + Sturmwolf 45 (B, SMGs, BO7)
2026-04-01 08:51:37  INFO       + Swordfish A1 (B, Marksman Rifles, BO7)
2026-04-01 08:51:37  INFO       + TR2 (B, Marksman Rifles, BO6)
2026-04-01 08:51:37  INFO       + DS20 Mirage (B, Assault Rifles, BO7)
2026-04-01 08:51:37  INFO       + LC10 (B, SMGs, BO6)
2026-04-01 08:51:37  INFO       + Victus XMR (B, , MW2)
2026-04-01 08:51:37  INFO       + M8A1 (B, Marksman Rifles, BO7)
2026-04-01 08:51:37  INFO       Totaal: 26 wapens
2026-04-01 08:51:37  INFO         OK: 26 wapens
2026-04-01 08:51:37  INFO     
[2/4] WZHUB Meta scrapen (wzhub.gg)...
2026-04-01 08:51:37  INFO       Browser openen: https://wzhub.gg/loadouts
2026-04-01 08:52:09  WARNING    [FOUT] Playwright: Page.goto: Timeout 30000ms exceeded.
Call log:
  - navigating to "https://wzhub.gg/loadouts", waiting until "networkidle"

2026-04-01 08:52:09  INFO       Totaal: 0 wapens van wzhub.gg
2026-04-01 08:52:09  INFO         OK: 0 wapens
2026-04-01 08:52:09  INFO     
[3/4] RAW-data bouwen vanuit WZ Meta + WZHUB...
2026-04-01 08:52:09  INFO       [SKIP] HDR: geen cat/game info in WZ Meta
2026-04-01 08:52:09  INFO       [SKIP] Victus XMR: geen cat/game info in WZ Meta
2026-04-01 08:52:09  INFO       RAW gebouwd: 24 wapens over 2 games
2026-04-01 08:52:09  INFO     
[4/4] Warzone Playlists scrapen (wzhub.gg/playlist/wz)...
2026-04-01 08:52:09  INFO       Ophalen: https://wzhub.gg/playlist/wz
2026-04-01 08:52:10  INFO       + LOADED RESURGENCE (ltm=True, modes=1)
2026-04-01 08:52:10  INFO       + RESURGENCE CASUAL (ltm=False, modes=1)
2026-04-01 08:52:10  INFO       + BATTLE ROYALE CASUAL (ltm=False, modes=1)
2026-04-01 08:52:10  INFO       + BATTLE ROYALE (ltm=False, modes=4)
2026-04-01 08:52:10  INFO       + RESURGENCE (ltm=False, modes=3)
2026-04-01 08:52:10  INFO       Totaal: 5 playlists, seizoen: 
2026-04-01 08:52:10  INFO         OK: 5 playlists
2026-04-01 08:52:10  INFO     
[5/5] HTML updaten...
2026-04-01 08:52:10  INFO       [MIGRATIE] HTML succesvol bijgewerkt
2026-04-01 08:52:10  WARNING    [WAARSCHUWING] WZHUB leeg -- bestaande data behouden
2026-04-01 08:52:10  INFO         OK: Bijgewerkt op 01/04/2026 08:51
2026-04-01 08:52:10  INFO     
BuitKing's Loadouts bijgewerkt!
2026-04-01 08:52:10  INFO     =======================================================
2026-04-02 08:39:31  INFO     =======================================================
2026-04-02 08:39:31  INFO     BuitKing's Loadout Updater gestart (v8 - geen TeeP)
2026-04-02 08:39:31  INFO     Datum: 02/04/2026 08:39
2026-04-02 08:39:31  INFO     
[1/4] WZ Meta scrapen (warzoneloadout.games)...
2026-04-02 08:39:31  INFO       Ophalen: https://warzoneloadout.games/warzone-meta/
2026-04-02 08:39:32  INFO       + Voyak KT-3 (S, Assault Rifles, BO7)
2026-04-02 08:39:32  INFO       + Razor 9mm (S, SMGs, BO7)
2026-04-02 08:39:32  INFO       + Hawker HX (S, Sniper Rifles, BO7)
2026-04-02 08:39:32  INFO       + Dravec 45 (S, SMGs, BO7)
2026-04-02 08:39:32  INFO       + EGRT-17 (A, Assault Rifles, BO7)
2026-04-02 08:39:32  INFO       + Peacekeeper Mk1 (A, Assault Rifles, BO7)
2026-04-02 08:39:32  INFO       + Ryden 45K (A, SMGs, BO7)
2026-04-02 08:39:32  INFO       + MK.78 (A, LMGs, BO7)
2026-04-02 08:39:32  INFO       + VS Recon (A, Sniper Rifles, BO7)
2026-04-02 08:39:32  INFO       + Kogot-7 (A, SMGs, BO7)
2026-04-02 08:39:32  INFO       + HDR (A, , BO6)
2026-04-02 08:39:32  INFO       + MXR-17 (B, Assault Rifles, BO7)
2026-04-02 08:39:32  INFO       + AK-27 (B, Assault Rifles, BO7)
2026-04-02 08:39:32  INFO       + Carbon 57 (B, SMGs, BO7)
2026-04-02 08:39:32  INFO       + M15 Mod 0 (B, Assault Rifles, BO7)
2026-04-02 08:39:32  INFO       + XR-3 Ion (B, Sniper Rifles, BO7)
2026-04-02 08:39:32  INFO       + REV-46 (B, SMGs, BO7)
2026-04-02 08:39:32  INFO       + X9 Maverick (B, Assault Rifles, BO7)
2026-04-02 08:39:32  INFO       + Sokol 545 (B, LMGs, BO7)
2026-04-02 08:39:32  INFO       + Sturmwolf 45 (B, SMGs, BO7)
2026-04-02 08:39:32  INFO       + Swordfish A1 (B, Marksman Rifles, BO7)
2026-04-02 08:39:32  INFO       + TR2 (B, Marksman Rifles, BO6)
2026-04-02 08:39:32  INFO       + DS20 Mirage (B, Assault Rifles, BO7)
2026-04-02 08:39:32  INFO       + LC10 (B, SMGs, BO6)
2026-04-02 08:39:32  INFO       + Victus XMR (B, , MW2)
2026-04-02 08:39:32  INFO       + M8A1 (B, Marksman Rifles, BO7)
2026-04-02 08:39:32  INFO       Totaal: 26 wapens
2026-04-02 08:39:32  INFO         OK: 26 wapens
2026-04-02 08:39:32  INFO     
[2/4] WZHUB Meta scrapen (wzhub.gg)...
2026-04-02 08:39:32  INFO       Browser openen: https://wzhub.gg/loadouts
2026-04-02 08:40:04  WARNING    [FOUT] Playwright: Page.goto: Timeout 30000ms exceeded.
Call log:
  - navigating to "https://wzhub.gg/loadouts", waiting until "networkidle"

2026-04-02 08:40:04  INFO       Totaal: 0 wapens van wzhub.gg
2026-04-02 08:40:04  INFO         OK: 0 wapens
2026-04-02 08:40:04  INFO     
[3/4] RAW-data bouwen vanuit WZ Meta + WZHUB...
2026-04-02 08:40:04  INFO       [SKIP] HDR: geen cat/game info in WZ Meta
2026-04-02 08:40:04  INFO       [SKIP] Victus XMR: geen cat/game info in WZ Meta
2026-04-02 08:40:04  INFO       RAW gebouwd: 24 wapens over 2 games
2026-04-02 08:40:04  INFO     
[4/4] Warzone Playlists scrapen (wzhub.gg/playlist/wz)...
2026-04-02 08:40:04  INFO       Ophalen: https://wzhub.gg/playlist/wz
2026-04-02 08:40:04  INFO       + LOADED RESURGENCE (ltm=True, modes=1)
2026-04-02 08:40:04  INFO       + RESURGENCE CASUAL (ltm=False, modes=1)
2026-04-02 08:40:04  INFO       + BATTLE ROYALE CASUAL (ltm=False, modes=1)
2026-04-02 08:40:04  INFO       + BATTLE ROYALE (ltm=False, modes=4)
2026-04-02 08:40:04  INFO       + RESURGENCE (ltm=False, modes=3)
2026-04-02 08:40:04  INFO       Totaal: 5 playlists, seizoen: 
2026-04-02 08:40:04  INFO         OK: 5 playlists
2026-04-02 08:40:04  INFO     
[5/5] HTML updaten...
2026-04-02 08:40:04  INFO       [MIGRATIE] HTML succesvol bijgewerkt
2026-04-02 08:40:04  WARNING    [WAARSCHUWING] WZHUB leeg -- bestaande data behouden
2026-04-02 08:40:04  INFO         OK: Bijgewerkt op 02/04/2026 08:39
2026-04-02 08:40:04  INFO     
BuitKing's Loadouts bijgewerkt!
2026-04-02 08:40:04  INFO     =======================================================
2026-04-03 08:10:17  INFO     =======================================================
2026-04-03 08:10:17  INFO     BuitKing's Loadout Updater gestart (v8 - geen TeeP)
2026-04-03 08:10:17  INFO     Datum: 03/04/2026 08:10
2026-04-03 08:10:17  INFO     
[1/4] WZ Meta scrapen (warzoneloadout.games)...
2026-04-03 08:10:17  INFO       Ophalen: https://warzoneloadout.games/warzone-meta/
2026-04-03 08:10:18  INFO       + MK35 ISR (S, Assault Rifles, BO7)
2026-04-03 08:10:18  INFO       + VST (S, SMGs, BO7)
2026-04-03 08:10:18  INFO       + Razor 9mm (S, SMGs, BO7)
2026-04-03 08:10:18  INFO       + Hawker HX (S, Sniper Rifles, BO7)
2026-04-03 08:10:18  INFO       + Peacekeeper Mk1 (A, Assault Rifles, BO7)
2026-04-03 08:10:18  INFO       + Dravec 45 (A, SMGs, BO7)
2026-04-03 08:10:18  INFO       + Voyak KT-3 (A, Assault Rifles, BO7)
2026-04-03 08:10:18  INFO       + Ryden 45K (A, SMGs, BO7)
2026-04-03 08:10:18  INFO       + EGRT-17 (A, Assault Rifles, BO7)
2026-04-03 08:10:18  INFO       + MK.78 (A, LMGs, BO7)
2026-04-03 08:10:18  INFO       + VS Recon (A, Sniper Rifles, BO7)
2026-04-03 08:10:18  INFO       + Kogot-7 (A, SMGs, BO7)
2026-04-03 08:10:18  INFO       + HDR (A, , BO6)
2026-04-03 08:10:18  INFO       + MXR-17 (B, Assault Rifles, BO7)
2026-04-03 08:10:18  INFO       + AK-27 (B, Assault Rifles, BO7)
2026-04-03 08:10:18  INFO       + Carbon 57 (B, SMGs, BO7)
2026-04-03 08:10:18  INFO       + M15 Mod 0 (B, Assault Rifles, BO7)
2026-04-03 08:10:18  INFO       + XR-3 Ion (B, Sniper Rifles, BO7)
2026-04-03 08:10:18  INFO       + REV-46 (B, SMGs, BO7)
2026-04-03 08:10:18  INFO       + X9 Maverick (B, Assault Rifles, BO7)
2026-04-03 08:10:18  INFO       + DS20 Mirage (B, Assault Rifles, BO7)
2026-04-03 08:10:18  INFO       + Sokol 545 (B, LMGs, BO7)
2026-04-03 08:10:18  INFO       + Sturmwolf 45 (B, SMGs, BO7)
2026-04-03 08:10:18  INFO       + Swordfish A1 (B, Marksman Rifles, BO7)
2026-04-03 08:10:18  INFO       + TR2 (B, Marksman Rifles, BO6)
2026-04-03 08:10:18  INFO       + LC10 (B, SMGs, BO6)
2026-04-03 08:10:18  INFO       + Victus XMR (B, , MW2)
2026-04-03 08:10:18  INFO       + M8A1 (B, Marksman Rifles, BO7)
2026-04-03 08:10:18  INFO       Totaal: 28 wapens
2026-04-03 08:10:18  INFO         OK: 28 wapens
2026-04-03 08:10:18  INFO     
[2/4] WZHUB Meta scrapen (wzhub.gg)...
2026-04-03 08:10:18  INFO       Browser openen: https://wzhub.gg/loadouts
2026-04-03 08:10:49  WARNING    [FOUT] Playwright: Page.goto: Timeout 30000ms exceeded.
Call log:
  - navigating to "https://wzhub.gg/loadouts", waiting until "networkidle"

2026-04-03 08:10:49  INFO       Totaal: 0 wapens van wzhub.gg
2026-04-03 08:10:49  INFO         OK: 0 wapens
2026-04-03 08:10:49  INFO     
[3/4] RAW-data bouwen vanuit WZ Meta + WZHUB...
2026-04-03 08:10:49  INFO       [SKIP] HDR: geen cat/game info in WZ Meta
2026-04-03 08:10:49  INFO       [SKIP] Victus XMR: geen cat/game info in WZ Meta
2026-04-03 08:10:49  INFO       RAW gebouwd: 26 wapens over 2 games
2026-04-03 08:10:49  INFO     
[4/4] Warzone Playlists scrapen (wzhub.gg/playlist/wz)...
2026-04-03 08:10:49  INFO       Ophalen: https://wzhub.gg/playlist/wz
2026-04-03 08:10:49  INFO       + BATTLE ROYALE (ltm=False, modes=1)
2026-04-03 08:10:49  INFO       + RESURGENCE (ltm=False, modes=3)
2026-04-03 08:10:49  INFO       + BATTLE ROYALE CASUAL (ltm=False, modes=1)
2026-04-03 08:10:49  INFO       + RESURGENCE CASUAL (ltm=False, modes=1)
2026-04-03 08:10:49  INFO       Totaal: 4 playlists, seizoen: 
2026-04-03 08:10:49  INFO         OK: 4 playlists
2026-04-03 08:10:49  INFO     
[5/5] HTML updaten...
2026-04-03 08:10:49  INFO       [MIGRATIE] HTML succesvol bijgewerkt
2026-04-03 08:10:49  WARNING    [WAARSCHUWING] WZHUB leeg -- bestaande data behouden
2026-04-03 08:10:49  INFO         OK: Bijgewerkt op 03/04/2026 08:10
2026-04-03 08:10:49  INFO     
BuitKing's Loadouts bijgewerkt!
2026-04-03 08:10:49  INFO     =======================================================
2026-04-04 07:55:22  INFO     =======================================================
2026-04-04 07:55:22  INFO     BuitKing's Loadout Updater gestart (v8 - geen TeeP)
2026-04-04 07:55:22  INFO     Datum: 04/04/2026 07:55
2026-04-04 07:55:22  INFO     
[1/4] WZ Meta scrapen (warzoneloadout.games)...
2026-04-04 07:55:22  INFO       Ophalen: https://warzoneloadout.games/warzone-meta/
2026-04-04 07:55:23  INFO       + MK35 ISR (S, Assault Rifles, BO7)
2026-04-04 07:55:23  INFO       + Razor 9mm (S, SMGs, BO7)
2026-04-04 07:55:23  INFO       + Hawker HX (S, Sniper Rifles, BO7)
2026-04-04 07:55:23  INFO       + Peacekeeper Mk1 (A, Assault Rifles, BO7)
2026-04-04 07:55:23  INFO       + VST (A, SMGs, BO7)
2026-04-04 07:55:23  INFO       + Dravec 45 (A, SMGs, BO7)
2026-04-04 07:55:23  INFO       + Voyak KT-3 (A, Assault Rifles, BO7)
2026-04-04 07:55:23  INFO       + Ryden 45K (A, SMGs, BO7)
2026-04-04 07:55:23  INFO       + EGRT-17 (A, Assault Rifles, BO7)
2026-04-04 07:55:23  INFO       + MK.78 (A, LMGs, BO7)
2026-04-04 07:55:23  INFO       + VS Recon (A, Sniper Rifles, BO7)
2026-04-04 07:55:23  INFO       + Kogot-7 (A, SMGs, BO7)
2026-04-04 07:55:23  INFO       + HDR (A, , BO6)
2026-04-04 07:55:23  INFO       + MXR-17 (B, Assault Rifles, BO7)
2026-04-04 07:55:23  INFO       + AK-27 (B, Assault Rifles, BO7)
2026-04-04 07:55:23  INFO       + Carbon 57 (B, SMGs, BO7)
2026-04-04 07:55:23  INFO       + M15 Mod 0 (B, Assault Rifles, BO7)
2026-04-04 07:55:23  INFO       + XR-3 Ion (B, Sniper Rifles, BO7)
2026-04-04 07:55:23  INFO       + REV-46 (B, SMGs, BO7)
2026-04-04 07:55:23  INFO       + X9 Maverick (B, Assault Rifles, BO7)
2026-04-04 07:55:23  INFO       + DS20 Mirage (B, Assault Rifles, BO7)
2026-04-04 07:55:23  INFO       + Sokol 545 (B, LMGs, BO7)
2026-04-04 07:55:23  INFO       + Sturmwolf 45 (B, SMGs, BO7)
2026-04-04 07:55:23  INFO       + Swordfish A1 (B, Marksman Rifles, BO7)
2026-04-04 07:55:23  INFO       + TR2 (B, Marksman Rifles, BO6)
2026-04-04 07:55:23  INFO       + LC10 (B, SMGs, BO6)
2026-04-04 07:55:23  INFO       + Victus XMR (B, , MW2)
2026-04-04 07:55:23  INFO       + M8A1 (B, Marksman Rifles, BO7)
2026-04-04 07:55:23  INFO       Totaal: 28 wapens
2026-04-04 07:55:23  INFO         OK: 28 wapens
2026-04-04 07:55:23  INFO     
[2/4] WZHUB Meta scrapen (wzhub.gg)...
2026-04-04 07:55:23  INFO       Browser openen: https://wzhub.gg/loadouts
2026-04-04 07:55:54  WARNING    [FOUT] Playwright: Page.goto: Timeout 30000ms exceeded.
Call log:
  - navigating to "https://wzhub.gg/loadouts", waiting until "networkidle"

2026-04-04 07:55:54  INFO       Totaal: 0 wapens van wzhub.gg
2026-04-04 07:55:54  INFO         OK: 0 wapens
2026-04-04 07:55:54  INFO     
[3/4] RAW-data bouwen vanuit WZ Meta + WZHUB...
2026-04-04 07:55:54  INFO       [SKIP] HDR: geen cat/game info in WZ Meta
2026-04-04 07:55:54  INFO       [SKIP] Victus XMR: geen cat/game info in WZ Meta
2026-04-04 07:55:54  INFO       RAW gebouwd: 26 wapens over 2 games
2026-04-04 07:55:54  INFO     
[4/4] Warzone Playlists scrapen (wzhub.gg/playlist/wz)...
2026-04-04 07:55:54  INFO       Ophalen: https://wzhub.gg/playlist/wz
2026-04-04 07:55:54  INFO       + BATTLE ROYALE (ltm=False, modes=1)
2026-04-04 07:55:54  INFO       + RESURGENCE (ltm=False, modes=3)
2026-04-04 07:55:54  INFO       + BATTLE ROYALE CASUAL (ltm=False, modes=1)
2026-04-04 07:55:54  INFO       + RESURGENCE CASUAL (ltm=False, modes=1)
2026-04-04 07:55:54  INFO       Totaal: 4 playlists, seizoen: 
2026-04-04 07:55:54  INFO         OK: 4 playlists
2026-04-04 07:55:54  INFO     
[5/5] HTML updaten...
2026-04-04 07:55:54  INFO       [MIGRATIE] HTML succesvol bijgewerkt
2026-04-04 07:55:54  WARNING    [WAARSCHUWING] WZHUB leeg -- bestaande data behouden
2026-04-04 07:55:54  INFO         OK: Bijgewerkt op 04/04/2026 07:55
2026-04-04 07:55:54  INFO     
BuitKing's Loadouts bijgewerkt!
2026-04-04 07:55:54  INFO     =======================================================
2026-04-05 08:02:14  INFO     =======================================================
2026-04-05 08:02:14  INFO     BuitKing's Loadout Updater gestart (v8 - geen TeeP)
2026-04-05 08:02:14  INFO     Datum: 05/04/2026 08:02
2026-04-05 08:02:14  INFO     
[1/4] WZ Meta scrapen (warzoneloadout.games)...
2026-04-05 08:02:14  INFO       Ophalen: https://warzoneloadout.games/warzone-meta/
2026-04-05 08:02:16  INFO       + MK35 ISR (S, Assault Rifles, BO7)
2026-04-05 08:02:16  INFO       + Razor 9mm (S, SMGs, BO7)
2026-04-05 08:02:16  INFO       + Hawker HX (S, Sniper Rifles, BO7)
2026-04-05 08:02:16  INFO       + Peacekeeper Mk1 (A, Assault Rifles, BO7)
2026-04-05 08:02:16  INFO       + VST (A, SMGs, BO7)
2026-04-05 08:02:16  INFO       + Dravec 45 (A, SMGs, BO7)
2026-04-05 08:02:16  INFO       + Voyak KT-3 (A, Assault Rifles, BO7)
2026-04-05 08:02:16  INFO       + Ryden 45K (A, SMGs, BO7)
2026-04-05 08:02:16  INFO       + EGRT-17 (A, Assault Rifles, BO7)
2026-04-05 08:02:16  INFO       + MK.78 (A, LMGs, BO7)
2026-04-05 08:02:16  INFO       + VS Recon (A, Sniper Rifles, BO7)
2026-04-05 08:02:16  INFO       + Kogot-7 (A, SMGs, BO7)
2026-04-05 08:02:16  INFO       + HDR (A, , BO6)
2026-04-05 08:02:16  INFO       + MXR-17 (B, Assault Rifles, BO7)
2026-04-05 08:02:16  INFO       + AK-27 (B, Assault Rifles, BO7)
2026-04-05 08:02:16  INFO       + Carbon 57 (B, SMGs, BO7)
2026-04-05 08:02:16  INFO       + M15 Mod 0 (B, Assault Rifles, BO7)
2026-04-05 08:02:16  INFO       + XR-3 Ion (B, Sniper Rifles, BO7)
2026-04-05 08:02:16  INFO       + REV-46 (B, SMGs, BO7)
2026-04-05 08:02:16  INFO       + X9 Maverick (B, Assault Rifles, BO7)
2026-04-05 08:02:16  INFO       + DS20 Mirage (B, Assault Rifles, BO7)
2026-04-05 08:02:16  INFO       + Sokol 545 (B, LMGs, BO7)
2026-04-05 08:02:16  INFO       + Sturmwolf 45 (B, SMGs, BO7)
2026-04-05 08:02:16  INFO       + Swordfish A1 (B, Marksman Rifles, BO7)
2026-04-05 08:02:16  INFO       + TR2 (B, Marksman Rifles, BO6)
2026-04-05 08:02:16  INFO       + LC10 (B, SMGs, BO6)
2026-04-05 08:02:16  INFO       + Victus XMR (B, , MW2)
2026-04-05 08:02:16  INFO       + M8A1 (B, Marksman Rifles, BO7)
2026-04-05 08:02:16  INFO       Totaal: 28 wapens
2026-04-05 08:02:16  INFO         OK: 28 wapens
2026-04-05 08:02:16  INFO     
[2/4] WZHUB Meta scrapen (wzhub.gg)...
2026-04-05 08:02:16  INFO       Browser openen: https://wzhub.gg/loadouts
2026-04-05 08:02:19  INFO       Pagina geladen — parsen...
2026-04-05 08:02:19  INFO       + Mk35 Isr (S, )
2026-04-05 08:02:19  INFO       + Vst (S, )
2026-04-05 08:02:19  INFO       + Hawker Hx (S, )
2026-04-05 08:02:19  INFO       + Voyak Kt-3 (A, )
2026-04-05 08:02:19  INFO       + Razor 9Mm (A, )
2026-04-05 08:02:19  INFO       + Dravec 45 (A, )
2026-04-05 08:02:19  INFO       + Egrt-17 (A, )
2026-04-05 08:02:19  INFO       + Ds20 Mirage (A, )
2026-04-05 08:02:19  INFO       + Sturmwolf 45 (A, )
2026-04-05 08:02:19  INFO       + Kogot-7 (A, )
2026-04-05 08:02:19  INFO       + Vs Recon (A, )
2026-04-05 08:02:19  INFO       + Mk.78 (A, )
2026-04-05 08:02:19  INFO       Totaal: 12 wapens van wzhub.gg
2026-04-05 08:02:19  INFO         OK: 12 wapens
2026-04-05 08:02:19  INFO     
[3/4] RAW-data bouwen vanuit WZ Meta + WZHUB...
2026-04-05 08:02:19  INFO       [SKIP] HDR: geen cat/game info in WZ Meta
2026-04-05 08:02:19  INFO       [SKIP] Victus XMR: geen cat/game info in WZ Meta
2026-04-05 08:02:19  INFO       RAW gebouwd: 26 wapens over 2 games
2026-04-05 08:02:19  INFO     
[4/4] Warzone Playlists scrapen (wzhub.gg/playlist/wz)...
2026-04-05 08:02:19  INFO       Ophalen: https://wzhub.gg/playlist/wz
2026-04-05 08:02:20  INFO       + BATTLE ROYALE (ltm=False, modes=1)
2026-04-05 08:02:20  INFO       + RESURGENCE (ltm=False, modes=3)
2026-04-05 08:02:20  INFO       + BATTLE ROYALE CASUAL (ltm=False, modes=1)
2026-04-05 08:02:20  INFO       + RESURGENCE CASUAL (ltm=False, modes=1)
2026-04-05 08:02:20  INFO       Totaal: 4 playlists, seizoen: 
2026-04-05 08:02:20  INFO         OK: 4 playlists
2026-04-05 08:02:20  INFO     
[5/5] HTML updaten...
2026-04-05 08:02:20  INFO       [MIGRATIE] HTML succesvol bijgewerkt
2026-04-05 08:02:20  INFO         OK: Bijgewerkt op 05/04/2026 08:02
2026-04-05 08:02:20  INFO     
BuitKing's Loadouts bijgewerkt!
2026-04-05 08:02:20  INFO     =======================================================
2026-04-06 09:50:40  INFO     =======================================================
2026-04-06 09:50:40  INFO     BuitKing's Loadout Updater gestart (v8 - geen TeeP)
2026-04-06 09:50:40  INFO     Datum: 06/04/2026 09:50
2026-04-06 09:50:40  INFO     
[1/4] WZ Meta scrapen (warzoneloadout.games)...
2026-04-06 09:50:40  INFO       Ophalen: https://warzoneloadout.games/warzone-meta/
2026-04-06 09:50:41  INFO       + MK35 ISR (S, Assault Rifles, BO7)
2026-04-06 09:50:41  INFO       + Razor 9mm (S, SMGs, BO7)
2026-04-06 09:50:41  INFO       + Hawker HX (S, Sniper Rifles, BO7)
2026-04-06 09:50:41  INFO       + Peacekeeper Mk1 (A, Assault Rifles, BO7)
2026-04-06 09:50:41  INFO       + VST (A, SMGs, BO7)
2026-04-06 09:50:41  INFO       + Dravec 45 (A, SMGs, BO7)
2026-04-06 09:50:41  INFO       + Voyak KT-3 (A, Assault Rifles, BO7)
2026-04-06 09:50:41  INFO       + Ryden 45K (A, SMGs, BO7)
2026-04-06 09:50:41  INFO       + EGRT-17 (A, Assault Rifles, BO7)
2026-04-06 09:50:41  INFO       + MK.78 (A, LMGs, BO7)
2026-04-06 09:50:41  INFO       + VS Recon (A, Sniper Rifles, BO7)
2026-04-06 09:50:41  INFO       + Kogot-7 (A, SMGs, BO7)
2026-04-06 09:50:41  INFO       + HDR (A, , BO6)
2026-04-06 09:50:41  INFO       + MXR-17 (B, Assault Rifles, BO7)
2026-04-06 09:50:41  INFO       + AK-27 (B, Assault Rifles, BO7)
2026-04-06 09:50:41  INFO       + Carbon 57 (B, SMGs, BO7)
2026-04-06 09:50:41  INFO       + M15 Mod 0 (B, Assault Rifles, BO7)
2026-04-06 09:50:41  INFO       + XR-3 Ion (B, Sniper Rifles, BO7)
2026-04-06 09:50:41  INFO       + REV-46 (B, SMGs, BO7)
2026-04-06 09:50:41  INFO       + X9 Maverick (B, Assault Rifles, BO7)
2026-04-06 09:50:41  INFO       + DS20 Mirage (B, Assault Rifles, BO7)
2026-04-06 09:50:41  INFO       + Sokol 545 (B, LMGs, BO7)
2026-04-06 09:50:41  INFO       + Sturmwolf 45 (B, SMGs, BO7)
2026-04-06 09:50:41  INFO       + Swordfish A1 (B, Marksman Rifles, BO7)
2026-04-06 09:50:41  INFO       + TR2 (B, Marksman Rifles, BO6)
2026-04-06 09:50:41  INFO       + LC10 (B, SMGs, BO6)
2026-04-06 09:50:41  INFO       + Victus XMR (B, , MW2)
2026-04-06 09:50:41  INFO       + M8A1 (B, Marksman Rifles, BO7)
2026-04-06 09:50:41  INFO       Totaal: 28 wapens
2026-04-06 09:50:41  INFO         OK: 28 wapens
2026-04-06 09:50:41  INFO     
[2/4] WZHUB Meta scrapen (wzhub.gg)...
2026-04-06 09:50:41  INFO       Browser openen: https://wzhub.gg/loadouts
2026-04-06 09:50:44  INFO       Pagina geladen — parsen...
2026-04-06 09:50:44  INFO       + Mk35 Isr (S, )
2026-04-06 09:50:44  INFO       + Vst (S, )
2026-04-06 09:50:44  INFO       + Hawker Hx (S, )
2026-04-06 09:50:44  INFO       + Voyak Kt-3 (A, )
2026-04-06 09:50:44  INFO       + Razor 9Mm (A, )
2026-04-06 09:50:44  INFO       + Dravec 45 (A, )
2026-04-06 09:50:44  INFO       + Egrt-17 (A, )
2026-04-06 09:50:44  INFO       + Ds20 Mirage (A, )
2026-04-06 09:50:44  INFO       + Sturmwolf 45 (A, )
2026-04-06 09:50:44  INFO       + Kogot-7 (A, )
2026-04-06 09:50:44  INFO       + Vs Recon (A, )
2026-04-06 09:50:44  INFO       + Mk.78 (A, )
2026-04-06 09:50:44  INFO       Totaal: 12 wapens van wzhub.gg
2026-04-06 09:50:44  INFO         OK: 12 wapens
2026-04-06 09:50:44  INFO     
[3/4] RAW-data bouwen vanuit WZ Meta + WZHUB...
2026-04-06 09:50:44  INFO       [SKIP] HDR: geen cat/game info in WZ Meta
2026-04-06 09:50:44  INFO       [SKIP] Victus XMR: geen cat/game info in WZ Meta
2026-04-06 09:50:44  INFO       RAW gebouwd: 26 wapens over 2 games
2026-04-06 09:50:44  INFO     
[4/4] Warzone Playlists scrapen (wzhub.gg/playlist/wz)...
2026-04-06 09:50:44  INFO       Ophalen: https://wzhub.gg/playlist/wz
2026-04-06 09:50:45  INFO       + BATTLE ROYALE (ltm=False, modes=1)
2026-04-06 09:50:45  INFO       + RESURGENCE (ltm=False, modes=3)
2026-04-06 09:50:45  INFO       + BATTLE ROYALE CASUAL (ltm=False, modes=1)
2026-04-06 09:50:45  INFO       + RESURGENCE CASUAL (ltm=False, modes=1)
2026-04-06 09:50:45  INFO       Totaal: 4 playlists, seizoen: 
2026-04-06 09:50:45  INFO         OK: 4 playlists
2026-04-06 09:50:45  INFO     
[5/5] HTML updaten...
2026-04-06 09:50:45  INFO       [MIGRATIE] HTML succesvol bijgewerkt
2026-04-06 09:50:45  INFO         OK: Bijgewerkt op 06/04/2026 09:50
2026-04-06 09:50:45  INFO     
BuitKing's Loadouts bijgewerkt!
2026-04-06 09:50:45  INFO     =======================================================
2026-04-07 08:47:30  INFO     =======================================================
2026-04-07 08:47:30  INFO     BuitKing's Loadout Updater gestart (v8 - geen TeeP)
2026-04-07 08:47:30  INFO     Datum: 07/04/2026 08:47
2026-04-07 08:47:30  INFO     
[1/4] WZ Meta scrapen (warzoneloadout.games)...
2026-04-07 08:47:30  INFO       Ophalen: https://warzoneloadout.games/warzone-meta/
2026-04-07 08:47:34  INFO       + MK35 ISR (S, Assault Rifles, BO7)
2026-04-07 08:47:34  INFO       + Razor 9mm (S, SMGs, BO7)
2026-04-07 08:47:34  INFO       + Strider 300 (S, Sniper Rifles, BO7)
2026-04-07 08:47:34  INFO       + Peacekeeper Mk1 (A, Assault Rifles, BO7)
2026-04-07 08:47:34  INFO       + Hawker HX (A, Sniper Rifles, BO7)
2026-04-07 08:47:34  INFO       + VST (A, SMGs, BO7)
2026-04-07 08:47:34  INFO       + Dravec 45 (A, SMGs, BO7)
2026-04-07 08:47:34  INFO       + Voyak KT-3 (A, Assault Rifles, BO7)
2026-04-07 08:47:34  INFO       + Kogot-7 (A, SMGs, BO7)
2026-04-07 08:47:34  INFO       + EGRT-17 (A, Assault Rifles, BO7)
2026-04-07 08:47:34  INFO       + MK.78 (A, LMGs, BO7)
2026-04-07 08:47:34  INFO       + VS Recon (A, Sniper Rifles, BO7)
2026-04-07 08:47:34  INFO       + Ryden 45K (A, SMGs, BO7)
2026-04-07 08:47:34  INFO       + HDR (A, , BO6)
2026-04-07 08:47:34  INFO       + MXR-17 (B, Assault Rifles, BO7)
2026-04-07 08:47:34  INFO       + AK-27 (B, Assault Rifles, BO7)
2026-04-07 08:47:34  INFO       + Carbon 57 (B, SMGs, BO7)
2026-04-07 08:47:34  INFO       + M15 Mod 0 (B, Assault Rifles, BO7)
2026-04-07 08:47:34  INFO       + XR-3 Ion (B, Sniper Rifles, BO7)
2026-04-07 08:47:34  INFO       + REV-46 (B, SMGs, BO7)
2026-04-07 08:47:34  INFO       + X9 Maverick (B, Assault Rifles, BO7)
2026-04-07 08:47:34  INFO       + DS20 Mirage (B, Assault Rifles, BO7)
2026-04-07 08:47:34  INFO       + Sokol 545 (B, LMGs, BO7)
2026-04-07 08:47:34  INFO       + Sturmwolf 45 (B, SMGs, BO7)
2026-04-07 08:47:34  INFO       + Swordfish A1 (B, Marksman Rifles, BO7)
2026-04-07 08:47:34  INFO       + TR2 (B, Marksman Rifles, BO6)
2026-04-07 08:47:34  INFO       + LC10 (B, SMGs, BO6)
2026-04-07 08:47:34  INFO       + Victus XMR (B, , MW2)
2026-04-07 08:47:34  INFO       + M8A1 (B, Marksman Rifles, BO7)
2026-04-07 08:47:34  INFO       Totaal: 29 wapens
2026-04-07 08:47:34  INFO         OK: 29 wapens
2026-04-07 08:47:34  INFO     
[2/4] WZHUB Meta scrapen (wzhub.gg)...
2026-04-07 08:47:34  INFO       Browser openen: https://wzhub.gg/loadouts
2026-04-07 08:48:06  WARNING    [FOUT] Playwright: Page.goto: Timeout 30000ms exceeded.
Call log:
  - navigating to "https://wzhub.gg/loadouts", waiting until "networkidle"

2026-04-07 08:48:06  INFO       Totaal: 0 wapens van wzhub.gg
2026-04-07 08:48:06  INFO         OK: 0 wapens
2026-04-07 08:48:06  INFO     
[3/4] RAW-data bouwen vanuit WZ Meta + WZHUB...
2026-04-07 08:48:06  INFO       [SKIP] HDR: geen cat/game info in WZ Meta
2026-04-07 08:48:06  INFO       [SKIP] Victus XMR: geen cat/game info in WZ Meta
2026-04-07 08:48:06  INFO       RAW gebouwd: 27 wapens over 2 games
2026-04-07 08:48:06  INFO     
[4/4] Warzone Playlists scrapen (wzhub.gg/playlist/wz)...
2026-04-07 08:48:06  INFO       Ophalen: https://wzhub.gg/playlist/wz
2026-04-07 08:48:06  INFO       + BATTLE ROYALE (ltm=False, modes=1)
2026-04-07 08:48:06  INFO       + RESURGENCE (ltm=False, modes=3)
2026-04-07 08:48:06  INFO       + BATTLE ROYALE CASUAL (ltm=False, modes=1)
2026-04-07 08:48:06  INFO       + RESURGENCE CASUAL (ltm=False, modes=1)
2026-04-07 08:48:06  INFO       Totaal: 4 playlists, seizoen: 
2026-04-07 08:48:06  INFO         OK: 4 playlists
2026-04-07 08:48:06  INFO     
[5/5] HTML updaten...
2026-04-07 08:48:06  INFO       [MIGRATIE] HTML succesvol bijgewerkt
2026-04-07 08:48:06  WARNING    [WAARSCHUWING] WZHUB leeg -- bestaande data behouden
2026-04-07 08:48:06  INFO         OK: Bijgewerkt op 07/04/2026 08:47
2026-04-07 08:48:06  INFO     
BuitKing's Loadouts bijgewerkt!
2026-04-07 08:48:06  INFO     =======================================================
2026-04-08 08:46:38  INFO     =======================================================
2026-04-08 08:46:38  INFO     BuitKing's Loadout Updater gestart (v8 - geen TeeP)
2026-04-08 08:46:38  INFO     Datum: 08/04/2026 08:46
2026-04-08 08:46:38  INFO     
[1/4] WZ Meta scrapen (warzoneloadout.games)...
2026-04-08 08:46:38  INFO       Ophalen: https://warzoneloadout.games/warzone-meta/
2026-04-08 08:46:42  INFO       + MK35 ISR (S, Assault Rifles, BO7)
2026-04-08 08:46:42  INFO       + Razor 9mm (S, SMGs, BO7)
2026-04-08 08:46:42  INFO       + Strider 300 (S, Sniper Rifles, BO7)
2026-04-08 08:46:42  INFO       + Peacekeeper Mk1 (A, Assault Rifles, BO7)
2026-04-08 08:46:42  INFO       + Hawker HX (A, Sniper Rifles, BO7)
2026-04-08 08:46:42  INFO       + VST (A, SMGs, BO7)
2026-04-08 08:46:42  INFO       + Dravec 45 (A, SMGs, BO7)
2026-04-08 08:46:42  INFO       + Voyak KT-3 (A, Assault Rifles, BO7)
2026-04-08 08:46:42  INFO       + Kogot-7 (A, SMGs, BO7)
2026-04-08 08:46:42  INFO       + EGRT-17 (A, Assault Rifles, BO7)
2026-04-08 08:46:42  INFO       + MK.78 (A, LMGs, BO7)
2026-04-08 08:46:42  INFO       + VS Recon (A, Sniper Rifles, BO7)
2026-04-08 08:46:42  INFO       + Ryden 45K (A, SMGs, BO7)
2026-04-08 08:46:42  INFO       + HDR (A, , BO6)
2026-04-08 08:46:42  INFO       + MXR-17 (B, Assault Rifles, BO7)
2026-04-08 08:46:42  INFO       + AK-27 (B, Assault Rifles, BO7)
2026-04-08 08:46:42  INFO       + Carbon 57 (B, SMGs, BO7)
2026-04-08 08:46:42  INFO       + M15 Mod 0 (B, Assault Rifles, BO7)
2026-04-08 08:46:42  INFO       + XR-3 Ion (B, Sniper Rifles, BO7)
2026-04-08 08:46:42  INFO       + REV-46 (B, SMGs, BO7)
2026-04-08 08:46:42  INFO       + X9 Maverick (B, Assault Rifles, BO7)
2026-04-08 08:46:42  INFO       + DS20 Mirage (B, Assault Rifles, BO7)
2026-04-08 08:46:42  INFO       + Sokol 545 (B, LMGs, BO7)
2026-04-08 08:46:42  INFO       + Sturmwolf 45 (B, SMGs, BO7)
2026-04-08 08:46:42  INFO       + Swordfish A1 (B, Marksman Rifles, BO7)
2026-04-08 08:46:42  INFO       + TR2 (B, Marksman Rifles, BO6)
2026-04-08 08:46:42  INFO       + LC10 (B, SMGs, BO6)
2026-04-08 08:46:42  INFO       + Victus XMR (B, , MW2)
2026-04-08 08:46:42  INFO       + M8A1 (B, Marksman Rifles, BO7)
2026-04-08 08:46:42  INFO       Totaal: 29 wapens
2026-04-08 08:46:42  INFO         OK: 29 wapens
2026-04-08 08:46:42  INFO     
[2/4] WZHUB Meta scrapen (wzhub.gg)...
2026-04-08 08:46:42  INFO       Browser openen: https://wzhub.gg/loadouts
2026-04-08 08:47:13  WARNING    [FOUT] Playwright: Page.goto: Timeout 30000ms exceeded.
Call log:
  - navigating to "https://wzhub.gg/loadouts", waiting until "networkidle"

2026-04-08 08:47:13  INFO       Totaal: 0 wapens van wzhub.gg
2026-04-08 08:47:13  INFO         OK: 0 wapens
2026-04-08 08:47:13  INFO     
[3/4] RAW-data bouwen vanuit WZ Meta + WZHUB...
2026-04-08 08:47:13  INFO       [SKIP] HDR: geen cat/game info in WZ Meta
2026-04-08 08:47:13  INFO       [SKIP] Victus XMR: geen cat/game info in WZ Meta
2026-04-08 08:47:13  INFO       RAW gebouwd: 27 wapens over 2 games
2026-04-08 08:47:13  INFO     
[4/4] Warzone Playlists scrapen (wzhub.gg/playlist/wz)...
2026-04-08 08:47:13  INFO       Ophalen: https://wzhub.gg/playlist/wz
2026-04-08 08:47:13  INFO       + BATTLE ROYALE (ltm=False, modes=1)
2026-04-08 08:47:13  INFO       + RESURGENCE (ltm=False, modes=3)
2026-04-08 08:47:13  INFO       + BATTLE ROYALE CASUAL (ltm=False, modes=1)
2026-04-08 08:47:13  INFO       + RESURGENCE CASUAL (ltm=False, modes=1)
2026-04-08 08:47:13  INFO       Totaal: 4 playlists, seizoen: 
2026-04-08 08:47:13  INFO         OK: 4 playlists
2026-04-08 08:47:13  INFO     
[5/5] HTML updaten...
2026-04-08 08:47:13  INFO       [MIGRATIE] HTML succesvol bijgewerkt
2026-04-08 08:47:13  WARNING    [WAARSCHUWING] WZHUB leeg -- bestaande data behouden
2026-04-08 08:47:13  INFO         OK: Bijgewerkt op 08/04/2026 08:46
2026-04-08 08:47:13  INFO     
BuitKing's Loadouts bijgewerkt!
2026-04-08 08:47:13  INFO     =======================================================
2026-04-09 09:55:34  INFO     =======================================================
2026-04-09 09:55:34  INFO     BuitKing's Loadout Updater gestart (v8 - geen TeeP)
2026-04-09 09:55:34  INFO     Datum: 09/04/2026 09:55
2026-04-09 09:55:34  INFO     
[1/4] WZ Meta scrapen (warzoneloadout.games)...
2026-04-09 09:55:34  INFO       Ophalen: https://warzoneloadout.games/warzone-meta/
2026-04-09 09:55:35  INFO       + MK35 ISR (S, Assault Rifles, BO7)
2026-04-09 09:55:35  INFO       + Razor 9mm (S, SMGs, BO7)
2026-04-09 09:55:35  INFO       + Strider 300 (S, Sniper Rifles, BO7)
2026-04-09 09:55:35  INFO       + Peacekeeper Mk1 (A, Assault Rifles, BO7)
2026-04-09 09:55:35  INFO       + Hawker HX (A, Sniper Rifles, BO7)
2026-04-09 09:55:35  INFO       + VST (A, SMGs, BO7)
2026-04-09 09:55:35  INFO       + Dravec 45 (A, SMGs, BO7)
2026-04-09 09:55:35  INFO       + Voyak KT-3 (A, Assault Rifles, BO7)
2026-04-09 09:55:35  INFO       + Kogot-7 (A, SMGs, BO7)
2026-04-09 09:55:35  INFO       + XR-3 Ion (A, Sniper Rifles, BO7)
2026-04-09 09:55:35  INFO       + EGRT-17 (A, Assault Rifles, BO7)
2026-04-09 09:55:35  INFO       + MK.78 (A, LMGs, BO7)
2026-04-09 09:55:35  INFO       + Ryden 45K (A, SMGs, BO7)
2026-04-09 09:55:35  INFO       + MXR-17 (B, Assault Rifles, BO7)
2026-04-09 09:55:35  INFO       + AK-27 (B, Assault Rifles, BO7)
2026-04-09 09:55:35  INFO       + VS Recon (B, Sniper Rifles, BO7)
2026-04-09 09:55:35  INFO       + Carbon 57 (B, SMGs, BO7)
2026-04-09 09:55:35  INFO       + M15 Mod 0 (B, Assault Rifles, BO7)
2026-04-09 09:55:35  INFO       + REV-46 (B, SMGs, BO7)
2026-04-09 09:55:35  INFO       + X9 Maverick (B, Assault Rifles, BO7)
2026-04-09 09:55:35  INFO       + DS20 Mirage (B, Assault Rifles, BO7)
2026-04-09 09:55:35  INFO       + Sokol 545 (B, LMGs, BO7)
2026-04-09 09:55:35  INFO       + Sturmwolf 45 (B, SMGs, BO7)
2026-04-09 09:55:35  INFO       + Swordfish A1 (B, Marksman Rifles, BO7)
2026-04-09 09:55:35  INFO       + TR2 (B, Marksman Rifles, BO6)
2026-04-09 09:55:35  INFO       + LC10 (B, SMGs, BO6)
2026-04-09 09:55:35  INFO       + M8A1 (B, Marksman Rifles, BO7)
2026-04-09 09:55:35  INFO       Totaal: 27 wapens
2026-04-09 09:55:35  INFO         OK: 27 wapens
2026-04-09 09:55:35  INFO     
[2/4] WZHUB Meta scrapen (wzhub.gg)...
2026-04-09 09:55:36  INFO       Browser openen: https://wzhub.gg/loadouts
2026-04-09 09:56:08  WARNING    [FOUT] Playwright: Page.goto: Timeout 30000ms exceeded.
Call log:
  - navigating to "https://wzhub.gg/loadouts", waiting until "networkidle"

2026-04-09 09:56:08  INFO       Totaal: 0 wapens van wzhub.gg
2026-04-09 09:56:08  INFO         OK: 0 wapens
2026-04-09 09:56:08  INFO     
[3/4] RAW-data bouwen vanuit WZ Meta + WZHUB...
2026-04-09 09:56:08  INFO       RAW gebouwd: 27 wapens over 2 games
2026-04-09 09:56:08  INFO     
[4/4] Warzone Playlists scrapen (wzhub.gg/playlist/wz)...
2026-04-09 09:56:08  INFO       Ophalen: https://wzhub.gg/playlist/wz
2026-04-09 09:56:08  INFO       + BATTLE ROYALE (ltm=False, modes=1)
2026-04-09 09:56:08  INFO       + RESURGENCE (ltm=False, modes=3)
2026-04-09 09:56:08  INFO       + BATTLE ROYALE CASUAL (ltm=False, modes=1)
2026-04-09 09:56:08  INFO       + RESURGENCE CASUAL (ltm=False, modes=1)
2026-04-09 09:56:08  INFO       Totaal: 4 playlists, seizoen: 
2026-04-09 09:56:08  INFO         OK: 4 playlists
2026-04-09 09:56:08  INFO     
[5/5] HTML updaten...
2026-04-09 09:56:08  INFO       [MIGRATIE] HTML succesvol bijgewerkt
2026-04-09 09:56:08  WARNING    [WAARSCHUWING] WZHUB leeg -- bestaande data behouden
2026-04-09 09:56:08  INFO         OK: Bijgewerkt op 09/04/2026 09:55
2026-04-09 09:56:08  INFO     
BuitKing's Loadouts bijgewerkt!
2026-04-09 09:56:08  INFO     =======================================================
2026-04-10 09:50:11  INFO     =======================================================
2026-04-10 09:50:11  INFO     BuitKing's Loadout Updater gestart (v8 - geen TeeP)
2026-04-10 09:50:11  INFO     Datum: 10/04/2026 09:50
2026-04-10 09:50:11  INFO     
[1/4] WZ Meta scrapen (warzoneloadout.games)...
2026-04-10 09:50:11  INFO       Ophalen: https://warzoneloadout.games/warzone-meta/
2026-04-10 09:50:15  INFO       + MK35 ISR (S, Assault Rifles, BO7)
2026-04-10 09:50:15  INFO       + Razor 9mm (S, SMGs, BO7)
2026-04-10 09:50:15  INFO       + Strider 300 (S, Sniper Rifles, BO7)
2026-04-10 09:50:15  INFO       + Peacekeeper Mk1 (A, Assault Rifles, BO7)
2026-04-10 09:50:15  INFO       + Hawker HX (A, Sniper Rifles, BO7)
2026-04-10 09:50:15  INFO       + VST (A, SMGs, BO7)
2026-04-10 09:50:15  INFO       + Dravec 45 (A, SMGs, BO7)
2026-04-10 09:50:15  INFO       + Voyak KT-3 (A, Assault Rifles, BO7)
2026-04-10 09:50:15  INFO       + Kogot-7 (A, SMGs, BO7)
2026-04-10 09:50:15  INFO       + XR-3 Ion (A, Sniper Rifles, BO7)
2026-04-10 09:50:15  INFO       + EGRT-17 (A, Assault Rifles, BO7)
2026-04-10 09:50:15  INFO       + MK.78 (A, LMGs, BO7)
2026-04-10 09:50:15  INFO       + Ryden 45K (A, SMGs, BO7)
2026-04-10 09:50:15  INFO       + MXR-17 (B, Assault Rifles, BO7)
2026-04-10 09:50:15  INFO       + AK-27 (B, Assault Rifles, BO7)
2026-04-10 09:50:15  INFO       + VS Recon (B, Sniper Rifles, BO7)
2026-04-10 09:50:15  INFO       + Carbon 57 (B, SMGs, BO7)
2026-04-10 09:50:15  INFO       + M15 Mod 0 (B, Assault Rifles, BO7)
2026-04-10 09:50:15  INFO       + REV-46 (B, SMGs, BO7)
2026-04-10 09:50:15  INFO       + X9 Maverick (B, Assault Rifles, BO7)
2026-04-10 09:50:15  INFO       + DS20 Mirage (B, Assault Rifles, BO7)
2026-04-10 09:50:15  INFO       + Sokol 545 (B, LMGs, BO7)
2026-04-10 09:50:15  INFO       + Sturmwolf 45 (B, SMGs, BO7)
2026-04-10 09:50:15  INFO       + Swordfish A1 (B, Marksman Rifles, BO7)
2026-04-10 09:50:15  INFO       + TR2 (B, Marksman Rifles, BO6)
2026-04-10 09:50:15  INFO       + LC10 (B, SMGs, BO6)
2026-04-10 09:50:15  INFO       + M8A1 (B, Marksman Rifles, BO7)
2026-04-10 09:50:15  INFO       Totaal: 27 wapens
2026-04-10 09:50:15  INFO         OK: 27 wapens
2026-04-10 09:50:15  INFO     
[2/4] WZHUB Meta scrapen (wzhub.gg)...
2026-04-10 09:50:15  INFO       Browser openen: https://wzhub.gg/loadouts
2026-04-10 09:50:17  INFO       Pagina geladen — parsen...
2026-04-10 09:50:18  INFO       + Mk35 Isr (S, )
2026-04-10 09:50:18  INFO       + Vst (S, )
2026-04-10 09:50:18  INFO       + Hawker Hx (S, )
2026-04-10 09:50:18  INFO       + Voyak Kt-3 (A, )
2026-04-10 09:50:18  INFO       + Razor 9Mm (A, )
2026-04-10 09:50:18  INFO       + Dravec 45 (A, )
2026-04-10 09:50:18  INFO       + Egrt-17 (A, )
2026-04-10 09:50:18  INFO       + Ds20 Mirage (A, )
2026-04-10 09:50:18  INFO       + Sturmwolf 45 (A, )
2026-04-10 09:50:18  INFO       + Kogot-7 (A, )
2026-04-10 09:50:18  INFO       + Vs Recon (A, )
2026-04-10 09:50:18  INFO       + Mk.78 (A, )
2026-04-10 09:50:18  INFO       Totaal: 12 wapens van wzhub.gg
2026-04-10 09:50:18  INFO         OK: 12 wapens
2026-04-10 09:50:18  INFO     
[3/4] RAW-data bouwen vanuit WZ Meta + WZHUB...
2026-04-10 09:50:18  INFO       RAW gebouwd: 27 wapens over 2 games
2026-04-10 09:50:18  INFO     
[4/4] Warzone Playlists scrapen (wzhub.gg/playlist/wz)...
2026-04-10 09:50:18  INFO       Ophalen: https://wzhub.gg/playlist/wz
2026-04-10 09:50:18  INFO       + BATTLE ROYALE (ltm=False, modes=1)
2026-04-10 09:50:18  INFO       + RESURGENCE (ltm=False, modes=3)
2026-04-10 09:50:18  INFO       + BATTLE ROYALE CASUAL (ltm=False, modes=1)
2026-04-10 09:50:18  INFO       + RESURGENCE CASUAL (ltm=False, modes=1)
2026-04-10 09:50:18  INFO       Totaal: 4 playlists, seizoen: 
2026-04-10 09:50:18  INFO         OK: 4 playlists
2026-04-10 09:50:18  INFO     
[5/5] HTML updaten...
2026-04-10 09:50:18  INFO       [MIGRATIE] HTML succesvol bijgewerkt
2026-04-10 09:50:18  INFO         OK: Bijgewerkt op 10/04/2026 09:50
2026-04-10 09:50:18  INFO     
BuitKing's Loadouts bijgewerkt!
2026-04-10 09:50:18  INFO     =======================================================
2026-04-11 06:35:43  INFO     =======================================================
2026-04-11 06:35:43  INFO     BuitKing's Loadout Updater gestart (v8 - geen TeeP)
2026-04-11 06:35:43  INFO     Datum: 11/04/2026 06:35
2026-04-11 06:35:43  INFO     
[1/4] WZ Meta scrapen (warzoneloadout.games)...
2026-04-11 06:35:43  INFO       Ophalen: https://warzoneloadout.games/warzone-meta/
2026-04-11 06:35:43  INFO       + MK35 ISR (S, Assault Rifles, BO7)
2026-04-11 06:35:43  INFO       + Razor 9mm (S, SMGs, BO7)
2026-04-11 06:35:43  INFO       + Strider 300 (S, Sniper Rifles, BO7)
2026-04-11 06:35:43  INFO       + Peacekeeper Mk1 (A, Assault Rifles, BO7)
2026-04-11 06:35:43  INFO       + Hawker HX (A, Sniper Rifles, BO7)
2026-04-11 06:35:43  INFO       + VST (A, SMGs, BO7)
2026-04-11 06:35:43  INFO       + Dravec 45 (A, SMGs, BO7)
2026-04-11 06:35:43  INFO       + Voyak KT-3 (A, Assault Rifles, BO7)
2026-04-11 06:35:43  INFO       + Kogot-7 (A, SMGs, BO7)
2026-04-11 06:35:43  INFO       + XR-3 Ion (A, Sniper Rifles, BO7)
2026-04-11 06:35:43  INFO       + EGRT-17 (A, Assault Rifles, BO7)
2026-04-11 06:35:43  INFO       + MK.78 (A, LMGs, BO7)
2026-04-11 06:35:43  INFO       + Ryden 45K (A, SMGs, BO7)
2026-04-11 06:35:43  INFO       + MXR-17 (B, Assault Rifles, BO7)
2026-04-11 06:35:43  INFO       + AK-27 (B, Assault Rifles, BO7)
2026-04-11 06:35:43  INFO       + VS Recon (B, Sniper Rifles, BO7)
2026-04-11 06:35:43  INFO       + Carbon 57 (B, SMGs, BO7)
2026-04-11 06:35:43  INFO       + M15 Mod 0 (B, Assault Rifles, BO7)
2026-04-11 06:35:43  INFO       + REV-46 (B, SMGs, BO7)
2026-04-11 06:35:43  INFO       + X9 Maverick (B, Assault Rifles, BO7)
2026-04-11 06:35:43  INFO       + DS20 Mirage (B, Assault Rifles, BO7)
2026-04-11 06:35:43  INFO       + Sokol 545 (B, LMGs, BO7)
2026-04-11 06:35:43  INFO       + Sturmwolf 45 (B, SMGs, BO7)
2026-04-11 06:35:43  INFO       + Swordfish A1 (B, Marksman Rifles, BO7)
2026-04-11 06:35:43  INFO       + TR2 (B, Marksman Rifles, BO6)
2026-04-11 06:35:43  INFO       + LC10 (B, SMGs, BO6)
2026-04-11 06:35:43  INFO       + M8A1 (B, Marksman Rifles, BO7)
2026-04-11 06:35:43  INFO       Totaal: 27 wapens
2026-04-11 06:35:43  INFO         OK: 27 wapens
2026-04-11 06:35:43  INFO     
[2/4] WZHUB Meta scrapen (wzhub.gg)...
2026-04-11 06:35:44  INFO       Browser openen: https://wzhub.gg/loadouts
2026-04-11 06:36:16  WARNING    [FOUT] Playwright: Page.goto: Timeout 30000ms exceeded.
Call log:
  - navigating to "https://wzhub.gg/loadouts", waiting until "networkidle"

2026-04-11 06:36:16  INFO       Totaal: 0 wapens van wzhub.gg
2026-04-11 06:36:16  INFO         OK: 0 wapens
2026-04-11 06:36:16  INFO     
[3/4] RAW-data bouwen vanuit WZ Meta + WZHUB...
2026-04-11 06:36:16  INFO       RAW gebouwd: 27 wapens over 2 games
2026-04-11 06:36:16  INFO     
[4/4] Warzone Playlists scrapen (wzhub.gg/playlist/wz)...
2026-04-11 06:36:16  INFO       Ophalen: https://wzhub.gg/playlist/wz
2026-04-11 06:36:16  INFO       + BATTLE ROYALE (ltm=False, modes=1)
2026-04-11 06:36:16  INFO       + RESURGENCE (ltm=False, modes=3)
2026-04-11 06:36:16  INFO       + BATTLE ROYALE CASUAL (ltm=False, modes=1)
2026-04-11 06:36:16  INFO       + RESURGENCE CASUAL (ltm=False, modes=1)
2026-04-11 06:36:16  INFO       Totaal: 4 playlists, seizoen: 
2026-04-11 06:36:16  INFO         OK: 4 playlists
2026-04-11 06:36:16  INFO     
[5/5] HTML updaten...
2026-04-11 06:36:16  INFO       [MIGRATIE] HTML succesvol bijgewerkt
2026-04-11 06:36:16  WARNING    [WAARSCHUWING] WZHUB leeg -- bestaande data behouden
2026-04-11 06:36:16  INFO         OK: Bijgewerkt op 11/04/2026 06:35
2026-04-11 06:36:16  INFO     
BuitKing's Loadouts bijgewerkt!
2026-04-11 06:36:16  INFO     =======================================================
2026-04-12 06:51:48  INFO     =======================================================
2026-04-12 06:51:48  INFO     BuitKing's Loadout Updater gestart (v8 - geen TeeP)
2026-04-12 06:51:48  INFO     Datum: 12/04/2026 06:51
2026-04-12 06:51:48  INFO     
[1/4] WZ Meta scrapen (warzoneloadout.games)...
2026-04-12 06:51:48  INFO       Ophalen: https://warzoneloadout.games/warzone-meta/
2026-04-12 06:51:49  INFO       + MK35 ISR (S, Assault Rifles, BO7)
2026-04-12 06:51:49  INFO       + Razor 9mm (S, SMGs, BO7)
2026-04-12 06:51:49  INFO       + Strider 300 (S, Sniper Rifles, BO7)
2026-04-12 06:51:49  INFO       + Peacekeeper Mk1 (A, Assault Rifles, BO7)
2026-04-12 06:51:49  INFO       + Hawker HX (A, Sniper Rifles, BO7)
2026-04-12 06:51:49  INFO       + VST (A, SMGs, BO7)
2026-04-12 06:51:49  INFO       + Dravec 45 (A, SMGs, BO7)
2026-04-12 06:51:49  INFO       + Voyak KT-3 (A, Assault Rifles, BO7)
2026-04-12 06:51:49  INFO       + Kogot-7 (A, SMGs, BO7)
2026-04-12 06:51:49  INFO       + XR-3 Ion (A, Sniper Rifles, BO7)
2026-04-12 06:51:49  INFO       + EGRT-17 (A, Assault Rifles, BO7)
2026-04-12 06:51:49  INFO       + MK.78 (A, LMGs, BO7)
2026-04-12 06:51:49  INFO       + Ryden 45K (A, SMGs, BO7)
2026-04-12 06:51:49  INFO       + MXR-17 (B, Assault Rifles, BO7)
2026-04-12 06:51:49  INFO       + AK-27 (B, Assault Rifles, BO7)
2026-04-12 06:51:49  INFO       + VS Recon (B, Sniper Rifles, BO7)
2026-04-12 06:51:49  INFO       + Carbon 57 (B, SMGs, BO7)
2026-04-12 06:51:49  INFO       + M15 Mod 0 (B, Assault Rifles, BO7)
2026-04-12 06:51:49  INFO       + REV-46 (B, SMGs, BO7)
2026-04-12 06:51:49  INFO       + X9 Maverick (B, Assault Rifles, BO7)
2026-04-12 06:51:49  INFO       + DS20 Mirage (B, Assault Rifles, BO7)
2026-04-12 06:51:49  INFO       + Sokol 545 (B, LMGs, BO7)
2026-04-12 06:51:49  INFO       + Sturmwolf 45 (B, SMGs, BO7)
2026-04-12 06:51:49  INFO       + Swordfish A1 (B, Marksman Rifles, BO7)
2026-04-12 06:51:49  INFO       + TR2 (B, Marksman Rifles, BO6)
2026-04-12 06:51:49  INFO       + LC10 (B, SMGs, BO6)
2026-04-12 06:51:49  INFO       + M8A1 (B, Marksman Rifles, BO7)
2026-04-12 06:51:49  INFO       Totaal: 27 wapens
2026-04-12 06:51:49  INFO         OK: 27 wapens
2026-04-12 06:51:49  INFO     
[2/4] WZHUB Meta scrapen (wzhub.gg)...
2026-04-12 06:51:50  INFO       Browser openen: https://wzhub.gg/loadouts
2026-04-12 06:52:22  WARNING    [FOUT] Playwright: Page.goto: Timeout 30000ms exceeded.
Call log:
  - navigating to "https://wzhub.gg/loadouts", waiting until "networkidle"

2026-04-12 06:52:22  INFO       Totaal: 0 wapens van wzhub.gg
2026-04-12 06:52:22  INFO         OK: 0 wapens
2026-04-12 06:52:22  INFO     
[3/4] RAW-data bouwen vanuit WZ Meta + WZHUB...
2026-04-12 06:52:22  INFO       RAW gebouwd: 27 wapens over 2 games
2026-04-12 06:52:22  INFO     
[4/4] Warzone Playlists scrapen (wzhub.gg/playlist/wz)...
2026-04-12 06:52:22  INFO       Ophalen: https://wzhub.gg/playlist/wz
2026-04-12 06:52:23  INFO       + BATTLE ROYALE (ltm=False, modes=1)
2026-04-12 06:52:23  INFO       + RESURGENCE (ltm=False, modes=3)
2026-04-12 06:52:23  INFO       + BATTLE ROYALE CASUAL (ltm=False, modes=1)
2026-04-12 06:52:23  INFO       + RESURGENCE CASUAL (ltm=False, modes=1)
2026-04-12 06:52:23  INFO       Totaal: 4 playlists, seizoen: 
2026-04-12 06:52:23  INFO         OK: 4 playlists
2026-04-12 06:52:23  INFO     
[5/5] HTML updaten...
2026-04-12 06:52:23  INFO       [MIGRATIE] HTML succesvol bijgewerkt
2026-04-12 06:52:23  WARNING    [WAARSCHUWING] WZHUB leeg -- bestaande data behouden
2026-04-12 06:52:23  INFO         OK: Bijgewerkt op 12/04/2026 06:51
2026-04-12 06:52:23  INFO     
BuitKing's Loadouts bijgewerkt!
2026-04-12 06:52:23  INFO     =======================================================
2026-04-13 07:24:30  INFO     =======================================================
2026-04-13 07:24:30  INFO     BuitKing's Loadout Updater gestart (v8 - geen TeeP)
2026-04-13 07:24:30  INFO     Datum: 13/04/2026 07:24
2026-04-13 07:24:30  INFO     
[1/4] WZ Meta scrapen (warzoneloadout.games)...
2026-04-13 07:24:30  INFO       Ophalen: https://warzoneloadout.games/warzone-meta/
2026-04-13 07:24:31  INFO       + MK35 ISR (S, Assault Rifles, BO7)
2026-04-13 07:24:31  INFO       + Razor 9mm (S, SMGs, BO7)
2026-04-13 07:24:31  INFO       + Strider 300 (S, Sniper Rifles, BO7)
2026-04-13 07:24:31  INFO       + Peacekeeper Mk1 (A, Assault Rifles, BO7)
2026-04-13 07:24:31  INFO       + Hawker HX (A, Sniper Rifles, BO7)
2026-04-13 07:24:31  INFO       + VST (A, SMGs, BO7)
2026-04-13 07:24:31  INFO       + Dravec 45 (A, SMGs, BO7)
2026-04-13 07:24:31  INFO       + Voyak KT-3 (A, Assault Rifles, BO7)
2026-04-13 07:24:31  INFO       + Kogot-7 (A, SMGs, BO7)
2026-04-13 07:24:31  INFO       + XR-3 Ion (A, Sniper Rifles, BO7)
2026-04-13 07:24:31  INFO       + EGRT-17 (A, Assault Rifles, BO7)
2026-04-13 07:24:31  INFO       + MK.78 (A, LMGs, BO7)
2026-04-13 07:24:31  INFO       + Ryden 45K (A, SMGs, BO7)
2026-04-13 07:24:31  INFO       + MXR-17 (B, Assault Rifles, BO7)
2026-04-13 07:24:31  INFO       + AK-27 (B, Assault Rifles, BO7)
2026-04-13 07:24:31  INFO       + VS Recon (B, Sniper Rifles, BO7)
2026-04-13 07:24:31  INFO       + Carbon 57 (B, SMGs, BO7)
2026-04-13 07:24:31  INFO       + M15 Mod 0 (B, Assault Rifles, BO7)
2026-04-13 07:24:31  INFO       + REV-46 (B, SMGs, BO7)
2026-04-13 07:24:31  INFO       + X9 Maverick (B, Assault Rifles, BO7)
2026-04-13 07:24:31  INFO       + DS20 Mirage (B, Assault Rifles, BO7)
2026-04-13 07:24:31  INFO       + Sokol 545 (B, LMGs, BO7)
2026-04-13 07:24:31  INFO       + Sturmwolf 45 (B, SMGs, BO7)
2026-04-13 07:24:31  INFO       + Swordfish A1 (B, Marksman Rifles, BO7)
2026-04-13 07:24:31  INFO       + TR2 (B, Marksman Rifles, BO6)
2026-04-13 07:24:31  INFO       + LC10 (B, SMGs, BO6)
2026-04-13 07:24:31  INFO       + M8A1 (B, Marksman Rifles, BO7)
2026-04-13 07:24:31  INFO       Totaal: 27 wapens
2026-04-13 07:24:31  INFO         OK: 27 wapens
2026-04-13 07:24:31  INFO     
[2/4] WZHUB Meta scrapen (wzhub.gg)...
2026-04-13 07:24:31  INFO       Browser openen: https://wzhub.gg/loadouts
2026-04-13 07:25:03  WARNING    [FOUT] Playwright: Page.goto: Timeout 30000ms exceeded.
Call log:
  - navigating to "https://wzhub.gg/loadouts", waiting until "networkidle"

2026-04-13 07:25:03  INFO       Totaal: 0 wapens van wzhub.gg
2026-04-13 07:25:03  INFO         OK: 0 wapens
2026-04-13 07:25:03  INFO     
[3/4] RAW-data bouwen vanuit WZ Meta + WZHUB...
2026-04-13 07:25:03  INFO       RAW gebouwd: 27 wapens over 2 games
2026-04-13 07:25:03  INFO     
[4/4] Warzone Playlists scrapen (wzhub.gg/playlist/wz)...
2026-04-13 07:25:03  INFO       Ophalen: https://wzhub.gg/playlist/wz
2026-04-13 07:25:03  INFO       + BATTLE ROYALE (ltm=False, modes=1)
2026-04-13 07:25:03  INFO       + RESURGENCE (ltm=False, modes=3)
2026-04-13 07:25:03  INFO       + BATTLE ROYALE CASUAL (ltm=False, modes=1)
2026-04-13 07:25:03  INFO       + RESURGENCE CASUAL (ltm=False, modes=1)
2026-04-13 07:25:03  INFO       Totaal: 4 playlists, seizoen: 
2026-04-13 07:25:03  INFO         OK: 4 playlists
2026-04-13 07:25:03  INFO     
[5/5] HTML updaten...
2026-04-13 07:25:03  INFO       [MIGRATIE] HTML succesvol bijgewerkt
2026-04-13 07:25:03  WARNING    [WAARSCHUWING] WZHUB leeg -- bestaande data behouden
2026-04-13 07:25:03  INFO         OK: Bijgewerkt op 13/04/2026 07:24
2026-04-13 07:25:03  INFO     
BuitKing's Loadouts bijgewerkt!
2026-04-13 07:25:03  INFO     =======================================================
2026-04-14 07:05:29  INFO     =======================================================
2026-04-14 07:05:29  INFO     BuitKing's Loadout Updater gestart (v8 - geen TeeP)
2026-04-14 07:05:29  INFO     Datum: 14/04/2026 07:05
2026-04-14 07:05:29  INFO     
[1/4] WZ Meta scrapen (warzoneloadout.games)...
2026-04-14 07:05:29  INFO       Ophalen: https://warzoneloadout.games/warzone-meta/
2026-04-14 07:05:30  INFO       + MK35 ISR (S, Assault Rifles, BO7)
2026-04-14 07:05:30  INFO       + Razor 9mm (S, SMGs, BO7)
2026-04-14 07:05:30  INFO       + Strider 300 (S, Sniper Rifles, BO7)
2026-04-14 07:05:30  INFO       + Peacekeeper Mk1 (A, Assault Rifles, BO7)
2026-04-14 07:05:30  INFO       + Hawker HX (A, Sniper Rifles, BO7)
2026-04-14 07:05:30  INFO       + VST (A, SMGs, BO7)
2026-04-14 07:05:30  INFO       + Dravec 45 (A, SMGs, BO7)
2026-04-14 07:05:30  INFO       + Voyak KT-3 (A, Assault Rifles, BO7)
2026-04-14 07:05:30  INFO       + Kogot-7 (A, SMGs, BO7)
2026-04-14 07:05:30  INFO       + XR-3 Ion (A, Sniper Rifles, BO7)
2026-04-14 07:05:30  INFO       + EGRT-17 (A, Assault Rifles, BO7)
2026-04-14 07:05:30  INFO       + MK.78 (A, LMGs, BO7)
2026-04-14 07:05:30  INFO       + Ryden 45K (A, SMGs, BO7)
2026-04-14 07:05:30  INFO       + MXR-17 (B, Assault Rifles, BO7)
2026-04-14 07:05:30  INFO       + AK-27 (B, Assault Rifles, BO7)
2026-04-14 07:05:30  INFO       + VS Recon (B, Sniper Rifles, BO7)
2026-04-14 07:05:30  INFO       + Carbon 57 (B, SMGs, BO7)
2026-04-14 07:05:30  INFO       + M15 Mod 0 (B, Assault Rifles, BO7)
2026-04-14 07:05:30  INFO       + REV-46 (B, SMGs, BO7)
2026-04-14 07:05:30  INFO       + X9 Maverick (B, Assault Rifles, BO7)
2026-04-14 07:05:30  INFO       + DS20 Mirage (B, Assault Rifles, BO7)
2026-04-14 07:05:30  INFO       + Sokol 545 (B, LMGs, BO7)
2026-04-14 07:05:30  INFO       + Sturmwolf 45 (B, SMGs, BO7)
2026-04-14 07:05:30  INFO       + Swordfish A1 (B, Marksman Rifles, BO7)
2026-04-14 07:05:30  INFO       + TR2 (B, Marksman Rifles, BO6)
2026-04-14 07:05:30  INFO       + LC10 (B, SMGs, BO6)
2026-04-14 07:05:30  INFO       + M8A1 (B, Marksman Rifles, BO7)
2026-04-14 07:05:30  INFO       Totaal: 27 wapens
2026-04-14 07:05:30  INFO         OK: 27 wapens
2026-04-14 07:05:30  INFO     
[2/4] WZHUB Meta scrapen (wzhub.gg)...
2026-04-14 07:05:30  INFO       Browser openen: https://wzhub.gg/loadouts
2026-04-14 07:05:41  INFO       Pagina geladen — parsen...
2026-04-14 07:05:41  INFO       + Mk35 Isr (S, )
2026-04-14 07:05:41  INFO       + Vst (S, )
2026-04-14 07:05:41  INFO       + Hawker Hx (S, )
2026-04-14 07:05:41  INFO       + Voyak Kt-3 (A, )
2026-04-14 07:05:41  INFO       + Razor 9Mm (A, )
2026-04-14 07:05:41  INFO       + Dravec 45 (A, )
2026-04-14 07:05:41  INFO       + Egrt-17 (A, )
2026-04-14 07:05:41  INFO       + Ds20 Mirage (A, )
2026-04-14 07:05:41  INFO       + Sturmwolf 45 (A, )
2026-04-14 07:05:41  INFO       + Kogot-7 (A, )
2026-04-14 07:05:41  INFO       + Vs Recon (A, )
2026-04-14 07:05:41  INFO       + Mk.78 (A, )
2026-04-14 07:05:41  INFO       Totaal: 12 wapens van wzhub.gg
2026-04-14 07:05:41  INFO         OK: 12 wapens
2026-04-14 07:05:41  INFO     
[3/4] RAW-data bouwen vanuit WZ Meta + WZHUB...
2026-04-14 07:05:41  INFO       RAW gebouwd: 27 wapens over 2 games
2026-04-14 07:05:41  INFO     
[4/4] Warzone Playlists scrapen (wzhub.gg/playlist/wz)...
2026-04-14 07:05:41  INFO       Ophalen: https://wzhub.gg/playlist/wz
2026-04-14 07:05:42  INFO       + BATTLE ROYALE (ltm=False, modes=1)
2026-04-14 07:05:42  INFO       + RESURGENCE (ltm=False, modes=3)
2026-04-14 07:05:42  INFO       + BATTLE ROYALE CASUAL (ltm=False, modes=1)
2026-04-14 07:05:42  INFO       + RESURGENCE CASUAL (ltm=False, modes=1)
2026-04-14 07:05:42  INFO       Totaal: 4 playlists, seizoen: 
2026-04-14 07:05:42  INFO         OK: 4 playlists
2026-04-14 07:05:42  INFO     
[5/5] HTML updaten...
2026-04-14 07:05:42  INFO       [MIGRATIE] HTML succesvol bijgewerkt
2026-04-14 07:05:42  INFO         OK: Bijgewerkt op 14/04/2026 07:05
2026-04-14 07:05:42  INFO     
BuitKing's Loadouts bijgewerkt!
2026-04-14 07:05:42  INFO     =======================================================
2026-04-15 07:06:46  INFO     =======================================================
2026-04-15 07:06:46  INFO     BuitKing's Loadout Updater gestart (v8 - geen TeeP)
2026-04-15 07:06:46  INFO     Datum: 15/04/2026 07:06
2026-04-15 07:06:46  INFO     
[1/4] WZ Meta scrapen (warzoneloadout.games)...
2026-04-15 07:06:46  INFO       Ophalen: https://warzoneloadout.games/warzone-meta/
2026-04-15 07:06:47  INFO       + MK35 ISR (S, Assault Rifles, BO7)
2026-04-15 07:06:47  INFO       + Razor 9mm (S, SMGs, BO7)
2026-04-15 07:06:47  INFO       + Strider 300 (S, Sniper Rifles, BO7)
2026-04-15 07:06:47  INFO       + Peacekeeper Mk1 (A, Assault Rifles, BO7)
2026-04-15 07:06:47  INFO       + Hawker HX (A, Sniper Rifles, BO7)
2026-04-15 07:06:47  INFO       + VST (A, SMGs, BO7)
2026-04-15 07:06:47  INFO       + Dravec 45 (A, SMGs, BO7)
2026-04-15 07:06:47  INFO       + Voyak KT-3 (A, Assault Rifles, BO7)
2026-04-15 07:06:47  INFO       + Kogot-7 (A, SMGs, BO7)
2026-04-15 07:06:47  INFO       + XR-3 Ion (A, Sniper Rifles, BO7)
2026-04-15 07:06:47  INFO       + EGRT-17 (A, Assault Rifles, BO7)
2026-04-15 07:06:47  INFO       + MK.78 (A, LMGs, BO7)
2026-04-15 07:06:47  INFO       + Ryden 45K (A, SMGs, BO7)
2026-04-15 07:06:47  INFO       + MXR-17 (B, Assault Rifles, BO7)
2026-04-15 07:06:47  INFO       + AK-27 (B, Assault Rifles, BO7)
2026-04-15 07:06:47  INFO       + VS Recon (B, Sniper Rifles, BO7)
2026-04-15 07:06:47  INFO       + Carbon 57 (B, SMGs, BO7)
2026-04-15 07:06:47  INFO       + M15 Mod 0 (B, Assault Rifles, BO7)
2026-04-15 07:06:47  INFO       + REV-46 (B, SMGs, BO7)
2026-04-15 07:06:47  INFO       + X9 Maverick (B, Assault Rifles, BO7)
2026-04-15 07:06:47  INFO       + DS20 Mirage (B, Assault Rifles, BO7)
2026-04-15 07:06:47  INFO       + Sokol 545 (B, LMGs, BO7)
2026-04-15 07:06:47  INFO       + Sturmwolf 45 (B, SMGs, BO7)
2026-04-15 07:06:47  INFO       + Swordfish A1 (B, Marksman Rifles, BO7)
2026-04-15 07:06:47  INFO       + TR2 (B, Marksman Rifles, BO6)
2026-04-15 07:06:47  INFO       + LC10 (B, SMGs, BO6)
2026-04-15 07:06:47  INFO       + M8A1 (B, Marksman Rifles, BO7)
2026-04-15 07:06:47  INFO       Totaal: 27 wapens
2026-04-15 07:06:47  INFO         OK: 27 wapens
2026-04-15 07:06:47  INFO     
[2/4] WZHUB Meta scrapen (wzhub.gg)...
2026-04-15 07:06:48  INFO       Browser openen: https://wzhub.gg/loadouts
2026-04-15 07:07:19  WARNING    [FOUT] Playwright: Page.goto: Timeout 30000ms exceeded.
Call log:
  - navigating to "https://wzhub.gg/loadouts", waiting until "networkidle"

2026-04-15 07:07:19  INFO       Totaal: 0 wapens van wzhub.gg
2026-04-15 07:07:19  INFO         OK: 0 wapens
2026-04-15 07:07:19  INFO     
[3/4] RAW-data bouwen vanuit WZ Meta + WZHUB...
2026-04-15 07:07:19  INFO       RAW gebouwd: 27 wapens over 2 games
2026-04-15 07:07:19  INFO     
[4/4] Warzone Playlists scrapen (wzhub.gg/playlist/wz)...
2026-04-15 07:07:19  INFO       Ophalen: https://wzhub.gg/playlist/wz
2026-04-15 07:07:20  INFO       + BATTLE ROYALE (ltm=False, modes=1)
2026-04-15 07:07:20  INFO       + RESURGENCE (ltm=False, modes=3)
2026-04-15 07:07:20  INFO       + BATTLE ROYALE CASUAL (ltm=False, modes=1)
2026-04-15 07:07:20  INFO       + RESURGENCE CASUAL (ltm=False, modes=1)
2026-04-15 07:07:20  INFO       Totaal: 4 playlists, seizoen: 
2026-04-15 07:07:20  INFO         OK: 4 playlists
2026-04-15 07:07:20  INFO     
[5/5] HTML updaten...
2026-04-15 07:07:20  INFO       [MIGRATIE] HTML succesvol bijgewerkt
2026-04-15 07:07:20  WARNING    [WAARSCHUWING] WZHUB leeg -- bestaande data behouden
2026-04-15 07:07:20  INFO         OK: Bijgewerkt op 15/04/2026 07:06
2026-04-15 07:07:20  INFO     
BuitKing's Loadouts bijgewerkt!
2026-04-15 07:07:20  INFO     =======================================================
2026-04-16 07:08:20  INFO     =======================================================
2026-04-16 07:08:20  INFO     BuitKing's Loadout Updater gestart (v8 - geen TeeP)
2026-04-16 07:08:20  INFO     Datum: 16/04/2026 07:08
2026-04-16 07:08:20  INFO     
[1/4] WZ Meta scrapen (warzoneloadout.games)...
2026-04-16 07:08:20  INFO       Ophalen: https://warzoneloadout.games/warzone-meta/
2026-04-16 07:08:21  INFO       + MK35 ISR (S, Assault Rifles, BO7)
2026-04-16 07:08:21  INFO       + Razor 9mm (S, SMGs, BO7)
2026-04-16 07:08:21  INFO       + Strider 300 (S, Sniper Rifles, BO7)
2026-04-16 07:08:21  INFO       + Peacekeeper Mk1 (A, Assault Rifles, BO7)
2026-04-16 07:08:21  INFO       + Hawker HX (A, Sniper Rifles, BO7)
2026-04-16 07:08:21  INFO       + VST (A, SMGs, BO7)
2026-04-16 07:08:21  INFO       + Dravec 45 (A, SMGs, BO7)
2026-04-16 07:08:21  INFO       + Voyak KT-3 (A, Assault Rifles, BO7)
2026-04-16 07:08:21  INFO       + Kogot-7 (A, SMGs, BO7)
2026-04-16 07:08:21  INFO       + XR-3 Ion (A, Sniper Rifles, BO7)
2026-04-16 07:08:21  INFO       + EGRT-17 (A, Assault Rifles, BO7)
2026-04-16 07:08:21  INFO       + MK.78 (A, LMGs, BO7)
2026-04-16 07:08:21  INFO       + Ryden 45K (A, SMGs, BO7)
2026-04-16 07:08:21  INFO       + MXR-17 (B, Assault Rifles, BO7)
2026-04-16 07:08:21  INFO       + AK-27 (B, Assault Rifles, BO7)
2026-04-16 07:08:21  INFO       + VS Recon (B, Sniper Rifles, BO7)
2026-04-16 07:08:21  INFO       + Carbon 57 (B, SMGs, BO7)
2026-04-16 07:08:21  INFO       + M15 Mod 0 (B, Assault Rifles, BO7)
2026-04-16 07:08:21  INFO       + REV-46 (B, SMGs, BO7)
2026-04-16 07:08:21  INFO       + X9 Maverick (B, Assault Rifles, BO7)
2026-04-16 07:08:21  INFO       + DS20 Mirage (B, Assault Rifles, BO7)
2026-04-16 07:08:21  INFO       + Sokol 545 (B, LMGs, BO7)
2026-04-16 07:08:21  INFO       + Sturmwolf 45 (B, SMGs, BO7)
2026-04-16 07:08:21  INFO       + Swordfish A1 (B, Marksman Rifles, BO7)
2026-04-16 07:08:21  INFO       + TR2 (B, Marksman Rifles, BO6)
2026-04-16 07:08:21  INFO       + LC10 (B, SMGs, BO6)
2026-04-16 07:08:21  INFO       + M8A1 (B, Marksman Rifles, BO7)
2026-04-16 07:08:21  INFO       Totaal: 27 wapens
2026-04-16 07:08:21  INFO         OK: 27 wapens
2026-04-16 07:08:21  INFO     
[2/4] WZHUB Meta scrapen (wzhub.gg)...
2026-04-16 07:08:21  INFO       Browser openen: https://wzhub.gg/loadouts
2026-04-16 07:08:31  INFO       Pagina geladen — parsen...
2026-04-16 07:08:31  INFO       + Mk35 Isr (S, )
2026-04-16 07:08:31  INFO       + Vst (S, )
2026-04-16 07:08:31  INFO       + Hawker Hx (S, )
2026-04-16 07:08:31  INFO       + Voyak Kt-3 (A, )
2026-04-16 07:08:31  INFO       + Razor 9Mm (A, )
2026-04-16 07:08:31  INFO       + Dravec 45 (A, )
2026-04-16 07:08:31  INFO       + Egrt-17 (A, )
2026-04-16 07:08:31  INFO       + Ds20 Mirage (A, )
2026-04-16 07:08:31  INFO       + Sturmwolf 45 (A, )
2026-04-16 07:08:31  INFO       + Kogot-7 (A, )
2026-04-16 07:08:31  INFO       + Vs Recon (A, )
2026-04-16 07:08:31  INFO       + Mk.78 (A, )
2026-04-16 07:08:31  INFO       Totaal: 12 wapens van wzhub.gg
2026-04-16 07:08:31  INFO         OK: 12 wapens
2026-04-16 07:08:31  INFO     
[3/4] RAW-data bouwen vanuit WZ Meta + WZHUB...
2026-04-16 07:08:31  INFO       RAW gebouwd: 27 wapens over 2 games
2026-04-16 07:08:31  INFO     
[4/4] Warzone Playlists scrapen (wzhub.gg/playlist/wz)...
2026-04-16 07:08:31  INFO       Ophalen: https://wzhub.gg/playlist/wz
2026-04-16 07:08:32  INFO       + BATTLE ROYALE (ltm=False, modes=1)
2026-04-16 07:08:32  INFO       + RESURGENCE (ltm=False, modes=3)
2026-04-16 07:08:32  INFO       + BATTLE ROYALE CASUAL (ltm=False, modes=1)
2026-04-16 07:08:32  INFO       + RESURGENCE CASUAL (ltm=False, modes=1)
2026-04-16 07:08:32  INFO       Totaal: 4 playlists, seizoen: 
2026-04-16 07:08:32  INFO         OK: 4 playlists
2026-04-16 07:08:32  INFO     
[5/5] HTML updaten...
2026-04-16 07:08:32  INFO       [MIGRATIE] HTML succesvol bijgewerkt
2026-04-16 07:08:32  INFO         OK: Bijgewerkt op 16/04/2026 07:08
2026-04-16 07:08:32  INFO     
BuitKing's Loadouts bijgewerkt!
2026-04-16 07:08:32  INFO     =======================================================
2026-04-17 07:08:37  INFO     =======================================================
2026-04-17 07:08:37  INFO     BuitKing's Loadout Updater gestart (v8 - geen TeeP)
2026-04-17 07:08:37  INFO     Datum: 17/04/2026 07:08
2026-04-17 07:08:37  INFO     
[1/4] WZ Meta scrapen (warzoneloadout.games)...
2026-04-17 07:08:37  INFO       Ophalen: https://warzoneloadout.games/warzone-meta/
2026-04-17 07:08:38  INFO       + MK35 ISR (S, Assault Rifles, BO7)
2026-04-17 07:08:38  INFO       + Razor 9mm (S, SMGs, BO7)
2026-04-17 07:08:38  INFO       + Strider 300 (S, Sniper Rifles, BO7)
2026-04-17 07:08:38  INFO       + Peacekeeper Mk1 (A, Assault Rifles, BO7)
2026-04-17 07:08:38  INFO       + Hawker HX (A, Sniper Rifles, BO7)
2026-04-17 07:08:38  INFO       + VST (A, SMGs, BO7)
2026-04-17 07:08:38  INFO       + Dravec 45 (A, SMGs, BO7)
2026-04-17 07:08:38  INFO       + Voyak KT-3 (A, Assault Rifles, BO7)
2026-04-17 07:08:38  INFO       + Kogot-7 (A, SMGs, BO7)
2026-04-17 07:08:38  INFO       + XR-3 Ion (A, Sniper Rifles, BO7)
2026-04-17 07:08:38  INFO       + EGRT-17 (A, Assault Rifles, BO7)
2026-04-17 07:08:38  INFO       + MK.78 (A, LMGs, BO7)
2026-04-17 07:08:38  INFO       + Ryden 45K (A, SMGs, BO7)
2026-04-17 07:08:38  INFO       + MXR-17 (B, Assault Rifles, BO7)
2026-04-17 07:08:38  INFO       + AK-27 (B, Assault Rifles, BO7)
2026-04-17 07:08:38  INFO       + VS Recon (B, Sniper Rifles, BO7)
2026-04-17 07:08:38  INFO       + Carbon 57 (B, SMGs, BO7)
2026-04-17 07:08:38  INFO       + M15 Mod 0 (B, Assault Rifles, BO7)
2026-04-17 07:08:38  INFO       + REV-46 (B, SMGs, BO7)
2026-04-17 07:08:38  INFO       + X9 Maverick (B, Assault Rifles, BO7)
2026-04-17 07:08:38  INFO       + DS20 Mirage (B, Assault Rifles, BO7)
2026-04-17 07:08:38  INFO       + Sokol 545 (B, LMGs, BO7)
2026-04-17 07:08:38  INFO       + Sturmwolf 45 (B, SMGs, BO7)
2026-04-17 07:08:38  INFO       + Swordfish A1 (B, Marksman Rifles, BO7)
2026-04-17 07:08:38  INFO       + TR2 (B, Marksman Rifles, BO6)
2026-04-17 07:08:38  INFO       + LC10 (B, SMGs, BO6)
2026-04-17 07:08:38  INFO       + M8A1 (B, Marksman Rifles, BO7)
2026-04-17 07:08:38  INFO       Totaal: 27 wapens
2026-04-17 07:08:38  INFO         OK: 27 wapens
2026-04-17 07:08:38  INFO     
[2/4] WZHUB Meta scrapen (wzhub.gg)...
2026-04-17 07:08:38  INFO       Browser openen: https://wzhub.gg/loadouts
2026-04-17 07:09:09  WARNING    [FOUT] Playwright: Page.goto: Timeout 30000ms exceeded.
Call log:
  - navigating to "https://wzhub.gg/loadouts", waiting until "networkidle"

2026-04-17 07:09:09  INFO       Totaal: 0 wapens van wzhub.gg
2026-04-17 07:09:09  INFO         OK: 0 wapens
2026-04-17 07:09:09  INFO     
[3/4] RAW-data bouwen vanuit WZ Meta + WZHUB...
2026-04-17 07:09:09  INFO       RAW gebouwd: 27 wapens over 2 games
2026-04-17 07:09:09  INFO     
[4/4] Warzone Playlists scrapen (wzhub.gg/playlist/wz)...
2026-04-17 07:09:09  INFO       Ophalen: https://wzhub.gg/playlist/wz
2026-04-17 07:09:09  INFO       + BATTLE ROYALE (ltm=False, modes=1)
2026-04-17 07:09:09  INFO       + RESURGENCE (ltm=False, modes=3)
2026-04-17 07:09:09  INFO       + BATTLE ROYALE CASUAL (ltm=False, modes=1)
2026-04-17 07:09:09  INFO       + RESURGENCE CASUAL (ltm=False, modes=1)
2026-04-17 07:09:09  INFO       Totaal: 4 playlists, seizoen: 
2026-04-17 07:09:09  INFO         OK: 4 playlists
2026-04-17 07:09:09  INFO     
[5/5] HTML updaten...
2026-04-17 07:09:09  INFO       [MIGRATIE] HTML succesvol bijgewerkt
2026-04-17 07:09:09  WARNING    [WAARSCHUWING] WZHUB leeg -- bestaande data behouden
2026-04-17 07:09:09  INFO         OK: Bijgewerkt op 17/04/2026 07:08
2026-04-17 07:09:09  INFO     
BuitKing's Loadouts bijgewerkt!
2026-04-17 07:09:09  INFO     =======================================================
2026-04-18 06:42:28  INFO     =======================================================
2026-04-18 06:42:28  INFO     BuitKing's Loadout Updater gestart (v8 - geen TeeP)
2026-04-18 06:42:28  INFO     Datum: 18/04/2026 06:42
2026-04-18 06:42:28  INFO     
[1/4] WZ Meta scrapen (warzoneloadout.games)...
2026-04-18 06:42:28  INFO       Ophalen: https://warzoneloadout.games/warzone-meta/
2026-04-18 06:42:29  INFO       + MK35 ISR (S, Assault Rifles, BO7)
2026-04-18 06:42:29  INFO       + Razor 9mm (S, SMGs, BO7)
2026-04-18 06:42:29  INFO       + Strider 300 (S, Sniper Rifles, BO7)
2026-04-18 06:42:29  INFO       + Peacekeeper Mk1 (A, Assault Rifles, BO7)
2026-04-18 06:42:29  INFO       + Hawker HX (A, Sniper Rifles, BO7)
2026-04-18 06:42:29  INFO       + VST (A, SMGs, BO7)
2026-04-18 06:42:29  INFO       + Dravec 45 (A, SMGs, BO7)
2026-04-18 06:42:29  INFO       + Voyak KT-3 (A, Assault Rifles, BO7)
2026-04-18 06:42:29  INFO       + Kogot-7 (A, SMGs, BO7)
2026-04-18 06:42:29  INFO       + XR-3 Ion (A, Sniper Rifles, BO7)
2026-04-18 06:42:29  INFO       + EGRT-17 (A, Assault Rifles, BO7)
2026-04-18 06:42:29  INFO       + MK.78 (A, LMGs, BO7)
2026-04-18 06:42:29  INFO       + Ryden 45K (A, SMGs, BO7)
2026-04-18 06:42:29  INFO       + MXR-17 (B, Assault Rifles, BO7)
2026-04-18 06:42:29  INFO       + AK-27 (B, Assault Rifles, BO7)
2026-04-18 06:42:29  INFO       + VS Recon (B, Sniper Rifles, BO7)
2026-04-18 06:42:29  INFO       + Carbon 57 (B, SMGs, BO7)
2026-04-18 06:42:29  INFO       + M15 Mod 0 (B, Assault Rifles, BO7)
2026-04-18 06:42:29  INFO       + REV-46 (B, SMGs, BO7)
2026-04-18 06:42:29  INFO       + X9 Maverick (B, Assault Rifles, BO7)
2026-04-18 06:42:29  INFO       + DS20 Mirage (B, Assault Rifles, BO7)
2026-04-18 06:42:29  INFO       + Sokol 545 (B, LMGs, BO7)
2026-04-18 06:42:29  INFO       + Sturmwolf 45 (B, SMGs, BO7)
2026-04-18 06:42:29  INFO       + Swordfish A1 (B, Marksman Rifles, BO7)
2026-04-18 06:42:29  INFO       + TR2 (B, Marksman Rifles, BO6)
2026-04-18 06:42:29  INFO       + LC10 (B, SMGs, BO6)
2026-04-18 06:42:29  INFO       + M8A1 (B, Marksman Rifles, BO7)
2026-04-18 06:42:29  INFO       Totaal: 27 wapens
2026-04-18 06:42:29  INFO         OK: 27 wapens
2026-04-18 06:42:29  INFO     
[2/4] WZHUB Meta scrapen (wzhub.gg)...
2026-04-18 06:42:29  INFO       Browser openen: https://wzhub.gg/loadouts
2026-04-18 06:43:00  WARNING    [FOUT] Playwright: Page.goto: Timeout 30000ms exceeded.
Call log:
  - navigating to "https://wzhub.gg/loadouts", waiting until "networkidle"

2026-04-18 06:43:00  INFO       Totaal: 0 wapens van wzhub.gg
2026-04-18 06:43:00  INFO         OK: 0 wapens
2026-04-18 06:43:00  INFO     
[3/4] RAW-data bouwen vanuit WZ Meta + WZHUB...
2026-04-18 06:43:00  INFO       RAW gebouwd: 27 wapens over 2 games
2026-04-18 06:43:00  INFO     
[4/4] Warzone Playlists scrapen (wzhub.gg/playlist/wz)...
2026-04-18 06:43:00  INFO       Ophalen: https://wzhub.gg/playlist/wz
2026-04-18 06:43:01  INFO       + BATTLE ROYALE (ltm=False, modes=1)
2026-04-18 06:43:01  INFO       + RESURGENCE (ltm=False, modes=3)
2026-04-18 06:43:01  INFO       + BATTLE ROYALE CASUAL (ltm=False, modes=1)
2026-04-18 06:43:01  INFO       + RESURGENCE CASUAL (ltm=False, modes=1)
2026-04-18 06:43:01  INFO       Totaal: 4 playlists, seizoen: 
2026-04-18 06:43:01  INFO         OK: 4 playlists
2026-04-18 06:43:01  INFO     
[5/5] HTML updaten...
2026-04-18 06:43:01  INFO       [MIGRATIE] HTML succesvol bijgewerkt
2026-04-18 06:43:01  WARNING    [WAARSCHUWING] WZHUB leeg -- bestaande data behouden
2026-04-18 06:43:01  INFO         OK: Bijgewerkt op 18/04/2026 06:42
2026-04-18 06:43:01  INFO     
BuitKing's Loadouts bijgewerkt!
2026-04-18 06:43:01  INFO     =======================================================
2026-04-19 06:55:59  INFO     =======================================================
2026-04-19 06:55:59  INFO     BuitKing's Loadout Updater gestart (v8 - geen TeeP)
2026-04-19 06:55:59  INFO     Datum: 19/04/2026 06:55
2026-04-19 06:55:59  INFO     
[1/4] WZ Meta scrapen (warzoneloadout.games)...
2026-04-19 06:55:59  INFO       Ophalen: https://warzoneloadout.games/warzone-meta/
2026-04-19 06:56:00  INFO       + MK35 ISR (S, Assault Rifles, BO7)
2026-04-19 06:56:00  INFO       + Razor 9mm (S, SMGs, BO7)
2026-04-19 06:56:00  INFO       + Strider 300 (S, Sniper Rifles, BO7)
2026-04-19 06:56:00  INFO       + Peacekeeper Mk1 (A, Assault Rifles, BO7)
2026-04-19 06:56:00  INFO       + Hawker HX (A, Sniper Rifles, BO7)
2026-04-19 06:56:00  INFO       + VST (A, SMGs, BO7)
2026-04-19 06:56:00  INFO       + Dravec 45 (A, SMGs, BO7)
2026-04-19 06:56:00  INFO       + Voyak KT-3 (A, Assault Rifles, BO7)
2026-04-19 06:56:00  INFO       + Kogot-7 (A, SMGs, BO7)
2026-04-19 06:56:00  INFO       + XR-3 Ion (A, Sniper Rifles, BO7)
2026-04-19 06:56:00  INFO       + EGRT-17 (A, Assault Rifles, BO7)
2026-04-19 06:56:00  INFO       + MK.78 (A, LMGs, BO7)
2026-04-19 06:56:00  INFO       + Ryden 45K (A, SMGs, BO7)
2026-04-19 06:56:00  INFO       + MXR-17 (B, Assault Rifles, BO7)
2026-04-19 06:56:00  INFO       + AK-27 (B, Assault Rifles, BO7)
2026-04-19 06:56:00  INFO       + VS Recon (B, Sniper Rifles, BO7)
2026-04-19 06:56:00  INFO       + Carbon 57 (B, SMGs, BO7)
2026-04-19 06:56:00  INFO       + M15 Mod 0 (B, Assault Rifles, BO7)
2026-04-19 06:56:00  INFO       + REV-46 (B, SMGs, BO7)
2026-04-19 06:56:00  INFO       + X9 Maverick (B, Assault Rifles, BO7)
2026-04-19 06:56:00  INFO       + DS20 Mirage (B, Assault Rifles, BO7)
2026-04-19 06:56:00  INFO       + Sokol 545 (B, LMGs, BO7)
2026-04-19 06:56:00  INFO       + Sturmwolf 45 (B, SMGs, BO7)
2026-04-19 06:56:00  INFO       + Swordfish A1 (B, Marksman Rifles, BO7)
2026-04-19 06:56:00  INFO       + TR2 (B, Marksman Rifles, BO6)
2026-04-19 06:56:00  INFO       + LC10 (B, SMGs, BO6)
2026-04-19 06:56:00  INFO       + M8A1 (B, Marksman Rifles, BO7)
2026-04-19 06:56:00  INFO       Totaal: 27 wapens
2026-04-19 06:56:00  INFO         OK: 27 wapens
2026-04-19 06:56:00  INFO     
[2/4] WZHUB Meta scrapen (wzhub.gg)...
2026-04-19 06:56:00  INFO       Browser openen: https://wzhub.gg/loadouts
2026-04-19 06:56:32  WARNING    [FOUT] Playwright: Page.goto: Timeout 30000ms exceeded.
Call log:
  - navigating to "https://wzhub.gg/loadouts", waiting until "networkidle"

2026-04-19 06:56:32  INFO       Totaal: 0 wapens van wzhub.gg
2026-04-19 06:56:32  INFO         OK: 0 wapens
2026-04-19 06:56:32  INFO     
[3/4] RAW-data bouwen vanuit WZ Meta + WZHUB...
2026-04-19 06:56:32  INFO       RAW gebouwd: 27 wapens over 2 games
2026-04-19 06:56:32  INFO     
[4/4] Warzone Playlists scrapen (wzhub.gg/playlist/wz)...
2026-04-19 06:56:32  INFO       Ophalen: https://wzhub.gg/playlist/wz
2026-04-19 06:56:33  INFO       + BATTLE ROYALE (ltm=False, modes=1)
2026-04-19 06:56:33  INFO       + RESURGENCE (ltm=False, modes=3)
2026-04-19 06:56:33  INFO       + BATTLE ROYALE CASUAL (ltm=False, modes=1)
2026-04-19 06:56:33  INFO       + RESURGENCE CASUAL (ltm=False, modes=1)
2026-04-19 06:56:33  INFO       Totaal: 4 playlists, seizoen: 
2026-04-19 06:56:33  INFO         OK: 4 playlists
2026-04-19 06:56:33  INFO     
[5/5] HTML updaten...
2026-04-19 06:56:33  INFO       [MIGRATIE] HTML succesvol bijgewerkt
2026-04-19 06:56:33  WARNING    [WAARSCHUWING] WZHUB leeg -- bestaande data behouden
2026-04-19 06:56:33  INFO         OK: Bijgewerkt op 19/04/2026 06:55
2026-04-19 06:56:33  INFO     
BuitKing's Loadouts bijgewerkt!
2026-04-19 06:56:33  INFO     =======================================================
2026-04-20 07:26:07  INFO     =======================================================
2026-04-20 07:26:07  INFO     BuitKing's Loadout Updater gestart (v8 - geen TeeP)
2026-04-20 07:26:07  INFO     Datum: 20/04/2026 07:26
2026-04-20 07:26:07  INFO     
[1/4] WZ Meta scrapen (warzoneloadout.games)...
2026-04-20 07:26:07  INFO       Ophalen: https://warzoneloadout.games/warzone-meta/
2026-04-20 07:26:08  INFO       + MK35 ISR (S, Assault Rifles, BO7)
2026-04-20 07:26:08  INFO       + Razor 9mm (S, SMGs, BO7)
2026-04-20 07:26:08  INFO       + Strider 300 (S, Sniper Rifles, BO7)
2026-04-20 07:26:08  INFO       + Peacekeeper Mk1 (A, Assault Rifles, BO7)
2026-04-20 07:26:08  INFO       + Hawker HX (A, Sniper Rifles, BO7)
2026-04-20 07:26:08  INFO       + VST (A, SMGs, BO7)
2026-04-20 07:26:08  INFO       + Dravec 45 (A, SMGs, BO7)
2026-04-20 07:26:08  INFO       + Voyak KT-3 (A, Assault Rifles, BO7)
2026-04-20 07:26:08  INFO       + Kogot-7 (A, SMGs, BO7)
2026-04-20 07:26:08  INFO       + XR-3 Ion (A, Sniper Rifles, BO7)
2026-04-20 07:26:08  INFO       + EGRT-17 (A, Assault Rifles, BO7)
2026-04-20 07:26:08  INFO       + MK.78 (A, LMGs, BO7)
2026-04-20 07:26:08  INFO       + Ryden 45K (A, SMGs, BO7)
2026-04-20 07:26:08  INFO       + MXR-17 (B, Assault Rifles, BO7)
2026-04-20 07:26:08  INFO       + AK-27 (B, Assault Rifles, BO7)
2026-04-20 07:26:08  INFO       + VS Recon (B, Sniper Rifles, BO7)
2026-04-20 07:26:08  INFO       + Carbon 57 (B, SMGs, BO7)
2026-04-20 07:26:08  INFO       + M15 Mod 0 (B, Assault Rifles, BO7)
2026-04-20 07:26:08  INFO       + REV-46 (B, SMGs, BO7)
2026-04-20 07:26:08  INFO       + X9 Maverick (B, Assault Rifles, BO7)
2026-04-20 07:26:08  INFO       + DS20 Mirage (B, Assault Rifles, BO7)
2026-04-20 07:26:08  INFO       + Sokol 545 (B, LMGs, BO7)
2026-04-20 07:26:08  INFO       + Sturmwolf 45 (B, SMGs, BO7)
2026-04-20 07:26:08  INFO       + Swordfish A1 (B, Marksman Rifles, BO7)
2026-04-20 07:26:08  INFO       + TR2 (B, Marksman Rifles, BO6)
2026-04-20 07:26:08  INFO       + LC10 (B, SMGs, BO6)
2026-04-20 07:26:08  INFO       + M8A1 (B, Marksman Rifles, BO7)
2026-04-20 07:26:08  INFO       Totaal: 27 wapens
2026-04-20 07:26:08  INFO         OK: 27 wapens
2026-04-20 07:26:08  INFO     
[2/4] WZHUB Meta scrapen (wzhub.gg)...
2026-04-20 07:26:08  INFO       Browser openen: https://wzhub.gg/loadouts
2026-04-20 07:26:40  WARNING    [FOUT] Playwright: Page.goto: Timeout 30000ms exceeded.
Call log:
  - navigating to "https://wzhub.gg/loadouts", waiting until "networkidle"

2026-04-20 07:26:40  INFO       Totaal: 0 wapens van wzhub.gg
2026-04-20 07:26:40  INFO         OK: 0 wapens
2026-04-20 07:26:40  INFO     
[3/4] RAW-data bouwen vanuit WZ Meta + WZHUB...
2026-04-20 07:26:40  INFO       RAW gebouwd: 27 wapens over 2 games
2026-04-20 07:26:40  INFO     
[4/4] Warzone Playlists scrapen (wzhub.gg/playlist/wz)...
2026-04-20 07:26:40  INFO       Ophalen: https://wzhub.gg/playlist/wz
2026-04-20 07:26:41  INFO       + BATTLE ROYALE (ltm=False, modes=1)
2026-04-20 07:26:41  INFO       + RESURGENCE (ltm=False, modes=3)
2026-04-20 07:26:41  INFO       + BATTLE ROYALE CASUAL (ltm=False, modes=1)
2026-04-20 07:26:41  INFO       + RESURGENCE CASUAL (ltm=False, modes=1)
2026-04-20 07:26:41  INFO       Totaal: 4 playlists, seizoen: 
2026-04-20 07:26:41  INFO         OK: 4 playlists
2026-04-20 07:26:41  INFO     
[5/5] HTML updaten...
2026-04-20 07:26:41  INFO       [MIGRATIE] HTML succesvol bijgewerkt
2026-04-20 07:26:41  WARNING    [WAARSCHUWING] WZHUB leeg -- bestaande data behouden
2026-04-20 07:26:41  INFO         OK: Bijgewerkt op 20/04/2026 07:26
2026-04-20 07:26:41  INFO     
BuitKing's Loadouts bijgewerkt!
2026-04-20 07:26:41  INFO     =======================================================
2026-04-21 07:10:05  INFO     =======================================================
2026-04-21 07:10:05  INFO     BuitKing's Loadout Updater gestart (v8 - geen TeeP)
2026-04-21 07:10:05  INFO     Datum: 21/04/2026 07:10
2026-04-21 07:10:05  INFO     
[1/4] WZ Meta scrapen (warzoneloadout.games)...
2026-04-21 07:10:05  INFO       Ophalen: https://warzoneloadout.games/warzone-meta/
2026-04-21 07:10:07  INFO       + MK35 ISR (S, Assault Rifles, BO7)
2026-04-21 07:10:07  INFO       + Razor 9mm (S, SMGs, BO7)
2026-04-21 07:10:07  INFO       + Strider 300 (S, Sniper Rifles, BO7)
2026-04-21 07:10:07  INFO       + Peacekeeper Mk1 (A, Assault Rifles, BO7)
2026-04-21 07:10:07  INFO       + Hawker HX (A, Sniper Rifles, BO7)
2026-04-21 07:10:07  INFO       + VST (A, SMGs, BO7)
2026-04-21 07:10:07  INFO       + Dravec 45 (A, SMGs, BO7)
2026-04-21 07:10:07  INFO       + Voyak KT-3 (A, Assault Rifles, BO7)
2026-04-21 07:10:07  INFO       + Kogot-7 (A, SMGs, BO7)
2026-04-21 07:10:07  INFO       + XR-3 Ion (A, Sniper Rifles, BO7)
2026-04-21 07:10:07  INFO       + EGRT-17 (A, Assault Rifles, BO7)
2026-04-21 07:10:07  INFO       + MK.78 (A, LMGs, BO7)
2026-04-21 07:10:07  INFO       + Ryden 45K (A, SMGs, BO7)
2026-04-21 07:10:07  INFO       + MXR-17 (B, Assault Rifles, BO7)
2026-04-21 07:10:07  INFO       + AK-27 (B, Assault Rifles, BO7)
2026-04-21 07:10:07  INFO       + VS Recon (B, Sniper Rifles, BO7)
2026-04-21 07:10:07  INFO       + Carbon 57 (B, SMGs, BO7)
2026-04-21 07:10:07  INFO       + M15 Mod 0 (B, Assault Rifles, BO7)
2026-04-21 07:10:07  INFO       + REV-46 (B, SMGs, BO7)
2026-04-21 07:10:07  INFO       + X9 Maverick (B, Assault Rifles, BO7)
2026-04-21 07:10:07  INFO       + DS20 Mirage (B, Assault Rifles, BO7)
2026-04-21 07:10:07  INFO       + Sokol 545 (B, LMGs, BO7)
2026-04-21 07:10:07  INFO       + Sturmwolf 45 (B, SMGs, BO7)
2026-04-21 07:10:07  INFO       + Swordfish A1 (B, Marksman Rifles, BO7)
2026-04-21 07:10:07  INFO       + TR2 (B, Marksman Rifles, BO6)
2026-04-21 07:10:07  INFO       + LC10 (B, SMGs, BO6)
2026-04-21 07:10:07  INFO       + M8A1 (B, Marksman Rifles, BO7)
2026-04-21 07:10:07  INFO       Totaal: 27 wapens
2026-04-21 07:10:07  INFO         OK: 27 wapens
2026-04-21 07:10:07  INFO     
[2/4] WZHUB Meta scrapen (wzhub.gg)...
2026-04-21 07:10:07  INFO       Browser openen: https://wzhub.gg/loadouts
2026-04-21 07:10:39  WARNING    [FOUT] Playwright: Page.goto: Timeout 30000ms exceeded.
Call log:
  - navigating to "https://wzhub.gg/loadouts", waiting until "networkidle"

2026-04-21 07:10:39  INFO       Totaal: 0 wapens van wzhub.gg
2026-04-21 07:10:39  INFO         OK: 0 wapens
2026-04-21 07:10:39  INFO     
[3/4] RAW-data bouwen vanuit WZ Meta + WZHUB...
2026-04-21 07:10:39  INFO       RAW gebouwd: 27 wapens over 2 games
2026-04-21 07:10:39  INFO     
[4/4] Warzone Playlists scrapen (wzhub.gg/playlist/wz)...
2026-04-21 07:10:39  INFO       Ophalen: https://wzhub.gg/playlist/wz
2026-04-21 07:10:39  INFO       + BATTLE ROYALE (ltm=False, modes=1)
2026-04-21 07:10:39  INFO       + RESURGENCE (ltm=False, modes=3)
2026-04-21 07:10:39  INFO       + BATTLE ROYALE CASUAL (ltm=False, modes=1)
2026-04-21 07:10:39  INFO       + RESURGENCE CASUAL (ltm=False, modes=1)
2026-04-21 07:10:39  INFO       Totaal: 4 playlists, seizoen: 
2026-04-21 07:10:39  INFO         OK: 4 playlists
2026-04-21 07:10:39  INFO     
[5/5] HTML updaten...
2026-04-21 07:10:39  INFO       [MIGRATIE] HTML succesvol bijgewerkt
2026-04-21 07:10:39  WARNING    [WAARSCHUWING] WZHUB leeg -- bestaande data behouden
2026-04-21 07:10:39  INFO         OK: Bijgewerkt op 21/04/2026 07:10
2026-04-21 07:10:39  INFO     
BuitKing's Loadouts bijgewerkt!
2026-04-21 07:10:39  INFO     =======================================================
2026-04-22 07:09:48  INFO     =======================================================
2026-04-22 07:09:48  INFO     BuitKing's Loadout Updater gestart (v8 - geen TeeP)
2026-04-22 07:09:48  INFO     Datum: 22/04/2026 07:09
2026-04-22 07:09:48  INFO     
[1/4] WZ Meta scrapen (warzoneloadout.games)...
2026-04-22 07:09:48  INFO       Ophalen: https://warzoneloadout.games/warzone-meta/
2026-04-22 07:09:49  INFO       + MK35 ISR (S, Assault Rifles, BO7)
2026-04-22 07:09:49  INFO       + Razor 9mm (S, SMGs, BO7)
2026-04-22 07:09:49  INFO       + Strider 300 (S, Sniper Rifles, BO7)
2026-04-22 07:09:49  INFO       + VST (S, SMGs, BO7)
2026-04-22 07:09:49  INFO       + Peacekeeper Mk1 (A, Assault Rifles, BO7)
2026-04-22 07:09:49  INFO       + Dravec 45 (A, SMGs, BO7)
2026-04-22 07:09:49  INFO       + Hawker HX (A, Sniper Rifles, BO7)
2026-04-22 07:09:49  INFO       + Voyak KT-3 (A, Assault Rifles, BO7)
2026-04-22 07:09:49  INFO       + Carbon 57 (A, SMGs, BO7)
2026-04-22 07:09:49  INFO       + XR-3 Ion (A, Sniper Rifles, BO7)
2026-04-22 07:09:49  INFO       + EGRT-17 (A, Assault Rifles, BO7)
2026-04-22 07:09:49  INFO       + MK.78 (A, LMGs, BO7)
2026-04-22 07:09:49  INFO       + Ryden 45K (A, SMGs, BO7)
2026-04-22 07:09:49  INFO       + Kogot-7 (A, SMGs, BO7)
2026-04-22 07:09:49  INFO       + MXR-17 (B, Assault Rifles, BO7)
2026-04-22 07:09:49  INFO       + AK-27 (B, Assault Rifles, BO7)
2026-04-22 07:09:49  INFO       + VS Recon (B, Sniper Rifles, BO7)
2026-04-22 07:09:49  INFO       + M15 Mod 0 (B, Assault Rifles, BO7)
2026-04-22 07:09:49  INFO       + REV-46 (B, SMGs, BO7)
2026-04-22 07:09:49  INFO       + X9 Maverick (B, Assault Rifles, BO7)
2026-04-22 07:09:49  INFO       + DS20 Mirage (B, Assault Rifles, BO7)
2026-04-22 07:09:49  INFO       + Sokol 545 (B, LMGs, BO7)
2026-04-22 07:09:49  INFO       + Sturmwolf 45 (B, SMGs, BO7)
2026-04-22 07:09:49  INFO       + Swordfish A1 (B, Marksman Rifles, BO7)
2026-04-22 07:09:49  INFO       + TR2 (B, Marksman Rifles, BO6)
2026-04-22 07:09:49  INFO       + LC10 (B, SMGs, BO6)
2026-04-22 07:09:49  INFO       + M8A1 (B, Marksman Rifles, BO7)
2026-04-22 07:09:49  INFO       Totaal: 27 wapens
2026-04-22 07:09:49  INFO         OK: 27 wapens
2026-04-22 07:09:49  INFO     
[2/4] WZHUB Meta scrapen (wzhub.gg)...
2026-04-22 07:09:49  INFO       Browser openen: https://wzhub.gg/loadouts
2026-04-22 07:10:20  WARNING    [FOUT] Playwright: Page.goto: Timeout 30000ms exceeded.
Call log:
  - navigating to "https://wzhub.gg/loadouts", waiting until "networkidle"

2026-04-22 07:10:20  INFO       Totaal: 0 wapens van wzhub.gg
2026-04-22 07:10:20  INFO         OK: 0 wapens
2026-04-22 07:10:20  INFO     
[3/4] RAW-data bouwen vanuit WZ Meta + WZHUB...
2026-04-22 07:10:20  INFO       RAW gebouwd: 27 wapens over 2 games
2026-04-22 07:10:20  INFO     
[4/4] Warzone Playlists scrapen (wzhub.gg/playlist/wz)...
2026-04-22 07:10:20  INFO       Ophalen: https://wzhub.gg/playlist/wz
2026-04-22 07:10:21  INFO       + BATTLE ROYALE (ltm=False, modes=1)
2026-04-22 07:10:21  INFO       + RESURGENCE (ltm=False, modes=3)
2026-04-22 07:10:21  INFO       + BATTLE ROYALE CASUAL (ltm=False, modes=1)
2026-04-22 07:10:21  INFO       + RESURGENCE CASUAL (ltm=False, modes=1)
2026-04-22 07:10:21  INFO       Totaal: 4 playlists, seizoen: 
2026-04-22 07:10:21  INFO         OK: 4 playlists
2026-04-22 07:10:21  INFO     
[5/5] HTML updaten...
2026-04-22 07:10:21  INFO       [MIGRATIE] HTML succesvol bijgewerkt
2026-04-22 07:10:21  WARNING    [WAARSCHUWING] WZHUB leeg -- bestaande data behouden
2026-04-22 07:10:21  INFO         OK: Bijgewerkt op 22/04/2026 07:09
2026-04-22 07:10:21  INFO     
BuitKing's Loadouts bijgewerkt!
2026-04-22 07:10:21  INFO     =======================================================
2026-04-23 07:12:47  INFO     =======================================================
2026-04-23 07:12:47  INFO     BuitKing's Loadout Updater gestart (v8 - geen TeeP)
2026-04-23 07:12:47  INFO     Datum: 23/04/2026 07:12
2026-04-23 07:12:47  INFO     
[1/4] WZ Meta scrapen (warzoneloadout.games)...
2026-04-23 07:12:47  INFO       Ophalen: https://warzoneloadout.games/warzone-meta/
2026-04-23 07:12:48  INFO       + MK35 ISR (S, Assault Rifles, BO7)
2026-04-23 07:12:48  INFO       + Razor 9mm (S, SMGs, BO7)
2026-04-23 07:12:48  INFO       + Strider 300 (S, Sniper Rifles, BO7)
2026-04-23 07:12:48  INFO       + Hawker HX (A, Sniper Rifles, BO7)
2026-04-23 07:12:48  INFO       + VST (A, SMGs, BO7)
2026-04-23 07:12:48  INFO       + Peacekeeper Mk1 (A, Assault Rifles, BO7)
2026-04-23 07:12:48  INFO       + Carbon 57 (A, SMGs, BO7)
2026-04-23 07:12:48  INFO       + Voyak KT-3 (A, Assault Rifles, BO7)
2026-04-23 07:12:48  INFO       + Dravec 45 (A, SMGs, BO7)
2026-04-23 07:12:48  INFO       + XR-3 Ion (A, Sniper Rifles, BO7)
2026-04-23 07:12:48  INFO       + EGRT-17 (A, Assault Rifles, BO7)
2026-04-23 07:12:48  INFO       + MK.78 (A, LMGs, BO7)
2026-04-23 07:12:48  INFO       + Ryden 45K (A, SMGs, BO7)
2026-04-23 07:12:48  INFO       + Kogot-7 (A, SMGs, BO7)
2026-04-23 07:12:48  INFO       + MXR-17 (B, Assault Rifles, BO7)
2026-04-23 07:12:48  INFO       + AK-27 (B, Assault Rifles, BO7)
2026-04-23 07:12:48  INFO       + VS Recon (B, Sniper Rifles, BO7)
2026-04-23 07:12:48  INFO       + M15 Mod 0 (B, Assault Rifles, BO7)
2026-04-23 07:12:48  INFO       + REV-46 (B, SMGs, BO7)
2026-04-23 07:12:48  INFO       + X9 Maverick (B, Assault Rifles, BO7)
2026-04-23 07:12:48  INFO       + DS20 Mirage (B, Assault Rifles, BO7)
2026-04-23 07:12:48  INFO       + Sokol 545 (B, LMGs, BO7)
2026-04-23 07:12:48  INFO       + Sturmwolf 45 (B, SMGs, BO7)
2026-04-23 07:12:48  INFO       + Swordfish A1 (B, Marksman Rifles, BO7)
2026-04-23 07:12:48  INFO       + TR2 (B, Marksman Rifles, BO6)
2026-04-23 07:12:48  INFO       + LC10 (B, SMGs, BO6)
2026-04-23 07:12:48  INFO       + M8A1 (B, Marksman Rifles, BO7)
2026-04-23 07:12:48  INFO       Totaal: 27 wapens
2026-04-23 07:12:48  INFO         OK: 27 wapens
2026-04-23 07:12:48  INFO     
[2/4] WZHUB Meta scrapen (wzhub.gg)...
2026-04-23 07:12:48  INFO       Browser openen: https://wzhub.gg/loadouts
2026-04-23 07:12:57  INFO       Pagina geladen — parsen...
2026-04-23 07:12:58  INFO       + Mk35 Isr (S, )
2026-04-23 07:12:58  INFO       + Vst (S, )
2026-04-23 07:12:58  INFO       + Hawker Hx (S, )
2026-04-23 07:12:58  INFO       + Voyak Kt-3 (A, )
2026-04-23 07:12:58  INFO       + Razor 9Mm (A, )
2026-04-23 07:12:58  INFO       + Dravec 45 (A, )
2026-04-23 07:12:58  INFO       + Egrt-17 (A, )
2026-04-23 07:12:58  INFO       + Ds20 Mirage (A, )
2026-04-23 07:12:58  INFO       + Sturmwolf 45 (A, )
2026-04-23 07:12:58  INFO       + Kogot-7 (A, )
2026-04-23 07:12:58  INFO       + Vs Recon (A, )
2026-04-23 07:12:58  INFO       + Mk.78 (A, )
2026-04-23 07:12:58  INFO       Totaal: 12 wapens van wzhub.gg
2026-04-23 07:12:58  INFO         OK: 12 wapens
2026-04-23 07:12:58  INFO     
[3/4] RAW-data bouwen vanuit WZ Meta + WZHUB...
2026-04-23 07:12:58  INFO       RAW gebouwd: 27 wapens over 2 games
2026-04-23 07:12:58  INFO     
[4/4] Warzone Playlists scrapen (wzhub.gg/playlist/wz)...
2026-04-23 07:12:58  INFO       Ophalen: https://wzhub.gg/playlist/wz
2026-04-23 07:12:58  INFO       + BATTLE ROYALE (ltm=False, modes=1)
2026-04-23 07:12:58  INFO       + RESURGENCE (ltm=False, modes=3)
2026-04-23 07:12:58  INFO       + BATTLE ROYALE CASUAL (ltm=False, modes=1)
2026-04-23 07:12:58  INFO       + RESURGENCE CASUAL (ltm=False, modes=1)
2026-04-23 07:12:58  INFO       Totaal: 4 playlists, seizoen: 
2026-04-23 07:12:58  INFO         OK: 4 playlists
2026-04-23 07:12:58  INFO     
[5/5] HTML updaten...
2026-04-23 07:12:58  INFO       [MIGRATIE] HTML succesvol bijgewerkt
2026-04-23 07:12:58  INFO         OK: Bijgewerkt op 23/04/2026 07:12
2026-04-23 07:12:58  INFO     
BuitKing's Loadouts bijgewerkt!
2026-04-23 07:12:58  INFO     =======================================================
2026-04-24 07:15:18  INFO     =======================================================
2026-04-24 07:15:18  INFO     BuitKing's Loadout Updater gestart (v8 - geen TeeP)
2026-04-24 07:15:18  INFO     Datum: 24/04/2026 07:15
2026-04-24 07:15:18  INFO     
[1/4] WZ Meta scrapen (warzoneloadout.games)...
2026-04-24 07:15:18  INFO       Ophalen: https://warzoneloadout.games/warzone-meta/
2026-04-24 07:15:19  INFO       + MK35 ISR (S, Assault Rifles, BO7)
2026-04-24 07:15:19  INFO       + Razor 9mm (S, SMGs, BO7)
2026-04-24 07:15:19  INFO       + Strider 300 (S, Sniper Rifles, BO7)
2026-04-24 07:15:19  INFO       + Hawker HX (A, Sniper Rifles, BO7)
2026-04-24 07:15:19  INFO       + VST (A, SMGs, BO7)
2026-04-24 07:15:19  INFO       + Peacekeeper Mk1 (A, Assault Rifles, BO7)
2026-04-24 07:15:19  INFO       + Carbon 57 (A, SMGs, BO7)
2026-04-24 07:15:19  INFO       + Voyak KT-3 (A, Assault Rifles, BO7)
2026-04-24 07:15:19  INFO       + Dravec 45 (A, SMGs, BO7)
2026-04-24 07:15:19  INFO       + XR-3 Ion (A, Sniper Rifles, BO7)
2026-04-24 07:15:19  INFO       + EGRT-17 (A, Assault Rifles, BO7)
2026-04-24 07:15:19  INFO       + MK.78 (A, LMGs, BO7)
2026-04-24 07:15:19  INFO       + Ryden 45K (A, SMGs, BO7)
2026-04-24 07:15:19  INFO       + Kogot-7 (A, SMGs, BO7)
2026-04-24 07:15:19  INFO       + MXR-17 (B, Assault Rifles, BO7)
2026-04-24 07:15:19  INFO       + AK-27 (B, Assault Rifles, BO7)
2026-04-24 07:15:19  INFO       + VS Recon (B, Sniper Rifles, BO7)
2026-04-24 07:15:19  INFO       + M15 Mod 0 (B, Assault Rifles, BO7)
2026-04-24 07:15:19  INFO       + REV-46 (B, SMGs, BO7)
2026-04-24 07:15:19  INFO       + X9 Maverick (B, Assault Rifles, BO7)
2026-04-24 07:15:19  INFO       + DS20 Mirage (B, Assault Rifles, BO7)
2026-04-24 07:15:19  INFO       + Sokol 545 (B, LMGs, BO7)
2026-04-24 07:15:19  INFO       + Sturmwolf 45 (B, SMGs, BO7)
2026-04-24 07:15:19  INFO       + Swordfish A1 (B, Marksman Rifles, BO7)
2026-04-24 07:15:19  INFO       + TR2 (B, Marksman Rifles, BO6)
2026-04-24 07:15:19  INFO       + LC10 (B, SMGs, BO6)
2026-04-24 07:15:19  INFO       + M8A1 (B, Marksman Rifles, BO7)
2026-04-24 07:15:19  INFO       Totaal: 27 wapens
2026-04-24 07:15:19  INFO         OK: 27 wapens
2026-04-24 07:15:19  INFO     
[2/4] WZHUB Meta scrapen (wzhub.gg)...
2026-04-24 07:15:19  INFO       Browser openen: https://wzhub.gg/loadouts
2026-04-24 07:15:50  WARNING    [FOUT] Playwright: Page.goto: Timeout 30000ms exceeded.
Call log:
  - navigating to "https://wzhub.gg/loadouts", waiting until "networkidle"

2026-04-24 07:15:50  INFO       Totaal: 0 wapens van wzhub.gg
2026-04-24 07:15:50  INFO         OK: 0 wapens
2026-04-24 07:15:50  INFO     
[3/4] RAW-data bouwen vanuit WZ Meta + WZHUB...
2026-04-24 07:15:50  INFO       RAW gebouwd: 27 wapens over 2 games
2026-04-24 07:15:50  INFO     
[4/4] Warzone Playlists scrapen (wzhub.gg/playlist/wz)...
2026-04-24 07:15:50  INFO       Ophalen: https://wzhub.gg/playlist/wz
2026-04-24 07:15:50  INFO       + BATTLE ROYALE (ltm=False, modes=1)
2026-04-24 07:15:50  INFO       + RESURGENCE (ltm=False, modes=3)
2026-04-24 07:15:50  INFO       + BATTLE ROYALE CASUAL (ltm=False, modes=1)
2026-04-24 07:15:50  INFO       + RESURGENCE CASUAL (ltm=False, modes=1)
2026-04-24 07:15:50  INFO       Totaal: 4 playlists, seizoen: 
2026-04-24 07:15:50  INFO         OK: 4 playlists
2026-04-24 07:15:50  INFO     
[5/5] HTML updaten...
2026-04-24 07:15:50  INFO       [MIGRATIE] HTML succesvol bijgewerkt
2026-04-24 07:15:50  WARNING    [WAARSCHUWING] WZHUB leeg -- bestaande data behouden
2026-04-24 07:15:50  INFO         OK: Bijgewerkt op 24/04/2026 07:15
2026-04-24 07:15:50  INFO     
BuitKing's Loadouts bijgewerkt!
2026-04-24 07:15:50  INFO     =======================================================
2026-04-25 06:48:49  INFO     =======================================================
2026-04-25 06:48:49  INFO     BuitKing's Loadout Updater gestart (v8 - geen TeeP)
2026-04-25 06:48:49  INFO     Datum: 25/04/2026 06:48
2026-04-25 06:48:49  INFO     
[1/4] WZ Meta scrapen (warzoneloadout.games)...
2026-04-25 06:48:49  INFO       Ophalen: https://warzoneloadout.games/warzone-meta/
2026-04-25 06:48:50  INFO       + MK35 ISR (S, Assault Rifles, BO7)
2026-04-25 06:48:50  INFO       + Razor 9mm (S, SMGs, BO7)
2026-04-25 06:48:50  INFO       + Strider 300 (S, Sniper Rifles, BO7)
2026-04-25 06:48:50  INFO       + Hawker HX (A, Sniper Rifles, BO7)
2026-04-25 06:48:50  INFO       + VST (A, SMGs, BO7)
2026-04-25 06:48:50  INFO       + Peacekeeper Mk1 (A, Assault Rifles, BO7)
2026-04-25 06:48:50  INFO       + Carbon 57 (A, SMGs, BO7)
2026-04-25 06:48:50  INFO       + Voyak KT-3 (A, Assault Rifles, BO7)
2026-04-25 06:48:50  INFO       + Dravec 45 (A, SMGs, BO7)
2026-04-25 06:48:50  INFO       + XR-3 Ion (A, Sniper Rifles, BO7)
2026-04-25 06:48:50  INFO       + EGRT-17 (A, Assault Rifles, BO7)
2026-04-25 06:48:50  INFO       + MK.78 (A, LMGs, BO7)
2026-04-25 06:48:50  INFO       + Ryden 45K (A, SMGs, BO7)
2026-04-25 06:48:50  INFO       + Kogot-7 (A, SMGs, BO7)
2026-04-25 06:48:50  INFO       + MXR-17 (B, Assault Rifles, BO7)
2026-04-25 06:48:50  INFO       + AK-27 (B, Assault Rifles, BO7)
2026-04-25 06:48:50  INFO       + VS Recon (B, Sniper Rifles, BO7)
2026-04-25 06:48:50  INFO       + M15 Mod 0 (B, Assault Rifles, BO7)
2026-04-25 06:48:50  INFO       + REV-46 (B, SMGs, BO7)
2026-04-25 06:48:50  INFO       + X9 Maverick (B, Assault Rifles, BO7)
2026-04-25 06:48:50  INFO       + DS20 Mirage (B, Assault Rifles, BO7)
2026-04-25 06:48:50  INFO       + Sokol 545 (B, LMGs, BO7)
2026-04-25 06:48:50  INFO       + Sturmwolf 45 (B, SMGs, BO7)
2026-04-25 06:48:50  INFO       + Swordfish A1 (B, Marksman Rifles, BO7)
2026-04-25 06:48:50  INFO       + TR2 (B, Marksman Rifles, BO6)
2026-04-25 06:48:50  INFO       + LC10 (B, SMGs, BO6)
2026-04-25 06:48:50  INFO       + M8A1 (B, Marksman Rifles, BO7)
2026-04-25 06:48:50  INFO       Totaal: 27 wapens
2026-04-25 06:48:50  INFO         OK: 27 wapens
2026-04-25 06:48:50  INFO     
[2/4] WZHUB Meta scrapen (wzhub.gg)...
2026-04-25 06:48:50  INFO       Browser openen: https://wzhub.gg/loadouts
2026-04-25 06:48:58  INFO       Pagina geladen — parsen...
2026-04-25 06:48:59  INFO       + Mk35 Isr (S, )
2026-04-25 06:48:59  INFO       + Vst (S, )
2026-04-25 06:48:59  INFO       + Hawker Hx (S, )
2026-04-25 06:48:59  INFO       + Voyak Kt-3 (A, )
2026-04-25 06:48:59  INFO       + Razor 9Mm (A, )
2026-04-25 06:48:59  INFO       + Dravec 45 (A, )
2026-04-25 06:48:59  INFO       + Egrt-17 (A, )
2026-04-25 06:48:59  INFO       + Ds20 Mirage (A, )
2026-04-25 06:48:59  INFO       + Sturmwolf 45 (A, )
2026-04-25 06:48:59  INFO       + Kogot-7 (A, )
2026-04-25 06:48:59  INFO       + Vs Recon (A, )
2026-04-25 06:48:59  INFO       + Mk.78 (A, )
2026-04-25 06:48:59  INFO       Totaal: 12 wapens van wzhub.gg
2026-04-25 06:48:59  INFO         OK: 12 wapens
2026-04-25 06:48:59  INFO     
[3/4] RAW-data bouwen vanuit WZ Meta + WZHUB...
2026-04-25 06:48:59  INFO       RAW gebouwd: 27 wapens over 2 games
2026-04-25 06:48:59  INFO     
[4/4] Warzone Playlists scrapen (wzhub.gg/playlist/wz)...
2026-04-25 06:48:59  INFO       Ophalen: https://wzhub.gg/playlist/wz
2026-04-25 06:48:59  INFO       + BATTLE ROYALE (ltm=False, modes=1)
2026-04-25 06:48:59  INFO       + RESURGENCE (ltm=False, modes=3)
2026-04-25 06:48:59  INFO       + BATTLE ROYALE CASUAL (ltm=False, modes=1)
2026-04-25 06:48:59  INFO       + RESURGENCE CASUAL (ltm=False, modes=1)
2026-04-25 06:48:59  INFO       Totaal: 4 playlists, seizoen: 
2026-04-25 06:48:59  INFO         OK: 4 playlists
2026-04-25 06:48:59  INFO     
[5/5] HTML updaten...
2026-04-25 06:48:59  INFO       [MIGRATIE] HTML succesvol bijgewerkt
2026-04-25 06:48:59  INFO         OK: Bijgewerkt op 25/04/2026 06:48
2026-04-25 06:48:59  INFO     
BuitKing's Loadouts bijgewerkt!
2026-04-25 06:48:59  INFO     =======================================================
2026-04-26 07:08:52  INFO     =======================================================
2026-04-26 07:08:52  INFO     BuitKing's Loadout Updater gestart (v8 - geen TeeP)
2026-04-26 07:08:52  INFO     Datum: 26/04/2026 07:08
2026-04-26 07:08:52  INFO     
[1/4] WZ Meta scrapen (warzoneloadout.games)...
2026-04-26 07:08:52  INFO       Ophalen: https://warzoneloadout.games/warzone-meta/
2026-04-26 07:08:53  INFO       + MK35 ISR (S, Assault Rifles, BO7)
2026-04-26 07:08:53  INFO       + Razor 9mm (S, SMGs, BO7)
2026-04-26 07:08:53  INFO       + Strider 300 (S, Sniper Rifles, BO7)
2026-04-26 07:08:53  INFO       + Hawker HX (A, Sniper Rifles, BO7)
2026-04-26 07:08:53  INFO       + VST (A, SMGs, BO7)
2026-04-26 07:08:53  INFO       + Peacekeeper Mk1 (A, Assault Rifles, BO7)
2026-04-26 07:08:53  INFO       + Carbon 57 (A, SMGs, BO7)
2026-04-26 07:08:53  INFO       + Voyak KT-3 (A, Assault Rifles, BO7)
2026-04-26 07:08:53  INFO       + Dravec 45 (A, SMGs, BO7)
2026-04-26 07:08:53  INFO       + XR-3 Ion (A, Sniper Rifles, BO7)
2026-04-26 07:08:53  INFO       + EGRT-17 (A, Assault Rifles, BO7)
2026-04-26 07:08:53  INFO       + MK.78 (A, LMGs, BO7)
2026-04-26 07:08:53  INFO       + Ryden 45K (A, SMGs, BO7)
2026-04-26 07:08:53  INFO       + Kogot-7 (A, SMGs, BO7)
2026-04-26 07:08:53  INFO       + MXR-17 (B, Assault Rifles, BO7)
2026-04-26 07:08:53  INFO       + AK-27 (B, Assault Rifles, BO7)
2026-04-26 07:08:53  INFO       + VS Recon (B, Sniper Rifles, BO7)
2026-04-26 07:08:53  INFO       + M15 Mod 0 (B, Assault Rifles, BO7)
2026-04-26 07:08:53  INFO       + REV-46 (B, SMGs, BO7)
2026-04-26 07:08:53  INFO       + X9 Maverick (B, Assault Rifles, BO7)
2026-04-26 07:08:53  INFO       + DS20 Mirage (B, Assault Rifles, BO7)
2026-04-26 07:08:53  INFO       + Sokol 545 (B, LMGs, BO7)
2026-04-26 07:08:53  INFO       + Sturmwolf 45 (B, SMGs, BO7)
2026-04-26 07:08:53  INFO       + Swordfish A1 (B, Marksman Rifles, BO7)
2026-04-26 07:08:53  INFO       + TR2 (B, Marksman Rifles, BO6)
2026-04-26 07:08:53  INFO       + LC10 (B, SMGs, BO6)
2026-04-26 07:08:53  INFO       + M8A1 (B, Marksman Rifles, BO7)
2026-04-26 07:08:53  INFO       Totaal: 27 wapens
2026-04-26 07:08:53  INFO         OK: 27 wapens
2026-04-26 07:08:53  INFO     
[2/4] WZHUB Meta scrapen (wzhub.gg)...
2026-04-26 07:08:53  INFO       Browser openen: https://wzhub.gg/loadouts
2026-04-26 07:09:25  WARNING    [FOUT] Playwright: Page.goto: Timeout 30000ms exceeded.
Call log:
  - navigating to "https://wzhub.gg/loadouts", waiting until "networkidle"

2026-04-26 07:09:25  INFO       Totaal: 0 wapens van wzhub.gg
2026-04-26 07:09:25  INFO         OK: 0 wapens
2026-04-26 07:09:25  INFO     
[3/4] RAW-data bouwen vanuit WZ Meta + WZHUB...
2026-04-26 07:09:25  INFO       RAW gebouwd: 27 wapens over 2 games
2026-04-26 07:09:25  INFO     
[4/4] Warzone Playlists scrapen (wzhub.gg/playlist/wz)...
2026-04-26 07:09:25  INFO       Ophalen: https://wzhub.gg/playlist/wz
2026-04-26 07:09:25  INFO       + BATTLE ROYALE (ltm=False, modes=1)
2026-04-26 07:09:25  INFO       + RESURGENCE (ltm=False, modes=3)
2026-04-26 07:09:25  INFO       + BATTLE ROYALE CASUAL (ltm=False, modes=1)
2026-04-26 07:09:25  INFO       + RESURGENCE CASUAL (ltm=False, modes=1)
2026-04-26 07:09:25  INFO       Totaal: 4 playlists, seizoen: 
2026-04-26 07:09:25  INFO         OK: 4 playlists
2026-04-26 07:09:25  INFO     
[5/5] HTML updaten...
2026-04-26 07:09:25  INFO       [MIGRATIE] HTML succesvol bijgewerkt
2026-04-26 07:09:25  WARNING    [WAARSCHUWING] WZHUB leeg -- bestaande data behouden
2026-04-26 07:09:25  INFO         OK: Bijgewerkt op 26/04/2026 07:08
2026-04-26 07:09:25  INFO     
BuitKing's Loadouts bijgewerkt!
2026-04-26 07:09:25  INFO     =======================================================
2026-04-27 07:43:29  INFO     =======================================================
2026-04-27 07:43:29  INFO     BuitKing's Loadout Updater gestart (v8 - geen TeeP)
2026-04-27 07:43:29  INFO     Datum: 27/04/2026 07:43
2026-04-27 07:43:29  INFO     
[1/4] WZ Meta scrapen (warzoneloadout.games)...
2026-04-27 07:43:29  INFO       Ophalen: https://warzoneloadout.games/warzone-meta/
2026-04-27 07:43:30  INFO       + MK35 ISR (S, Assault Rifles, BO7)
2026-04-27 07:43:30  INFO       + Razor 9mm (S, SMGs, BO7)
2026-04-27 07:43:30  INFO       + Strider 300 (S, Sniper Rifles, BO7)
2026-04-27 07:43:30  INFO       + Hawker HX (A, Sniper Rifles, BO7)
2026-04-27 07:43:30  INFO       + VST (A, SMGs, BO7)
2026-04-27 07:43:30  INFO       + Peacekeeper Mk1 (A, Assault Rifles, BO7)
2026-04-27 07:43:30  INFO       + Carbon 57 (A, SMGs, BO7)
2026-04-27 07:43:30  INFO       + Voyak KT-3 (A, Assault Rifles, BO7)
2026-04-27 07:43:30  INFO       + Dravec 45 (A, SMGs, BO7)
2026-04-27 07:43:30  INFO       + XR-3 Ion (A, Sniper Rifles, BO7)
2026-04-27 07:43:30  INFO       + EGRT-17 (A, Assault Rifles, BO7)
2026-04-27 07:43:30  INFO       + MK.78 (A, LMGs, BO7)
2026-04-27 07:43:30  INFO       + Ryden 45K (A, SMGs, BO7)
2026-04-27 07:43:30  INFO       + Kogot-7 (A, SMGs, BO7)
2026-04-27 07:43:30  INFO       + MXR-17 (B, Assault Rifles, BO7)
2026-04-27 07:43:30  INFO       + AK-27 (B, Assault Rifles, BO7)
2026-04-27 07:43:30  INFO       + VS Recon (B, Sniper Rifles, BO7)
2026-04-27 07:43:30  INFO       + M15 Mod 0 (B, Assault Rifles, BO7)
2026-04-27 07:43:30  INFO       + REV-46 (B, SMGs, BO7)
2026-04-27 07:43:30  INFO       + X9 Maverick (B, Assault Rifles, BO7)
2026-04-27 07:43:30  INFO       + DS20 Mirage (B, Assault Rifles, BO7)
2026-04-27 07:43:30  INFO       + Sokol 545 (B, LMGs, BO7)
2026-04-27 07:43:30  INFO       + Sturmwolf 45 (B, SMGs, BO7)
2026-04-27 07:43:30  INFO       + Swordfish A1 (B, Marksman Rifles, BO7)
2026-04-27 07:43:30  INFO       + TR2 (B, Marksman Rifles, BO6)
2026-04-27 07:43:30  INFO       + LC10 (B, SMGs, BO6)
2026-04-27 07:43:30  INFO       + M8A1 (B, Marksman Rifles, BO7)
2026-04-27 07:43:30  INFO       Totaal: 27 wapens
2026-04-27 07:43:30  INFO         OK: 27 wapens
2026-04-27 07:43:30  INFO     
[2/4] WZHUB Meta scrapen (wzhub.gg)...
2026-04-27 07:43:30  INFO       Browser openen: https://wzhub.gg/loadouts
2026-04-27 07:44:01  WARNING    [FOUT] Playwright: Page.goto: Timeout 30000ms exceeded.
Call log:
  - navigating to "https://wzhub.gg/loadouts", waiting until "networkidle"

2026-04-27 07:44:01  INFO       Totaal: 0 wapens van wzhub.gg
2026-04-27 07:44:01  INFO         OK: 0 wapens
2026-04-27 07:44:01  INFO     
[3/4] RAW-data bouwen vanuit WZ Meta + WZHUB...
2026-04-27 07:44:01  INFO       RAW gebouwd: 27 wapens over 2 games
2026-04-27 07:44:01  INFO     
[4/4] Warzone Playlists scrapen (wzhub.gg/playlist/wz)...
2026-04-27 07:44:01  INFO       Ophalen: https://wzhub.gg/playlist/wz
2026-04-27 07:44:01  INFO       + BATTLE ROYALE (ltm=False, modes=1)
2026-04-27 07:44:01  INFO       + RESURGENCE (ltm=False, modes=3)
2026-04-27 07:44:01  INFO       + BATTLE ROYALE CASUAL (ltm=False, modes=1)
2026-04-27 07:44:01  INFO       + RESURGENCE CASUAL (ltm=False, modes=1)
2026-04-27 07:44:01  INFO       Totaal: 4 playlists, seizoen: 
2026-04-27 07:44:01  INFO         OK: 4 playlists
2026-04-27 07:44:01  INFO     
[5/5] HTML updaten...
2026-04-27 07:44:02  INFO       [MIGRATIE] HTML succesvol bijgewerkt
2026-04-27 07:44:02  WARNING    [WAARSCHUWING] WZHUB leeg -- bestaande data behouden
2026-04-27 07:44:02  INFO         OK: Bijgewerkt op 27/04/2026 07:43
2026-04-27 07:44:02  INFO     
BuitKing's Loadouts bijgewerkt!
2026-04-27 07:44:02  INFO     =======================================================
2026-04-28 07:42:57  INFO     =======================================================
2026-04-28 07:42:57  INFO     BuitKing's Loadout Updater gestart (v8 - geen TeeP)
2026-04-28 07:42:57  INFO     Datum: 28/04/2026 07:42
2026-04-28 07:42:57  INFO     
[1/4] WZ Meta scrapen (warzoneloadout.games)...
2026-04-28 07:42:57  INFO       Ophalen: https://warzoneloadout.games/warzone-meta/
2026-04-28 07:43:02  INFO       + MK35 ISR (S, Assault Rifles, BO7)
2026-04-28 07:43:02  INFO       + Razor 9mm (S, SMGs, BO7)
2026-04-28 07:43:02  INFO       + Strider 300 (S, Sniper Rifles, BO7)
2026-04-28 07:43:02  INFO       + Hawker HX (A, Sniper Rifles, BO7)
2026-04-28 07:43:02  INFO       + VST (A, SMGs, BO7)
2026-04-28 07:43:02  INFO       + Peacekeeper Mk1 (A, Assault Rifles, BO7)
2026-04-28 07:43:02  INFO       + Dravec 45 (A, SMGs, BO7)
2026-04-28 07:43:02  INFO       + Voyak KT-3 (A, Assault Rifles, BO7)
2026-04-28 07:43:02  INFO       + Carbon 57 (A, SMGs, BO7)
2026-04-28 07:43:02  INFO       + XR-3 Ion (A, Sniper Rifles, BO7)
2026-04-28 07:43:02  INFO       + EGRT-17 (A, Assault Rifles, BO7)
2026-04-28 07:43:02  INFO       + MK.78 (A, LMGs, BO7)
2026-04-28 07:43:02  INFO       + Kogot-7 (A, SMGs, BO7)
2026-04-28 07:43:02  INFO       + X9 Maverick (B, Assault Rifles, BO7)
2026-04-28 07:43:02  INFO       + AK-27 (B, Assault Rifles, BO7)
2026-04-28 07:43:02  INFO       + VS Recon (B, Sniper Rifles, BO7)
2026-04-28 07:43:02  INFO       + Ryden 45K (B, SMGs, BO7)
2026-04-28 07:43:02  INFO       + M15 Mod 0 (B, Assault Rifles, BO7)
2026-04-28 07:43:02  INFO       + REV-46 (B, SMGs, BO7)
2026-04-28 07:43:02  INFO       + MXR-17 (B, Assault Rifles, BO7)
2026-04-28 07:43:02  INFO       + DS20 Mirage (B, Assault Rifles, BO7)
2026-04-28 07:43:02  INFO       + Sokol 545 (B, LMGs, BO7)
2026-04-28 07:43:02  INFO       + Sturmwolf 45 (B, SMGs, BO7)
2026-04-28 07:43:02  INFO       + Swordfish A1 (B, Marksman Rifles, BO7)
2026-04-28 07:43:02  INFO       + TR2 (B, Marksman Rifles, BO6)
2026-04-28 07:43:02  INFO       + LC10 (B, SMGs, BO6)
2026-04-28 07:43:02  INFO       + M8A1 (B, Marksman Rifles, BO7)
2026-04-28 07:43:02  INFO       Totaal: 27 wapens
2026-04-28 07:43:02  INFO         OK: 27 wapens
2026-04-28 07:43:02  INFO     
[2/4] WZHUB Meta scrapen (wzhub.gg)...
2026-04-28 07:43:02  INFO       Browser openen: https://wzhub.gg/loadouts
2026-04-28 07:43:34  WARNING    [FOUT] Playwright: Page.goto: Timeout 30000ms exceeded.
Call log:
  - navigating to "https://wzhub.gg/loadouts", waiting until "networkidle"

2026-04-28 07:43:34  INFO       Totaal: 0 wapens van wzhub.gg
2026-04-28 07:43:34  INFO         OK: 0 wapens
2026-04-28 07:43:34  INFO     
[3/4] RAW-data bouwen vanuit WZ Meta + WZHUB...
2026-04-28 07:43:34  INFO       RAW gebouwd: 27 wapens over 2 games
2026-04-28 07:43:34  INFO     
[4/4] Warzone Playlists scrapen (wzhub.gg/playlist/wz)...
2026-04-28 07:43:34  INFO       Ophalen: https://wzhub.gg/playlist/wz
2026-04-28 07:43:34  INFO       + BATTLE ROYALE (ltm=False, modes=1)
2026-04-28 07:43:34  INFO       + RESURGENCE (ltm=False, modes=3)
2026-04-28 07:43:34  INFO       + BATTLE ROYALE CASUAL (ltm=False, modes=1)
2026-04-28 07:43:34  INFO       + RESURGENCE CASUAL (ltm=False, modes=1)
2026-04-28 07:43:34  INFO       Totaal: 4 playlists, seizoen: 
2026-04-28 07:43:34  INFO         OK: 4 playlists
2026-04-28 07:43:34  INFO     
[5/5] HTML updaten...
2026-04-28 07:43:34  INFO       [MIGRATIE] HTML succesvol bijgewerkt
2026-04-28 07:43:34  WARNING    [WAARSCHUWING] WZHUB leeg -- bestaande data behouden
2026-04-28 07:43:34  INFO         OK: Bijgewerkt op 28/04/2026 07:42
2026-04-28 07:43:34  INFO     
BuitKing's Loadouts bijgewerkt!
2026-04-28 07:43:34  INFO     =======================================================
2026-04-29 07:37:11  INFO     =======================================================
2026-04-29 07:37:11  INFO     BuitKing's Loadout Updater gestart (v8 - geen TeeP)
2026-04-29 07:37:11  INFO     Datum: 29/04/2026 07:37
2026-04-29 07:37:11  INFO     
[1/4] WZ Meta scrapen (warzoneloadout.games)...
2026-04-29 07:37:11  INFO       Ophalen: https://warzoneloadout.games/warzone-meta/
2026-04-29 07:37:12  INFO       + MK35 ISR (S, Assault Rifles, BO7)
2026-04-29 07:37:12  INFO       + Razor 9mm (S, SMGs, BO7)
2026-04-29 07:37:12  INFO       + Strider 300 (S, Sniper Rifles, BO7)
2026-04-29 07:37:12  INFO       + Hawker HX (A, Sniper Rifles, BO7)
2026-04-29 07:37:12  INFO       + VST (A, SMGs, BO7)
2026-04-29 07:37:12  INFO       + Peacekeeper Mk1 (A, Assault Rifles, BO7)
2026-04-29 07:37:12  INFO       + Dravec 45 (A, SMGs, BO7)
2026-04-29 07:37:12  INFO       + Voyak KT-3 (A, Assault Rifles, BO7)
2026-04-29 07:37:12  INFO       + Carbon 57 (A, SMGs, BO7)
2026-04-29 07:37:12  INFO       + XR-3 Ion (A, Sniper Rifles, BO7)
2026-04-29 07:37:12  INFO       + EGRT-17 (A, Assault Rifles, BO7)
2026-04-29 07:37:12  INFO       + MK.78 (A, LMGs, BO7)
2026-04-29 07:37:12  INFO       + Kogot-7 (A, SMGs, BO7)
2026-04-29 07:37:12  INFO       + X9 Maverick (B, Assault Rifles, BO7)
2026-04-29 07:37:12  INFO       + AK-27 (B, Assault Rifles, BO7)
2026-04-29 07:37:12  INFO       + VS Recon (B, Sniper Rifles, BO7)
2026-04-29 07:37:12  INFO       + Ryden 45K (B, SMGs, BO7)
2026-04-29 07:37:12  INFO       + M15 Mod 0 (B, Assault Rifles, BO7)
2026-04-29 07:37:12  INFO       + REV-46 (B, SMGs, BO7)
2026-04-29 07:37:12  INFO       + MXR-17 (B, Assault Rifles, BO7)
2026-04-29 07:37:12  INFO       + DS20 Mirage (B, Assault Rifles, BO7)
2026-04-29 07:37:12  INFO       + Sokol 545 (B, LMGs, BO7)
2026-04-29 07:37:12  INFO       + Sturmwolf 45 (B, SMGs, BO7)
2026-04-29 07:37:12  INFO       + Swordfish A1 (B, Marksman Rifles, BO7)
2026-04-29 07:37:12  INFO       + TR2 (B, Marksman Rifles, BO6)
2026-04-29 07:37:12  INFO       + LC10 (B, SMGs, BO6)
2026-04-29 07:37:12  INFO       + M8A1 (B, Marksman Rifles, BO7)
2026-04-29 07:37:12  INFO       Totaal: 27 wapens
2026-04-29 07:37:12  INFO         OK: 27 wapens
2026-04-29 07:37:12  INFO     
[2/4] WZHUB Meta scrapen (wzhub.gg)...
2026-04-29 07:37:12  INFO       Browser openen: https://wzhub.gg/loadouts
2026-04-29 07:37:43  WARNING    [FOUT] Playwright: Page.goto: Timeout 30000ms exceeded.
Call log:
  - navigating to "https://wzhub.gg/loadouts", waiting until "networkidle"

2026-04-29 07:37:43  INFO       Totaal: 0 wapens van wzhub.gg
2026-04-29 07:37:43  INFO         OK: 0 wapens
2026-04-29 07:37:43  INFO     
[3/4] RAW-data bouwen vanuit WZ Meta + WZHUB...
2026-04-29 07:37:43  INFO       RAW gebouwd: 27 wapens over 2 games
2026-04-29 07:37:43  INFO     
[4/4] Warzone Playlists scrapen (wzhub.gg/playlist/wz)...
2026-04-29 07:37:43  INFO       Ophalen: https://wzhub.gg/playlist/wz
2026-04-29 07:37:44  INFO       + BATTLE ROYALE (ltm=False, modes=1)
2026-04-29 07:37:44  INFO       + RESURGENCE (ltm=False, modes=3)
2026-04-29 07:37:44  INFO       + BATTLE ROYALE CASUAL (ltm=False, modes=1)
2026-04-29 07:37:44  INFO       + RESURGENCE CASUAL (ltm=False, modes=1)
2026-04-29 07:37:44  INFO       Totaal: 4 playlists, seizoen: 
2026-04-29 07:37:44  INFO         OK: 4 playlists
2026-04-29 07:37:44  INFO     
[5/5] HTML updaten...
2026-04-29 07:37:44  INFO       [MIGRATIE] HTML succesvol bijgewerkt
2026-04-29 07:37:44  WARNING    [WAARSCHUWING] WZHUB leeg -- bestaande data behouden
2026-04-29 07:37:44  INFO         OK: Bijgewerkt op 29/04/2026 07:37
2026-04-29 07:37:44  INFO     
BuitKing's Loadouts bijgewerkt!
2026-04-29 07:37:44  INFO     =======================================================
2026-04-30 07:40:54  INFO     =======================================================
2026-04-30 07:40:54  INFO     BuitKing's Loadout Updater gestart (v8 - geen TeeP)
2026-04-30 07:40:54  INFO     Datum: 30/04/2026 07:40
2026-04-30 07:40:54  INFO     
[1/4] WZ Meta scrapen (warzoneloadout.games)...
2026-04-30 07:40:54  INFO       Ophalen: https://warzoneloadout.games/warzone-meta/
2026-04-30 07:40:58  INFO       + Voyak KT-3 (S, Assault Rifles, BO7)
2026-04-30 07:40:58  INFO       + VST (S, SMGs, BO7)
2026-04-30 07:40:58  INFO       + Strider 300 (S, Sniper Rifles, BO7)
2026-04-30 07:40:58  INFO       + MK.78 (A, LMGs, BO7)
2026-04-30 07:40:58  INFO       + Kogot-7 (A, SMGs, BO7)
2026-04-30 07:40:58  INFO       + Hawker HX (A, Sniper Rifles, BO7)
2026-04-30 07:40:58  INFO       + EGRT-17 (A, Assault Rifles, BO7)
2026-04-30 07:40:58  INFO       + Dravec 45 (A, SMGs, BO7)
2026-04-30 07:40:58  INFO       + DS20 Mirage (A, Assault Rifles, BO7)
2026-04-30 07:40:58  INFO       + AK-27 (A, Assault Rifles, BO7)
2026-04-30 07:40:58  INFO       + Carbon 57 (A, SMGs, BO7)
2026-04-30 07:40:58  INFO       + XR-3 Ion (A, Sniper Rifles, BO7)
2026-04-30 07:40:58  INFO       + MK35 ISR (A, Assault Rifles, BO7)
2026-04-30 07:40:58  INFO       + Peacekeeper Mk1 (A, Assault Rifles, BO7)
2026-04-30 07:40:58  INFO       + MXR-17 (A, Assault Rifles, BO7)
2026-04-30 07:40:58  INFO       + Sturmwolf 45 (A, SMGs, BO7)
2026-04-30 07:40:58  INFO       + X9 Maverick (B, Assault Rifles, BO7)
2026-04-30 07:40:58  INFO       + VS Recon (B, Sniper Rifles, BO7)
2026-04-30 07:40:58  INFO       + Razor 9mm (B, SMGs, BO7)
2026-04-30 07:40:58  INFO       + Ryden 45K (B, SMGs, BO7)
2026-04-30 07:40:58  INFO       + M15 Mod 0 (B, Assault Rifles, BO7)
2026-04-30 07:40:58  INFO       + REV-46 (B, SMGs, BO7)
2026-04-30 07:40:58  INFO       + MPC-25 (B, SMGs, BO7)
2026-04-30 07:40:58  INFO       + Sokol 545 (B, LMGs, BO7)
2026-04-30 07:40:58  INFO       + Swordfish A1 (B, Marksman Rifles, BO7)
2026-04-30 07:40:58  INFO       + TR2 (B, Marksman Rifles, BO6)
2026-04-30 07:40:58  INFO       + LC10 (B, SMGs, BO6)
2026-04-30 07:40:58  INFO       + M8A1 (B, Marksman Rifles, BO7)
2026-04-30 07:40:58  INFO       Totaal: 28 wapens
2026-04-30 07:40:58  INFO         OK: 28 wapens
2026-04-30 07:40:58  INFO     
[2/4] WZHUB Meta scrapen (wzhub.gg)...
2026-04-30 07:40:58  INFO       Browser openen: https://wzhub.gg/loadouts
2026-04-30 07:41:30  WARNING    [FOUT] Playwright: Page.goto: Timeout 30000ms exceeded.
Call log:
  - navigating to "https://wzhub.gg/loadouts", waiting until "networkidle"

2026-04-30 07:41:30  INFO       Totaal: 0 wapens van wzhub.gg
2026-04-30 07:41:30  INFO         OK: 0 wapens
2026-04-30 07:41:30  INFO     
[3/4] RAW-data bouwen vanuit WZ Meta + WZHUB...
2026-04-30 07:41:30  INFO       RAW gebouwd: 28 wapens over 2 games
2026-04-30 07:41:30  INFO     
[4/4] Warzone Playlists scrapen (wzhub.gg/playlist/wz)...
2026-04-30 07:41:30  INFO       Ophalen: https://wzhub.gg/playlist/wz
2026-04-30 07:41:30  INFO       + BATTLE ROYALE (ltm=False, modes=1)
2026-04-30 07:41:30  INFO       + RESURGENCE (ltm=False, modes=3)
2026-04-30 07:41:30  INFO       + BATTLE ROYALE CASUAL (ltm=False, modes=1)
2026-04-30 07:41:30  INFO       + RESURGENCE CASUAL (ltm=False, modes=1)
2026-04-30 07:41:30  INFO       Totaal: 4 playlists, seizoen: 
2026-04-30 07:41:30  INFO         OK: 4 playlists
2026-04-30 07:41:30  INFO     
[5/5] HTML updaten...
2026-04-30 07:41:30  INFO       [MIGRATIE] HTML succesvol bijgewerkt
2026-04-30 07:41:30  WARNING    [WAARSCHUWING] WZHUB leeg -- bestaande data behouden
2026-04-30 07:41:30  INFO         OK: Bijgewerkt op 30/04/2026 07:40
2026-04-30 07:41:30  INFO     
BuitKing's Loadouts bijgewerkt!
2026-04-30 07:41:30  INFO     =======================================================
2026-05-01 07:39:52  INFO     =======================================================
2026-05-01 07:39:52  INFO     BuitKing's Loadout Updater gestart (v8 - geen TeeP)
2026-05-01 07:39:52  INFO     Datum: 01/05/2026 07:39
2026-05-01 07:39:52  INFO     
[1/4] WZ Meta scrapen (warzoneloadout.games)...
2026-05-01 07:39:52  INFO       Ophalen: https://warzoneloadout.games/warzone-meta/
2026-05-01 07:39:53  INFO       + Voyak KT-3 (S, Assault Rifles, BO7)
2026-05-01 07:39:53  INFO       + VST (S, SMGs, BO7)
2026-05-01 07:39:53  INFO       + Strider 300 (S, Sniper Rifles, BO7)
2026-05-01 07:39:53  INFO       + DS20 Mirage (S, Assault Rifles, BO7)
2026-05-01 07:39:53  INFO       + MK.78 (A, LMGs, BO7)
2026-05-01 07:39:53  INFO       + Kogot-7 (A, SMGs, BO7)
2026-05-01 07:39:53  INFO       + Hawker HX (A, Sniper Rifles, BO7)
2026-05-01 07:39:53  INFO       + Dravec 45 (A, SMGs, BO7)
2026-05-01 07:39:53  INFO       + AK-27 (A, Assault Rifles, BO7)
2026-05-01 07:39:53  INFO       + Carbon 57 (A, SMGs, BO7)
2026-05-01 07:39:53  INFO       + XR-3 Ion (A, Sniper Rifles, BO7)
2026-05-01 07:39:53  INFO       + EGRT-17 (A, Assault Rifles, BO7)
2026-05-01 07:39:53  INFO       + MK35 ISR (A, Assault Rifles, BO7)
2026-05-01 07:39:53  INFO       + Peacekeeper Mk1 (A, Assault Rifles, BO7)
2026-05-01 07:39:53  INFO       + MXR-17 (A, Assault Rifles, BO7)
2026-05-01 07:39:53  INFO       + Sturmwolf 45 (A, SMGs, BO7)
2026-05-01 07:39:53  INFO       + X9 Maverick (B, Assault Rifles, BO7)
2026-05-01 07:39:53  INFO       + VS Recon (B, Sniper Rifles, BO7)
2026-05-01 07:39:53  INFO       + Razor 9mm (B, SMGs, BO7)
2026-05-01 07:39:53  INFO       + Ryden 45K (B, SMGs, BO7)
2026-05-01 07:39:53  INFO       + M15 Mod 0 (B, Assault Rifles, BO7)
2026-05-01 07:39:53  INFO       + REV-46 (B, SMGs, BO7)
2026-05-01 07:39:53  INFO       + MPC-25 (B, SMGs, BO7)
2026-05-01 07:39:53  INFO       + Sokol 545 (B, LMGs, BO7)
2026-05-01 07:39:53  INFO       + Swordfish A1 (B, Marksman Rifles, BO7)
2026-05-01 07:39:53  INFO       + TR2 (B, Marksman Rifles, BO6)
2026-05-01 07:39:53  INFO       + LC10 (B, SMGs, BO6)
2026-05-01 07:39:53  INFO       + M8A1 (B, Marksman Rifles, BO7)
2026-05-01 07:39:53  INFO       Totaal: 28 wapens
2026-05-01 07:39:53  INFO         OK: 28 wapens
2026-05-01 07:39:53  INFO     
[2/4] WZHUB Meta scrapen (wzhub.gg)...
2026-05-01 07:39:54  INFO       Browser openen: https://wzhub.gg/loadouts
2026-05-01 07:39:56  INFO       Pagina geladen — parsen...
2026-05-01 07:39:56  INFO       + Voyak Kt-3 (S, )
2026-05-01 07:39:56  INFO       + Vst (S, )
2026-05-01 07:39:56  INFO       + Ds20 Mirage (S, )
2026-05-01 07:39:56  INFO       + Strider 300 (S, )
2026-05-01 07:39:56  INFO       + Razor 9Mm (A, )
2026-05-01 07:39:56  INFO       + Dravec 45 (A, )
2026-05-01 07:39:56  INFO       + Egrt-17 (A, )
2026-05-01 07:39:56  INFO       + Sturmwolf 45 (A, )
2026-05-01 07:39:56  INFO       + Mk35 Isr (A, )
2026-05-01 07:39:56  INFO       + Hawker Hx (A, )
2026-05-01 07:39:56  INFO       + Kogot-7 (A, )
2026-05-01 07:39:56  INFO       + Vs Recon (A, )
2026-05-01 07:39:56  INFO       + Mk.78 (A, )
2026-05-01 07:39:56  INFO       Totaal: 13 wapens van wzhub.gg
2026-05-01 07:39:56  INFO         OK: 13 wapens
2026-05-01 07:39:56  INFO     
[3/4] RAW-data bouwen vanuit WZ Meta + WZHUB...
2026-05-01 07:39:56  INFO       RAW gebouwd: 28 wapens over 2 games
2026-05-01 07:39:56  INFO     
[4/4] Warzone Playlists scrapen (wzhub.gg/playlist/wz)...
2026-05-01 07:39:56  INFO       Ophalen: https://wzhub.gg/playlist/wz
2026-05-01 07:39:57  INFO       + BATTLE ROYALE (ltm=False, modes=1)
2026-05-01 07:39:57  INFO       + RESURGENCE (ltm=False, modes=3)
2026-05-01 07:39:57  INFO       + BATTLE ROYALE CASUAL (ltm=False, modes=1)
2026-05-01 07:39:57  INFO       + RESURGENCE CASUAL (ltm=False, modes=1)
2026-05-01 07:39:57  INFO       Totaal: 4 playlists, seizoen: 
2026-05-01 07:39:57  INFO         OK: 4 playlists
2026-05-01 07:39:57  INFO     
[5/5] HTML updaten...
2026-05-01 07:39:57  INFO       [MIGRATIE] HTML succesvol bijgewerkt
2026-05-01 07:39:57  INFO         OK: Bijgewerkt op 01/05/2026 07:39
2026-05-01 07:39:57  INFO     
BuitKing's Loadouts bijgewerkt!
2026-05-01 07:39:57  INFO     =======================================================
2026-05-02 07:11:48  INFO     =======================================================
2026-05-02 07:11:48  INFO     BuitKing's Loadout Updater gestart (v8 - geen TeeP)
2026-05-02 07:11:48  INFO     Datum: 02/05/2026 07:11
2026-05-02 07:11:48  INFO     
[1/4] WZ Meta scrapen (warzoneloadout.games)...
2026-05-02 07:11:48  INFO       Ophalen: https://warzoneloadout.games/warzone-meta/
2026-05-02 07:11:51  INFO       + Voyak KT-3 (S, Assault Rifles, BO7)
2026-05-02 07:11:51  INFO       + VST (S, SMGs, BO7)
2026-05-02 07:11:51  INFO       + Strider 300 (S, Sniper Rifles, BO7)
2026-05-02 07:11:51  INFO       + DS20 Mirage (S, Assault Rifles, BO7)
2026-05-02 07:11:51  INFO       + MK.78 (A, LMGs, BO7)
2026-05-02 07:11:51  INFO       + Kogot-7 (A, SMGs, BO7)
2026-05-02 07:11:51  INFO       + Hawker HX (A, Sniper Rifles, BO7)
2026-05-02 07:11:51  INFO       + Dravec 45 (A, SMGs, BO7)
2026-05-02 07:11:51  INFO       + AK-27 (A, Assault Rifles, BO7)
2026-05-02 07:11:51  INFO       + Carbon 57 (A, SMGs, BO7)
2026-05-02 07:11:51  INFO       + XR-3 Ion (A, Sniper Rifles, BO7)
2026-05-02 07:11:51  INFO       + EGRT-17 (A, Assault Rifles, BO7)
2026-05-02 07:11:51  INFO       + MK35 ISR (A, Assault Rifles, BO7)
2026-05-02 07:11:51  INFO       + Peacekeeper Mk1 (A, Assault Rifles, BO7)
2026-05-02 07:11:51  INFO       + MXR-17 (A, Assault Rifles, BO7)
2026-05-02 07:11:51  INFO       + Sturmwolf 45 (A, SMGs, BO7)
2026-05-02 07:11:51  INFO       + X9 Maverick (B, Assault Rifles, BO7)
2026-05-02 07:11:51  INFO       + VS Recon (B, Sniper Rifles, BO7)
2026-05-02 07:11:51  INFO       + Razor 9mm (B, SMGs, BO7)
2026-05-02 07:11:51  INFO       + Ryden 45K (B, SMGs, BO7)
2026-05-02 07:11:51  INFO       + M15 Mod 0 (B, Assault Rifles, BO7)
2026-05-02 07:11:51  INFO       + REV-46 (B, SMGs, BO7)
2026-05-02 07:11:51  INFO       + MPC-25 (B, SMGs, BO7)
2026-05-02 07:11:51  INFO       + Sokol 545 (B, LMGs, BO7)
2026-05-02 07:11:51  INFO       + Swordfish A1 (B, Marksman Rifles, BO7)
2026-05-02 07:11:51  INFO       + TR2 (B, Marksman Rifles, BO6)
2026-05-02 07:11:51  INFO       + LC10 (B, SMGs, BO6)
2026-05-02 07:11:51  INFO       + M8A1 (B, Marksman Rifles, BO7)
2026-05-02 07:11:51  INFO       Totaal: 28 wapens
2026-05-02 07:11:51  INFO         OK: 28 wapens
2026-05-02 07:11:51  INFO     
[2/4] WZHUB Meta scrapen (wzhub.gg)...
2026-05-02 07:11:51  INFO       Browser openen: https://wzhub.gg/loadouts
2026-05-02 07:12:01  INFO       Pagina geladen — parsen...
2026-05-02 07:12:01  INFO       + Voyak Kt-3 (S, )
2026-05-02 07:12:01  INFO       + Vst (S, )
2026-05-02 07:12:01  INFO       + Ds20 Mirage (S, )
2026-05-02 07:12:01  INFO       + Strider 300 (S, )
2026-05-02 07:12:01  INFO       + Razor 9Mm (A, )
2026-05-02 07:12:01  INFO       + Dravec 45 (A, )
2026-05-02 07:12:01  INFO       + Egrt-17 (A, )
2026-05-02 07:12:01  INFO       + Sturmwolf 45 (A, )
2026-05-02 07:12:01  INFO       + Mk35 Isr (A, )
2026-05-02 07:12:01  INFO       + Hawker Hx (A, )
2026-05-02 07:12:01  INFO       + Kogot-7 (A, )
2026-05-02 07:12:01  INFO       + Vs Recon (A, )
2026-05-02 07:12:01  INFO       + Mk.78 (A, )
2026-05-02 07:12:01  INFO       Totaal: 13 wapens van wzhub.gg
2026-05-02 07:12:01  INFO         OK: 13 wapens
2026-05-02 07:12:01  INFO     
[3/4] RAW-data bouwen vanuit WZ Meta + WZHUB...
2026-05-02 07:12:01  INFO       RAW gebouwd: 28 wapens over 2 games
2026-05-02 07:12:01  INFO     
[4/4] Warzone Playlists scrapen (wzhub.gg/playlist/wz)...
2026-05-02 07:12:01  INFO       Ophalen: https://wzhub.gg/playlist/wz
2026-05-02 07:12:01  INFO       + BATTLE ROYALE (ltm=False, modes=1)
2026-05-02 07:12:01  INFO       + RESURGENCE (ltm=False, modes=3)
2026-05-02 07:12:01  INFO       + BATTLE ROYALE CASUAL (ltm=False, modes=1)
2026-05-02 07:12:01  INFO       + RESURGENCE CASUAL (ltm=False, modes=1)
2026-05-02 07:12:01  INFO       Totaal: 4 playlists, seizoen: 
2026-05-02 07:12:01  INFO         OK: 4 playlists
2026-05-02 07:12:01  INFO     
[5/5] HTML updaten...
2026-05-02 07:12:01  INFO       [MIGRATIE] HTML succesvol bijgewerkt
2026-05-02 07:12:01  INFO         OK: Bijgewerkt op 02/05/2026 07:11
2026-05-02 07:12:01  INFO     
BuitKing's Loadouts bijgewerkt!
2026-05-02 07:12:01  INFO     =======================================================
2026-05-03 07:28:43  INFO     =======================================================
2026-05-03 07:28:43  INFO     BuitKing's Loadout Updater gestart (v8 - geen TeeP)
2026-05-03 07:28:43  INFO     Datum: 03/05/2026 07:28
2026-05-03 07:28:43  INFO     
[1/4] WZ Meta scrapen (warzoneloadout.games)...
2026-05-03 07:28:43  INFO       Ophalen: https://warzoneloadout.games/warzone-meta/
2026-05-03 07:28:47  INFO       + MK.78 (S, LMGs, BO7)
2026-05-03 07:28:47  INFO       + Voyak KT-3 (S, Assault Rifles, BO7)
2026-05-03 07:28:47  INFO       + VST (S, SMGs, BO7)
2026-05-03 07:28:47  INFO       + Carbon 57 (S, SMGs, BO7)
2026-05-03 07:28:47  INFO       + Strider 300 (S, Sniper Rifles, BO7)
2026-05-03 07:28:47  INFO       + DS20 Mirage (A, Assault Rifles, BO7)
2026-05-03 07:28:47  INFO       + Kogot-7 (A, SMGs, BO7)
2026-05-03 07:28:47  INFO       + Hawker HX (A, Sniper Rifles, BO7)
2026-05-03 07:28:47  INFO       + Dravec 45 (A, SMGs, BO7)
2026-05-03 07:28:47  INFO       + MXR-17 (A, Assault Rifles, BO7)
2026-05-03 07:28:47  INFO       + XR-3 Ion (A, Sniper Rifles, BO7)
2026-05-03 07:28:47  INFO       + EGRT-17 (A, Assault Rifles, BO7)
2026-05-03 07:28:47  INFO       + AK-27 (A, Assault Rifles, BO7)
2026-05-03 07:28:47  INFO       + Peacekeeper Mk1 (A, Assault Rifles, BO7)
2026-05-03 07:28:47  INFO       + Sturmwolf 45 (A, SMGs, BO7)
2026-05-03 07:28:47  INFO       + VS Recon (B, Sniper Rifles, BO7)
2026-05-03 07:28:47  INFO       + Razor 9mm (B, SMGs, BO7)
2026-05-03 07:28:47  INFO       + Ryden 45K (B, SMGs, BO7)
2026-05-03 07:28:47  INFO       + M15 Mod 0 (B, Assault Rifles, BO7)
2026-05-03 07:28:47  INFO       + REV-46 (B, SMGs, BO7)
2026-05-03 07:28:47  INFO       + MK35 ISR (B, Assault Rifles, BO7)
2026-05-03 07:28:47  INFO       + MPC-25 (B, SMGs, BO7)
2026-05-03 07:28:47  INFO       + TR2 (B, Marksman Rifles, BO6)
2026-05-03 07:28:47  INFO       + X9 Maverick (B, Assault Rifles, BO7)
2026-05-03 07:28:47  INFO       + Sokol 545 (B, LMGs, BO7)
2026-05-03 07:28:47  INFO       + LC10 (B, SMGs, BO6)
2026-05-03 07:28:47  INFO       + M8A1 (B, Marksman Rifles, BO7)
2026-05-03 07:28:47  INFO       + Swordfish A1 (B, Marksman Rifles, BO7)
2026-05-03 07:28:47  INFO       Totaal: 28 wapens
2026-05-03 07:28:47  INFO         OK: 28 wapens
2026-05-03 07:28:47  INFO     
[2/4] WZHUB Meta scrapen (wzhub.gg)...
2026-05-03 07:28:47  INFO       Browser openen: https://wzhub.gg/loadouts
2026-05-03 07:29:18  WARNING    [FOUT] Playwright: Page.goto: Timeout 30000ms exceeded.
Call log:
  - navigating to "https://wzhub.gg/loadouts", waiting until "networkidle"

2026-05-03 07:29:18  INFO       Totaal: 0 wapens van wzhub.gg
2026-05-03 07:29:18  INFO         OK: 0 wapens
2026-05-03 07:29:18  INFO     
[3/4] RAW-data bouwen vanuit WZ Meta + WZHUB...
2026-05-03 07:29:18  INFO       RAW gebouwd: 28 wapens over 2 games
2026-05-03 07:29:18  INFO     
[4/4] Warzone Playlists scrapen (wzhub.gg/playlist/wz)...
2026-05-03 07:29:18  INFO       Ophalen: https://wzhub.gg/playlist/wz
2026-05-03 07:29:18  INFO       + BATTLE ROYALE (ltm=False, modes=1)
2026-05-03 07:29:18  INFO       + RESURGENCE (ltm=False, modes=3)
2026-05-03 07:29:18  INFO       + BATTLE ROYALE CASUAL (ltm=False, modes=1)
2026-05-03 07:29:18  INFO       + RESURGENCE CASUAL (ltm=False, modes=1)
2026-05-03 07:29:18  INFO       Totaal: 4 playlists, seizoen: 
2026-05-03 07:29:18  INFO         OK: 4 playlists
2026-05-03 07:29:18  INFO     
[5/5] HTML updaten...
2026-05-03 07:29:18  INFO       [MIGRATIE] HTML succesvol bijgewerkt
2026-05-03 07:29:18  WARNING    [WAARSCHUWING] WZHUB leeg -- bestaande data behouden
2026-05-03 07:29:18  INFO         OK: Bijgewerkt op 03/05/2026 07:28
2026-05-03 07:29:18  INFO     
BuitKing's Loadouts bijgewerkt!
2026-05-03 07:29:18  INFO     =======================================================
2026-05-04 08:04:44  INFO     =======================================================
2026-05-04 08:04:44  INFO     BuitKing's Loadout Updater gestart (v8 - geen TeeP)
2026-05-04 08:04:44  INFO     Datum: 04/05/2026 08:04
2026-05-04 08:04:44  INFO     
[1/4] WZ Meta scrapen (warzoneloadout.games)...
2026-05-04 08:04:44  INFO       Ophalen: https://warzoneloadout.games/warzone-meta/
2026-05-04 08:04:45  INFO       + MK.78 (S, LMGs, BO7)
2026-05-04 08:04:45  INFO       + Voyak KT-3 (S, Assault Rifles, BO7)
2026-05-04 08:04:45  INFO       + VST (S, SMGs, BO7)
2026-05-04 08:04:45  INFO       + Carbon 57 (S, SMGs, BO7)
2026-05-04 08:04:45  INFO       + Strider 300 (S, Sniper Rifles, BO7)
2026-05-04 08:04:45  INFO       + DS20 Mirage (A, Assault Rifles, BO7)
2026-05-04 08:04:45  INFO       + Kogot-7 (A, SMGs, BO7)
2026-05-04 08:04:45  INFO       + Hawker HX (A, Sniper Rifles, BO7)
2026-05-04 08:04:45  INFO       + Dravec 45 (A, SMGs, BO7)
2026-05-04 08:04:45  INFO       + MXR-17 (A, Assault Rifles, BO7)
2026-05-04 08:04:45  INFO       + XR-3 Ion (A, Sniper Rifles, BO7)
2026-05-04 08:04:45  INFO       + EGRT-17 (A, Assault Rifles, BO7)
2026-05-04 08:04:45  INFO       + AK-27 (A, Assault Rifles, BO7)
2026-05-04 08:04:45  INFO       + Peacekeeper Mk1 (A, Assault Rifles, BO7)
2026-05-04 08:04:45  INFO       + Sturmwolf 45 (A, SMGs, BO7)
2026-05-04 08:04:45  INFO       + VS Recon (B, Sniper Rifles, BO7)
2026-05-04 08:04:45  INFO       + Razor 9mm (B, SMGs, BO7)
2026-05-04 08:04:45  INFO       + Ryden 45K (B, SMGs, BO7)
2026-05-04 08:04:45  INFO       + M15 Mod 0 (B, Assault Rifles, BO7)
2026-05-04 08:04:45  INFO       + REV-46 (B, SMGs, BO7)
2026-05-04 08:04:45  INFO       + MK35 ISR (B, Assault Rifles, BO7)
2026-05-04 08:04:45  INFO       + MPC-25 (B, SMGs, BO7)
2026-05-04 08:04:45  INFO       + TR2 (B, Marksman Rifles, BO6)
2026-05-04 08:04:45  INFO       + X9 Maverick (B, Assault Rifles, BO7)
2026-05-04 08:04:45  INFO       + Sokol 545 (B, LMGs, BO7)
2026-05-04 08:04:45  INFO       + LC10 (B, SMGs, BO6)
2026-05-04 08:04:45  INFO       + M8A1 (B, Marksman Rifles, BO7)
2026-05-04 08:04:45  INFO       + Swordfish A1 (B, Marksman Rifles, BO7)
2026-05-04 08:04:45  INFO       Totaal: 28 wapens
2026-05-04 08:04:45  INFO         OK: 28 wapens
2026-05-04 08:04:45  INFO     
[2/4] WZHUB Meta scrapen (wzhub.gg)...
2026-05-04 08:04:45  INFO       Browser openen: https://wzhub.gg/loadouts
2026-05-04 08:05:17  WARNING    [FOUT] Playwright: Page.goto: Timeout 30000ms exceeded.
Call log:
  - navigating to "https://wzhub.gg/loadouts", waiting until "networkidle"

2026-05-04 08:05:17  INFO       Totaal: 0 wapens van wzhub.gg
2026-05-04 08:05:17  INFO         OK: 0 wapens
2026-05-04 08:05:17  INFO     
[3/4] RAW-data bouwen vanuit WZ Meta + WZHUB...
2026-05-04 08:05:17  INFO       RAW gebouwd: 28 wapens over 2 games
2026-05-04 08:05:17  INFO     
[4/4] Warzone Playlists scrapen (wzhub.gg/playlist/wz)...
2026-05-04 08:05:17  INFO       Ophalen: https://wzhub.gg/playlist/wz
2026-05-04 08:05:17  INFO       + BATTLE ROYALE (ltm=False, modes=1)
2026-05-04 08:05:17  INFO       + RESURGENCE (ltm=False, modes=3)
2026-05-04 08:05:17  INFO       + BATTLE ROYALE CASUAL (ltm=False, modes=1)
2026-05-04 08:05:17  INFO       + RESURGENCE CASUAL (ltm=False, modes=1)
2026-05-04 08:05:17  INFO       Totaal: 4 playlists, seizoen: 
2026-05-04 08:05:17  INFO         OK: 4 playlists
2026-05-04 08:05:17  INFO     
[5/5] HTML updaten...
2026-05-04 08:05:17  INFO       [MIGRATIE] HTML succesvol bijgewerkt
2026-05-04 08:05:17  WARNING    [WAARSCHUWING] WZHUB leeg -- bestaande data behouden
2026-05-04 08:05:17  INFO         OK: Bijgewerkt op 04/05/2026 08:04
2026-05-04 08:05:17  INFO     
BuitKing's Loadouts bijgewerkt!
2026-05-04 08:05:17  INFO     =======================================================
2026-05-05 07:29:13  INFO     =======================================================
2026-05-05 07:29:13  INFO     BuitKing's Loadout Updater gestart (v8 - geen TeeP)
2026-05-05 07:29:13  INFO     Datum: 05/05/2026 07:29
2026-05-05 07:29:13  INFO     
[1/4] WZ Meta scrapen (warzoneloadout.games)...
2026-05-05 07:29:13  INFO       Ophalen: https://warzoneloadout.games/warzone-meta/
2026-05-05 07:29:14  INFO       + MK.78 (S, LMGs, BO7)
2026-05-05 07:29:14  INFO       + Carbon 57 (S, SMGs, BO7)
2026-05-05 07:29:14  INFO       + Strider 300 (S, Sniper Rifles, BO7)
2026-05-05 07:29:14  INFO       + Kogot-7 (A, SMGs, BO7)
2026-05-05 07:29:14  INFO       + Voyak KT-3 (A, Assault Rifles, BO7)
2026-05-05 07:29:14  INFO       + VST (A, SMGs, BO7)
2026-05-05 07:29:14  INFO       + MXR-17 (A, Assault Rifles, BO7)
2026-05-05 07:29:14  INFO       + DS20 Mirage (A, Assault Rifles, BO7)
2026-05-05 07:29:14  INFO       + Hawker HX (A, Sniper Rifles, BO7)
2026-05-05 07:29:14  INFO       + EGRT-17 (A, Assault Rifles, BO7)
2026-05-05 07:29:14  INFO       + AK-27 (A, Assault Rifles, BO7)
2026-05-05 07:29:14  INFO       + VS Recon (A, Sniper Rifles, BO7)
2026-05-05 07:29:14  INFO       + Dravec 45 (A, SMGs, BO7)
2026-05-05 07:29:14  INFO       + Peacekeeper Mk1 (A, Assault Rifles, BO7)
2026-05-05 07:29:14  INFO       + Sturmwolf 45 (A, SMGs, BO7)
2026-05-05 07:29:14  INFO       + Ryden 45K (B, SMGs, BO7)
2026-05-05 07:29:14  INFO       + M15 Mod 0 (B, Assault Rifles, BO7)
2026-05-05 07:29:14  INFO       + REV-46 (B, SMGs, BO7)
2026-05-05 07:29:14  INFO       + MK35 ISR (B, Assault Rifles, BO7)
2026-05-05 07:29:14  INFO       + MPC-25 (B, SMGs, BO7)
2026-05-05 07:29:14  INFO       + XR-3 Ion (B, Sniper Rifles, BO7)
2026-05-05 07:29:14  INFO       + TR2 (B, Marksman Rifles, BO6)
2026-05-05 07:29:14  INFO       + X9 Maverick (B, Assault Rifles, BO7)
2026-05-05 07:29:14  INFO       + Razor 9mm (B, SMGs, BO7)
2026-05-05 07:29:14  INFO       + Sokol 545 (B, LMGs, BO7)
2026-05-05 07:29:14  INFO       + LC10 (B, SMGs, BO6)
2026-05-05 07:29:14  INFO       + M8A1 (B, Marksman Rifles, BO7)
2026-05-05 07:29:14  INFO       + Swordfish A1 (B, Marksman Rifles, BO7)
2026-05-05 07:29:14  INFO       Totaal: 28 wapens
2026-05-05 07:29:14  INFO         OK: 28 wapens
2026-05-05 07:29:14  INFO     
[2/4] WZHUB Meta scrapen (wzhub.gg)...
2026-05-05 07:29:14  INFO       Browser openen: https://wzhub.gg/loadouts
2026-05-05 07:29:26  INFO       Pagina geladen — parsen...
2026-05-05 07:29:26  INFO       + Voyak Kt-3 (S, )
2026-05-05 07:29:26  INFO       + Vst (S, )
2026-05-05 07:29:26  INFO       + Ds20 Mirage (S, )
2026-05-05 07:29:26  INFO       + Strider 300 (S, )
2026-05-05 07:29:26  INFO       + Razor 9Mm (A, )
2026-05-05 07:29:26  INFO       + Dravec 45 (A, )
2026-05-05 07:29:26  INFO       + Egrt-17 (A, )
2026-05-05 07:29:26  INFO       + Sturmwolf 45 (A, )
2026-05-05 07:29:26  INFO       + Mk35 Isr (A, )
2026-05-05 07:29:26  INFO       + Hawker Hx (A, )
2026-05-05 07:29:26  INFO       + Kogot-7 (A, )
2026-05-05 07:29:26  INFO       + Vs Recon (A, )
2026-05-05 07:29:26  INFO       + Mk.78 (A, )
2026-05-05 07:29:26  INFO       Totaal: 13 wapens van wzhub.gg
2026-05-05 07:29:26  INFO         OK: 13 wapens
2026-05-05 07:29:26  INFO     
[3/4] RAW-data bouwen vanuit WZ Meta + WZHUB...
2026-05-05 07:29:26  INFO       RAW gebouwd: 28 wapens over 2 games
2026-05-05 07:29:26  INFO     
[4/4] Warzone Playlists scrapen (wzhub.gg/playlist/wz)...
2026-05-05 07:29:26  INFO       Ophalen: https://wzhub.gg/playlist/wz
2026-05-05 07:29:27  INFO       + BATTLE ROYALE (ltm=False, modes=1)
2026-05-05 07:29:27  INFO       + RESURGENCE (ltm=False, modes=3)
2026-05-05 07:29:27  INFO       + BATTLE ROYALE CASUAL (ltm=False, modes=1)
2026-05-05 07:29:27  INFO       + RESURGENCE CASUAL (ltm=False, modes=1)
2026-05-05 07:29:27  INFO       Totaal: 4 playlists, seizoen: 
2026-05-05 07:29:27  INFO         OK: 4 playlists
2026-05-05 07:29:27  INFO     
[5/5] HTML updaten...
2026-05-05 07:29:27  INFO       [MIGRATIE] HTML succesvol bijgewerkt
2026-05-05 07:29:27  INFO         OK: Bijgewerkt op 05/05/2026 07:29
2026-05-05 07:29:27  INFO     
BuitKing's Loadouts bijgewerkt!
2026-05-05 07:29:27  INFO     =======================================================
2026-05-06 07:45:37  INFO     =======================================================
2026-05-06 07:45:37  INFO     BuitKing's Loadout Updater gestart (v8 - geen TeeP)
2026-05-06 07:45:37  INFO     Datum: 06/05/2026 07:45
2026-05-06 07:45:37  INFO     
[1/4] WZ Meta scrapen (warzoneloadout.games)...
2026-05-06 07:45:37  INFO       Ophalen: https://warzoneloadout.games/warzone-meta/
2026-05-06 07:45:42  INFO       + MK.78 (S, LMGs, BO7)
2026-05-06 07:45:42  INFO       + Carbon 57 (S, SMGs, BO7)
2026-05-06 07:45:42  INFO       + Strider 300 (S, Sniper Rifles, BO7)
2026-05-06 07:45:42  INFO       + Kogot-7 (A, SMGs, BO7)
2026-05-06 07:45:42  INFO       + Voyak KT-3 (A, Assault Rifles, BO7)
2026-05-06 07:45:42  INFO       + VST (A, SMGs, BO7)
2026-05-06 07:45:42  INFO       + MXR-17 (A, Assault Rifles, BO7)
2026-05-06 07:45:42  INFO       + DS20 Mirage (A, Assault Rifles, BO7)
2026-05-06 07:45:42  INFO       + Hawker HX (A, Sniper Rifles, BO7)
2026-05-06 07:45:42  INFO       + EGRT-17 (A, Assault Rifles, BO7)
2026-05-06 07:45:42  INFO       + AK-27 (A, Assault Rifles, BO7)
2026-05-06 07:45:42  INFO       + VS Recon (A, Sniper Rifles, BO7)
2026-05-06 07:45:42  INFO       + Dravec 45 (A, SMGs, BO7)
2026-05-06 07:45:42  INFO       + Peacekeeper Mk1 (A, Assault Rifles, BO7)
2026-05-06 07:45:42  INFO       + Sturmwolf 45 (A, SMGs, BO7)
2026-05-06 07:45:42  INFO       + Ryden 45K (B, SMGs, BO7)
2026-05-06 07:45:42  INFO       + M15 Mod 0 (B, Assault Rifles, BO7)
2026-05-06 07:45:42  INFO       + REV-46 (B, SMGs, BO7)
2026-05-06 07:45:42  INFO       + MK35 ISR (B, Assault Rifles, BO7)
2026-05-06 07:45:42  INFO       + MPC-25 (B, SMGs, BO7)
2026-05-06 07:45:42  INFO       + XR-3 Ion (B, Sniper Rifles, BO7)
2026-05-06 07:45:42  INFO       + TR2 (B, Marksman Rifles, BO6)
2026-05-06 07:45:42  INFO       + X9 Maverick (B, Assault Rifles, BO7)
2026-05-06 07:45:42  INFO       + Razor 9mm (B, SMGs, BO7)
2026-05-06 07:45:42  INFO       + Sokol 545 (B, LMGs, BO7)
2026-05-06 07:45:42  INFO       + LC10 (B, SMGs, BO6)
2026-05-06 07:45:42  INFO       + M8A1 (B, Marksman Rifles, BO7)
2026-05-06 07:45:42  INFO       + Swordfish A1 (B, Marksman Rifles, BO7)
2026-05-06 07:45:42  INFO       Totaal: 28 wapens
2026-05-06 07:45:42  INFO         OK: 28 wapens
2026-05-06 07:45:42  INFO     
[2/4] WZHUB Meta scrapen (wzhub.gg)...
2026-05-06 07:45:42  INFO       Browser openen: https://wzhub.gg/loadouts
2026-05-06 07:45:50  INFO       Pagina geladen — parsen...
2026-05-06 07:45:51  INFO       + Voyak Kt-3 (S, )
2026-05-06 07:45:51  INFO       + Vst (S, )
2026-05-06 07:45:51  INFO       + Ds20 Mirage (S, )
2026-05-06 07:45:51  INFO       + Strider 300 (S, )
2026-05-06 07:45:51  INFO       + Razor 9Mm (A, )
2026-05-06 07:45:51  INFO       + Dravec 45 (A, )
2026-05-06 07:45:51  INFO       + Egrt-17 (A, )
2026-05-06 07:45:51  INFO       + Sturmwolf 45 (A, )
2026-05-06 07:45:51  INFO       + Mk35 Isr (A, )
2026-05-06 07:45:51  INFO       + Hawker Hx (A, )
2026-05-06 07:45:51  INFO       + Kogot-7 (A, )
2026-05-06 07:45:51  INFO       + Vs Recon (A, )
2026-05-06 07:45:51  INFO       + Mk.78 (A, )
2026-05-06 07:45:51  INFO       Totaal: 13 wapens van wzhub.gg
2026-05-06 07:45:51  INFO         OK: 13 wapens
2026-05-06 07:45:51  INFO     
[3/4] RAW-data bouwen vanuit WZ Meta + WZHUB...
2026-05-06 07:45:51  INFO       RAW gebouwd: 28 wapens over 2 games
2026-05-06 07:45:51  INFO     
[4/4] Warzone Playlists scrapen (wzhub.gg/playlist/wz)...
2026-05-06 07:45:51  INFO       Ophalen: https://wzhub.gg/playlist/wz
2026-05-06 07:45:51  INFO       + BATTLE ROYALE (ltm=False, modes=1)
2026-05-06 07:45:51  INFO       + RESURGENCE (ltm=False, modes=3)
2026-05-06 07:45:51  INFO       + BATTLE ROYALE CASUAL (ltm=False, modes=1)
2026-05-06 07:45:51  INFO       + RESURGENCE CASUAL (ltm=False, modes=1)
2026-05-06 07:45:51  INFO       Totaal: 4 playlists, seizoen: 
2026-05-06 07:45:51  INFO         OK: 4 playlists
2026-05-06 07:45:51  INFO     
[5/5] HTML updaten...
2026-05-06 07:45:51  INFO       [MIGRATIE] HTML succesvol bijgewerkt
2026-05-06 07:45:51  INFO         OK: Bijgewerkt op 06/05/2026 07:45
2026-05-06 07:45:51  INFO     
BuitKing's Loadouts bijgewerkt!
2026-05-06 07:45:51  INFO     =======================================================
2026-05-07 08:04:10  INFO     =======================================================
2026-05-07 08:04:10  INFO     BuitKing's Loadout Updater gestart (v8 - geen TeeP)
2026-05-07 08:04:10  INFO     Datum: 07/05/2026 08:04
2026-05-07 08:04:10  INFO     
[1/4] WZ Meta scrapen (warzoneloadout.games)...
2026-05-07 08:04:10  INFO       Ophalen: https://warzoneloadout.games/warzone-meta/
2026-05-07 08:04:11  INFO       + MK.78 (S, LMGs, BO7)
2026-05-07 08:04:11  INFO       + Carbon 57 (S, SMGs, BO7)
2026-05-07 08:04:11  INFO       + Strider 300 (S, Sniper Rifles, BO7)
2026-05-07 08:04:11  INFO       + Kogot-7 (A, SMGs, BO7)
2026-05-07 08:04:11  INFO       + Voyak KT-3 (A, Assault Rifles, BO7)
2026-05-07 08:04:11  INFO       + VST (A, SMGs, BO7)
2026-05-07 08:04:11  INFO       + MXR-17 (A, Assault Rifles, BO7)
2026-05-07 08:04:11  INFO       + DS20 Mirage (A, Assault Rifles, BO7)
2026-05-07 08:04:11  INFO       + Hawker HX (A, Sniper Rifles, BO7)
2026-05-07 08:04:11  INFO       + EGRT-17 (A, Assault Rifles, BO7)
2026-05-07 08:04:11  INFO       + AK-27 (A, Assault Rifles, BO7)
2026-05-07 08:04:11  INFO       + VS Recon (A, Sniper Rifles, BO7)
2026-05-07 08:04:11  INFO       + Dravec 45 (A, SMGs, BO7)
2026-05-07 08:04:11  INFO       + Peacekeeper Mk1 (A, Assault Rifles, BO7)
2026-05-07 08:04:11  INFO       + Sturmwolf 45 (A, SMGs, BO7)
2026-05-07 08:04:11  INFO       + Ryden 45K (B, SMGs, BO7)
2026-05-07 08:04:11  INFO       + M15 Mod 0 (B, Assault Rifles, BO7)
2026-05-07 08:04:11  INFO       + REV-46 (B, SMGs, BO7)
2026-05-07 08:04:11  INFO       + MK35 ISR (B, Assault Rifles, BO7)
2026-05-07 08:04:11  INFO       + MPC-25 (B, SMGs, BO7)
2026-05-07 08:04:11  INFO       + XR-3 Ion (B, Sniper Rifles, BO7)
2026-05-07 08:04:11  INFO       + TR2 (B, Marksman Rifles, BO6)
2026-05-07 08:04:11  INFO       + X9 Maverick (B, Assault Rifles, BO7)
2026-05-07 08:04:11  INFO       + Razor 9mm (B, SMGs, BO7)
2026-05-07 08:04:11  INFO       + Sokol 545 (B, LMGs, BO7)
2026-05-07 08:04:11  INFO       + LC10 (B, SMGs, BO6)
2026-05-07 08:04:11  INFO       + M8A1 (B, Marksman Rifles, BO7)
2026-05-07 08:04:11  INFO       + Swordfish A1 (B, Marksman Rifles, BO7)
2026-05-07 08:04:11  INFO       Totaal: 28 wapens
2026-05-07 08:04:11  INFO         OK: 28 wapens
2026-05-07 08:04:11  INFO     
[2/4] WZHUB Meta scrapen (wzhub.gg)...
2026-05-07 08:04:11  INFO       Browser openen: https://wzhub.gg/loadouts
2026-05-07 08:04:42  WARNING    [FOUT] Playwright: Page.goto: Timeout 30000ms exceeded.
Call log:
  - navigating to "https://wzhub.gg/loadouts", waiting until "networkidle"

2026-05-07 08:04:42  INFO       Totaal: 0 wapens van wzhub.gg
2026-05-07 08:04:42  INFO         OK: 0 wapens
2026-05-07 08:04:42  INFO     
[3/4] RAW-data bouwen vanuit WZ Meta + WZHUB...
2026-05-07 08:04:42  INFO       RAW gebouwd: 28 wapens over 2 games
2026-05-07 08:04:42  INFO     
[4/4] Warzone Playlists scrapen (wzhub.gg/playlist/wz)...
2026-05-07 08:04:42  INFO       Ophalen: https://wzhub.gg/playlist/wz
2026-05-07 08:04:42  INFO       + BATTLE ROYALE (ltm=False, modes=1)
2026-05-07 08:04:42  INFO       + RESURGENCE (ltm=False, modes=3)
2026-05-07 08:04:42  INFO       + BATTLE ROYALE CASUAL (ltm=False, modes=1)
2026-05-07 08:04:42  INFO       + RESURGENCE CASUAL (ltm=False, modes=1)
2026-05-07 08:04:42  INFO       Totaal: 4 playlists, seizoen: 
2026-05-07 08:04:42  INFO         OK: 4 playlists
2026-05-07 08:04:42  INFO     
[5/5] HTML updaten...
2026-05-07 08:04:42  INFO       [MIGRATIE] HTML succesvol bijgewerkt
2026-05-07 08:04:42  WARNING    [WAARSCHUWING] WZHUB leeg -- bestaande data behouden
2026-05-07 08:04:42  INFO         OK: Bijgewerkt op 07/05/2026 08:04
2026-05-07 08:04:42  INFO     
BuitKing's Loadouts bijgewerkt!
2026-05-07 08:04:42  INFO     =======================================================
2026-05-08 07:01:43  INFO     =======================================================
2026-05-08 07:01:43  INFO     BuitKing's Loadout Updater gestart (v8 - geen TeeP)
2026-05-08 07:01:43  INFO     Datum: 08/05/2026 07:01
2026-05-08 07:01:43  INFO     
[1/4] WZ Meta scrapen (warzoneloadout.games)...
2026-05-08 07:01:43  INFO       Ophalen: https://warzoneloadout.games/warzone-meta/
2026-05-08 07:01:47  INFO       + MK.78 (S, LMGs, BO7)
2026-05-08 07:01:47  INFO       + Carbon 57 (S, SMGs, BO7)
2026-05-08 07:01:47  INFO       + Strider 300 (S, Sniper Rifles, BO7)
2026-05-08 07:01:47  INFO       + Kogot-7 (A, SMGs, BO7)
2026-05-08 07:01:47  INFO       + Voyak KT-3 (A, Assault Rifles, BO7)
2026-05-08 07:01:47  INFO       + MXR-17 (A, Assault Rifles, BO7)
2026-05-08 07:01:47  INFO       + VST (A, SMGs, BO7)
2026-05-08 07:01:47  INFO       + DS20 Mirage (A, Assault Rifles, BO7)
2026-05-08 07:01:47  INFO       + Hawker HX (A, Sniper Rifles, BO7)
2026-05-08 07:01:47  INFO       + EGRT-17 (A, Assault Rifles, BO7)
2026-05-08 07:01:47  INFO       + AK-27 (A, Assault Rifles, BO7)
2026-05-08 07:01:47  INFO       + VS Recon (A, Sniper Rifles, BO7)
2026-05-08 07:01:47  INFO       + Dravec 45 (A, SMGs, BO7)
2026-05-08 07:01:47  INFO       + Peacekeeper Mk1 (A, Assault Rifles, BO7)
2026-05-08 07:01:47  INFO       + Sturmwolf 45 (A, SMGs, BO7)
2026-05-08 07:01:47  INFO       + Ryden 45K (B, SMGs, BO7)
2026-05-08 07:01:47  INFO       + M15 Mod 0 (B, Assault Rifles, BO7)
2026-05-08 07:01:47  INFO       + REV-46 (B, SMGs, BO7)
2026-05-08 07:01:47  INFO       + MK35 ISR (B, Assault Rifles, BO7)
2026-05-08 07:01:47  INFO       + MPC-25 (B, SMGs, BO7)
2026-05-08 07:01:47  INFO       + XR-3 Ion (B, Sniper Rifles, BO7)
2026-05-08 07:01:47  INFO       + TR2 (B, Marksman Rifles, BO6)
2026-05-08 07:01:47  INFO       + X9 Maverick (B, Assault Rifles, BO7)
2026-05-08 07:01:47  INFO       + Razor 9mm (B, SMGs, BO7)
2026-05-08 07:01:47  INFO       + Sokol 545 (B, LMGs, BO7)
2026-05-08 07:01:47  INFO       + LC10 (B, SMGs, BO6)
2026-05-08 07:01:47  INFO       + M8A1 (B, Marksman Rifles, BO7)
2026-05-08 07:01:47  INFO       + Swordfish A1 (B, Marksman Rifles, BO7)
2026-05-08 07:01:47  INFO       Totaal: 28 wapens
2026-05-08 07:01:47  INFO         OK: 28 wapens
2026-05-08 07:01:47  INFO     
[2/4] WZHUB Meta scrapen (wzhub.gg)...
2026-05-08 07:01:48  INFO       Browser openen: https://wzhub.gg/loadouts
2026-05-08 07:02:19  WARNING    [FOUT] Playwright: Page.goto: Timeout 30000ms exceeded.
Call log:
  - navigating to "https://wzhub.gg/loadouts", waiting until "networkidle"

2026-05-08 07:02:19  INFO       Totaal: 0 wapens van wzhub.gg
2026-05-08 07:02:19  INFO         OK: 0 wapens
2026-05-08 07:02:19  INFO     
[3/4] RAW-data bouwen vanuit WZ Meta + WZHUB...
2026-05-08 07:02:19  INFO       RAW gebouwd: 28 wapens over 2 games
2026-05-08 07:02:19  INFO     
[4/4] Warzone Playlists scrapen (wzhub.gg/playlist/wz)...
2026-05-08 07:02:19  INFO       Ophalen: https://wzhub.gg/playlist/wz
2026-05-08 07:02:20  INFO       + BATTLE ROYALE (ltm=False, modes=1)
2026-05-08 07:02:20  INFO       + RESURGENCE (ltm=False, modes=3)
2026-05-08 07:02:20  INFO       + BATTLE ROYALE CASUAL (ltm=False, modes=1)
2026-05-08 07:02:20  INFO       + RESURGENCE CASUAL (ltm=False, modes=1)
2026-05-08 07:02:20  INFO       Totaal: 4 playlists, seizoen: 
2026-05-08 07:02:20  INFO         OK: 4 playlists
2026-05-08 07:02:20  INFO     
[5/5] HTML updaten...
2026-05-08 07:02:20  INFO       [MIGRATIE] HTML succesvol bijgewerkt
2026-05-08 07:02:20  WARNING    [WAARSCHUWING] WZHUB leeg -- bestaande data behouden
2026-05-08 07:02:20  INFO         OK: Bijgewerkt op 08/05/2026 07:01
2026-05-08 07:02:20  INFO     
BuitKing's Loadouts bijgewerkt!
2026-05-08 07:02:20  INFO     =======================================================
2026-05-09 07:22:15  INFO     =======================================================
2026-05-09 07:22:15  INFO     BuitKing's Loadout Updater gestart (v8 - geen TeeP)
2026-05-09 07:22:15  INFO     Datum: 09/05/2026 07:22
2026-05-09 07:22:15  INFO     
[1/4] WZ Meta scrapen (warzoneloadout.games)...
2026-05-09 07:22:15  INFO       Ophalen: https://warzoneloadout.games/warzone-meta/
2026-05-09 07:22:20  INFO       + MK.78 (S, LMGs, BO7)
2026-05-09 07:22:20  INFO       + Carbon 57 (S, SMGs, BO7)
2026-05-09 07:22:20  INFO       + Strider 300 (S, Sniper Rifles, BO7)
2026-05-09 07:22:20  INFO       + Kogot-7 (A, SMGs, BO7)
2026-05-09 07:22:20  INFO       + Voyak KT-3 (A, Assault Rifles, BO7)
2026-05-09 07:22:20  INFO       + MXR-17 (A, Assault Rifles, BO7)
2026-05-09 07:22:20  INFO       + VST (A, SMGs, BO7)
2026-05-09 07:22:20  INFO       + DS20 Mirage (A, Assault Rifles, BO7)
2026-05-09 07:22:20  INFO       + Hawker HX (A, Sniper Rifles, BO7)
2026-05-09 07:22:20  INFO       + EGRT-17 (A, Assault Rifles, BO7)
2026-05-09 07:22:20  INFO       + AK-27 (A, Assault Rifles, BO7)
2026-05-09 07:22:20  INFO       + VS Recon (A, Sniper Rifles, BO7)
2026-05-09 07:22:20  INFO       + Dravec 45 (A, SMGs, BO7)
2026-05-09 07:22:20  INFO       + Peacekeeper Mk1 (A, Assault Rifles, BO7)
2026-05-09 07:22:20  INFO       + Sturmwolf 45 (A, SMGs, BO7)
2026-05-09 07:22:20  INFO       + Ryden 45K (B, SMGs, BO7)
2026-05-09 07:22:20  INFO       + M15 Mod 0 (B, Assault Rifles, BO7)
2026-05-09 07:22:20  INFO       + REV-46 (B, SMGs, BO7)
2026-05-09 07:22:20  INFO       + MK35 ISR (B, Assault Rifles, BO7)
2026-05-09 07:22:20  INFO       + MPC-25 (B, SMGs, BO7)
2026-05-09 07:22:20  INFO       + XR-3 Ion (B, Sniper Rifles, BO7)
2026-05-09 07:22:20  INFO       + TR2 (B, Marksman Rifles, BO6)
2026-05-09 07:22:20  INFO       + X9 Maverick (B, Assault Rifles, BO7)
2026-05-09 07:22:20  INFO       + Razor 9mm (B, SMGs, BO7)
2026-05-09 07:22:20  INFO       + Sokol 545 (B, LMGs, BO7)
2026-05-09 07:22:20  INFO       + LC10 (B, SMGs, BO6)
2026-05-09 07:22:20  INFO       + M8A1 (B, Marksman Rifles, BO7)
2026-05-09 07:22:20  INFO       + Swordfish A1 (B, Marksman Rifles, BO7)
2026-05-09 07:22:20  INFO       Totaal: 28 wapens
2026-05-09 07:22:20  INFO         OK: 28 wapens
2026-05-09 07:22:20  INFO     
[2/4] WZHUB Meta scrapen (wzhub.gg)...
2026-05-09 07:22:20  INFO       Browser openen: https://wzhub.gg/loadouts
2026-05-09 07:22:36  INFO       Pagina geladen — parsen...
2026-05-09 07:22:36  INFO       + Voyak Kt-3 (S, )
2026-05-09 07:22:36  INFO       + Vst (S, )
2026-05-09 07:22:36  INFO       + Ds20 Mirage (S, )
2026-05-09 07:22:36  INFO       + Strider 300 (S, )
2026-05-09 07:22:36  INFO       + Razor 9Mm (A, )
2026-05-09 07:22:36  INFO       + Dravec 45 (A, )
2026-05-09 07:22:36  INFO       + Egrt-17 (A, )
2026-05-09 07:22:36  INFO       + Sturmwolf 45 (A, )
2026-05-09 07:22:36  INFO       + Mk35 Isr (A, )
2026-05-09 07:22:36  INFO       + Hawker Hx (A, )
2026-05-09 07:22:36  INFO       + Kogot-7 (A, )
2026-05-09 07:22:36  INFO       + Vs Recon (A, )
2026-05-09 07:22:36  INFO       + Mk.78 (A, )
2026-05-09 07:22:36  INFO       Totaal: 13 wapens van wzhub.gg
2026-05-09 07:22:36  INFO         OK: 13 wapens
2026-05-09 07:22:36  INFO     
[3/4] RAW-data bouwen vanuit WZ Meta + WZHUB...
2026-05-09 07:22:36  INFO       RAW gebouwd: 28 wapens over 2 games
2026-05-09 07:22:36  INFO     
[4/4] Warzone Playlists scrapen (wzhub.gg/playlist/wz)...
2026-05-09 07:22:36  INFO       Ophalen: https://wzhub.gg/playlist/wz
2026-05-09 07:22:37  INFO       + BATTLE ROYALE (ltm=False, modes=1)
2026-05-09 07:22:37  INFO       + RESURGENCE (ltm=False, modes=3)
2026-05-09 07:22:37  INFO       + BATTLE ROYALE CASUAL (ltm=False, modes=1)
2026-05-09 07:22:37  INFO       + RESURGENCE CASUAL (ltm=False, modes=1)
2026-05-09 07:22:37  INFO       Totaal: 4 playlists, seizoen: 
2026-05-09 07:22:37  INFO         OK: 4 playlists
2026-05-09 07:22:37  INFO     
[5/5] HTML updaten...
2026-05-09 07:22:37  INFO       [MIGRATIE] HTML succesvol bijgewerkt
2026-05-09 07:22:37  INFO         OK: Bijgewerkt op 09/05/2026 07:22
2026-05-09 07:22:37  INFO     
BuitKing's Loadouts bijgewerkt!
2026-05-09 07:22:37  INFO     =======================================================
2026-05-10 07:37:30  INFO     =======================================================
2026-05-10 07:37:30  INFO     BuitKing's Loadout Updater gestart (v8 - geen TeeP)
2026-05-10 07:37:30  INFO     Datum: 10/05/2026 07:37
2026-05-10 07:37:30  INFO     
[1/4] WZ Meta scrapen (warzoneloadout.games)...
2026-05-10 07:37:30  INFO       Ophalen: https://warzoneloadout.games/warzone-meta/
2026-05-10 07:37:31  INFO       + MK.78 (S, LMGs, BO7)
2026-05-10 07:37:31  INFO       + Carbon 57 (S, SMGs, BO7)
2026-05-10 07:37:31  INFO       + Strider 300 (S, Sniper Rifles, BO7)
2026-05-10 07:37:31  INFO       + Kogot-7 (A, SMGs, BO7)
2026-05-10 07:37:31  INFO       + Voyak KT-3 (A, Assault Rifles, BO7)
2026-05-10 07:37:31  INFO       + DS20 Mirage (A, Assault Rifles, BO7)
2026-05-10 07:37:31  INFO       + VST (A, SMGs, BO7)
2026-05-10 07:37:31  INFO       + MXR-17 (A, Assault Rifles, BO7)
2026-05-10 07:37:31  INFO       + Hawker HX (A, Sniper Rifles, BO7)
2026-05-10 07:37:31  INFO       + EGRT-17 (A, Assault Rifles, BO7)
2026-05-10 07:37:31  INFO       + AK-27 (A, Assault Rifles, BO7)
2026-05-10 07:37:31  INFO       + VS Recon (A, Sniper Rifles, BO7)
2026-05-10 07:37:31  INFO       + Dravec 45 (A, SMGs, BO7)
2026-05-10 07:37:31  INFO       + Peacekeeper Mk1 (A, Assault Rifles, BO7)
2026-05-10 07:37:31  INFO       + Sturmwolf 45 (A, SMGs, BO7)
2026-05-10 07:37:31  INFO       + Ryden 45K (B, SMGs, BO7)
2026-05-10 07:37:31  INFO       + M15 Mod 0 (B, Assault Rifles, BO7)
2026-05-10 07:37:31  INFO       + REV-46 (B, SMGs, BO7)
2026-05-10 07:37:31  INFO       + MK35 ISR (B, Assault Rifles, BO7)
2026-05-10 07:37:31  INFO       + MPC-25 (B, SMGs, BO7)
2026-05-10 07:37:31  INFO       + XR-3 Ion (B, Sniper Rifles, BO7)
2026-05-10 07:37:31  INFO       + TR2 (B, Marksman Rifles, BO6)
2026-05-10 07:37:31  INFO       + X9 Maverick (B, Assault Rifles, BO7)
2026-05-10 07:37:31  INFO       + Razor 9mm (B, SMGs, BO7)
2026-05-10 07:37:31  INFO       + Sokol 545 (B, LMGs, BO7)
2026-05-10 07:37:31  INFO       + LC10 (B, SMGs, BO6)
2026-05-10 07:37:31  INFO       + M8A1 (B, Marksman Rifles, BO7)
2026-05-10 07:37:31  INFO       + Swordfish A1 (B, Marksman Rifles, BO7)
2026-05-10 07:37:31  INFO       Totaal: 28 wapens
2026-05-10 07:37:31  INFO         OK: 28 wapens
2026-05-10 07:37:31  INFO     
[2/4] WZHUB Meta scrapen (wzhub.gg)...
2026-05-10 07:37:31  INFO       Browser openen: https://wzhub.gg/loadouts
2026-05-10 07:37:41  INFO       Pagina geladen — parsen...
2026-05-10 07:37:41  INFO       + Voyak Kt-3 (S, )
2026-05-10 07:37:41  INFO       + Vst (S, )
2026-05-10 07:37:41  INFO       + Ds20 Mirage (S, )
2026-05-10 07:37:41  INFO       + Strider 300 (S, )
2026-05-10 07:37:41  INFO       + Razor 9Mm (A, )
2026-05-10 07:37:41  INFO       + Dravec 45 (A, )
2026-05-10 07:37:41  INFO       + Egrt-17 (A, )
2026-05-10 07:37:41  INFO       + Sturmwolf 45 (A, )
2026-05-10 07:37:41  INFO       + Mk35 Isr (A, )
2026-05-10 07:37:41  INFO       + Hawker Hx (A, )
2026-05-10 07:37:41  INFO       + Kogot-7 (A, )
2026-05-10 07:37:41  INFO       + Vs Recon (A, )
2026-05-10 07:37:41  INFO       + Mk.78 (A, )
2026-05-10 07:37:41  INFO       Totaal: 13 wapens van wzhub.gg
2026-05-10 07:37:41  INFO         OK: 13 wapens
2026-05-10 07:37:41  INFO     
[3/4] RAW-data bouwen vanuit WZ Meta + WZHUB...
2026-05-10 07:37:41  INFO       RAW gebouwd: 28 wapens over 2 games
2026-05-10 07:37:41  INFO     
[4/4] Warzone Playlists scrapen (wzhub.gg/playlist/wz)...
2026-05-10 07:37:41  INFO       Ophalen: https://wzhub.gg/playlist/wz
2026-05-10 07:37:41  INFO       + BATTLE ROYALE (ltm=False, modes=1)
2026-05-10 07:37:41  INFO       + RESURGENCE (ltm=False, modes=3)
2026-05-10 07:37:41  INFO       + BATTLE ROYALE CASUAL (ltm=False, modes=1)
2026-05-10 07:37:41  INFO       + RESURGENCE CASUAL (ltm=False, modes=1)
2026-05-10 07:37:41  INFO       Totaal: 4 playlists, seizoen: 
2026-05-10 07:37:41  INFO         OK: 4 playlists
2026-05-10 07:37:41  INFO     
[5/5] HTML updaten...
2026-05-10 07:37:41  INFO       [MIGRATIE] HTML succesvol bijgewerkt
2026-05-10 07:37:41  INFO         OK: Bijgewerkt op 10/05/2026 07:37
2026-05-10 07:37:41  INFO     
BuitKing's Loadouts bijgewerkt!
2026-05-10 07:37:41  INFO     =======================================================
2026-05-11 08:39:49  INFO     =======================================================
2026-05-11 08:39:49  INFO     BuitKing's Loadout Updater gestart (v8 - geen TeeP)
2026-05-11 08:39:49  INFO     Datum: 11/05/2026 08:39
2026-05-11 08:39:49  INFO     
[1/4] WZ Meta scrapen (warzoneloadout.games)...
2026-05-11 08:39:49  INFO       Ophalen: https://warzoneloadout.games/warzone-meta/
2026-05-11 08:39:50  INFO       + MK.78 (S, LMGs, BO7)
2026-05-11 08:39:50  INFO       + Carbon 57 (S, SMGs, BO7)
2026-05-11 08:39:50  INFO       + Strider 300 (S, Sniper Rifles, BO7)
2026-05-11 08:39:50  INFO       + Kogot-7 (A, SMGs, BO7)
2026-05-11 08:39:50  INFO       + Voyak KT-3 (A, Assault Rifles, BO7)
2026-05-11 08:39:50  INFO       + DS20 Mirage (A, Assault Rifles, BO7)
2026-05-11 08:39:50  INFO       + VST (A, SMGs, BO7)
2026-05-11 08:39:50  INFO       + MXR-17 (A, Assault Rifles, BO7)
2026-05-11 08:39:50  INFO       + Hawker HX (A, Sniper Rifles, BO7)
2026-05-11 08:39:50  INFO       + EGRT-17 (A, Assault Rifles, BO7)
2026-05-11 08:39:50  INFO       + AK-27 (A, Assault Rifles, BO7)
2026-05-11 08:39:50  INFO       + VS Recon (A, Sniper Rifles, BO7)
2026-05-11 08:39:50  INFO       + Dravec 45 (A, SMGs, BO7)
2026-05-11 08:39:50  INFO       + Peacekeeper Mk1 (A, Assault Rifles, BO7)
2026-05-11 08:39:50  INFO       + Sturmwolf 45 (A, SMGs, BO7)
2026-05-11 08:39:50  INFO       + Ryden 45K (B, SMGs, BO7)
2026-05-11 08:39:50  INFO       + M15 Mod 0 (B, Assault Rifles, BO7)
2026-05-11 08:39:50  INFO       + REV-46 (B, SMGs, BO7)
2026-05-11 08:39:50  INFO       + MK35 ISR (B, Assault Rifles, BO7)
2026-05-11 08:39:50  INFO       + MPC-25 (B, SMGs, BO7)
2026-05-11 08:39:50  INFO       + XR-3 Ion (B, Sniper Rifles, BO7)
2026-05-11 08:39:50  INFO       + TR2 (B, Marksman Rifles, BO6)
2026-05-11 08:39:50  INFO       + X9 Maverick (B, Assault Rifles, BO7)
2026-05-11 08:39:50  INFO       + Razor 9mm (B, SMGs, BO7)
2026-05-11 08:39:50  INFO       + Sokol 545 (B, LMGs, BO7)
2026-05-11 08:39:50  INFO       + LC10 (B, SMGs, BO6)
2026-05-11 08:39:50  INFO       + M8A1 (B, Marksman Rifles, BO7)
2026-05-11 08:39:50  INFO       + Swordfish A1 (B, Marksman Rifles, BO7)
2026-05-11 08:39:50  INFO       Totaal: 28 wapens
2026-05-11 08:39:50  INFO         OK: 28 wapens
2026-05-11 08:39:50  INFO     
[2/4] WZHUB Meta scrapen (wzhub.gg)...
2026-05-11 08:39:50  INFO       Browser openen: https://wzhub.gg/loadouts
2026-05-11 08:40:21  WARNING    [FOUT] Playwright: Page.goto: Timeout 30000ms exceeded.
Call log:
  - navigating to "https://wzhub.gg/loadouts", waiting until "networkidle"

2026-05-11 08:40:21  INFO       Totaal: 0 wapens van wzhub.gg
2026-05-11 08:40:21  INFO         OK: 0 wapens
2026-05-11 08:40:21  INFO     
[3/4] RAW-data bouwen vanuit WZ Meta + WZHUB...
2026-05-11 08:40:21  INFO       RAW gebouwd: 28 wapens over 2 games
2026-05-11 08:40:21  INFO     
[4/4] Warzone Playlists scrapen (wzhub.gg/playlist/wz)...
2026-05-11 08:40:21  INFO       Ophalen: https://wzhub.gg/playlist/wz
2026-05-11 08:40:21  INFO       + BATTLE ROYALE (ltm=False, modes=1)
2026-05-11 08:40:21  INFO       + RESURGENCE (ltm=False, modes=3)
2026-05-11 08:40:21  INFO       + BATTLE ROYALE CASUAL (ltm=False, modes=1)
2026-05-11 08:40:21  INFO       + RESURGENCE CASUAL (ltm=False, modes=1)
2026-05-11 08:40:21  INFO       Totaal: 4 playlists, seizoen: 
2026-05-11 08:40:21  INFO         OK: 4 playlists
2026-05-11 08:40:21  INFO     
[5/5] HTML updaten...
2026-05-11 08:40:21  INFO       [MIGRATIE] HTML succesvol bijgewerkt
2026-05-11 08:40:21  WARNING    [WAARSCHUWING] WZHUB leeg -- bestaande data behouden
2026-05-11 08:40:21  INFO         OK: Bijgewerkt op 11/05/2026 08:39
2026-05-11 08:40:21  INFO     
BuitKing's Loadouts bijgewerkt!
2026-05-11 08:40:21  INFO     =======================================================
2026-05-12 08:06:47  INFO     =======================================================
2026-05-12 08:06:47  INFO     BuitKing's Loadout Updater gestart (v8 - geen TeeP)
2026-05-12 08:06:47  INFO     Datum: 12/05/2026 08:06
2026-05-12 08:06:47  INFO     
[1/4] WZ Meta scrapen (warzoneloadout.games)...
2026-05-12 08:06:47  INFO       Ophalen: https://warzoneloadout.games/warzone-meta/
2026-05-12 08:06:48  INFO       + MK.78 (S, LMGs, BO7)
2026-05-12 08:06:48  INFO       + Carbon 57 (S, SMGs, BO7)
2026-05-12 08:06:48  INFO       + Strider 300 (S, Sniper Rifles, BO7)
2026-05-12 08:06:48  INFO       + Kogot-7 (A, SMGs, BO7)
2026-05-12 08:06:48  INFO       + Voyak KT-3 (A, Assault Rifles, BO7)
2026-05-12 08:06:48  INFO       + DS20 Mirage (A, Assault Rifles, BO7)
2026-05-12 08:06:48  INFO       + VST (A, SMGs, BO7)
2026-05-12 08:06:48  INFO       + MXR-17 (A, Assault Rifles, BO7)
2026-05-12 08:06:48  INFO       + Hawker HX (A, Sniper Rifles, BO7)
2026-05-12 08:06:48  INFO       + EGRT-17 (A, Assault Rifles, BO7)
2026-05-12 08:06:48  INFO       + AK-27 (A, Assault Rifles, BO7)
2026-05-12 08:06:48  INFO       + VS Recon (A, Sniper Rifles, BO7)
2026-05-12 08:06:48  INFO       + Dravec 45 (A, SMGs, BO7)
2026-05-12 08:06:48  INFO       + Peacekeeper Mk1 (A, Assault Rifles, BO7)
2026-05-12 08:06:48  INFO       + Sturmwolf 45 (A, SMGs, BO7)
2026-05-12 08:06:48  INFO       + Ryden 45K (B, SMGs, BO7)
2026-05-12 08:06:48  INFO       + M15 Mod 0 (B, Assault Rifles, BO7)
2026-05-12 08:06:48  INFO       + REV-46 (B, SMGs, BO7)
2026-05-12 08:06:48  INFO       + MK35 ISR (B, Assault Rifles, BO7)
2026-05-12 08:06:48  INFO       + MPC-25 (B, SMGs, BO7)
2026-05-12 08:06:48  INFO       + XR-3 Ion (B, Sniper Rifles, BO7)
2026-05-12 08:06:48  INFO       + TR2 (B, Marksman Rifles, BO6)
2026-05-12 08:06:48  INFO       + X9 Maverick (B, Assault Rifles, BO7)
2026-05-12 08:06:48  INFO       + Razor 9mm (B, SMGs, BO7)
2026-05-12 08:06:48  INFO       + Sokol 545 (B, LMGs, BO7)
2026-05-12 08:06:48  INFO       + LC10 (B, SMGs, BO6)
2026-05-12 08:06:48  INFO       + M8A1 (B, Marksman Rifles, BO7)
2026-05-12 08:06:48  INFO       + Swordfish A1 (B, Marksman Rifles, BO7)
2026-05-12 08:06:49  INFO       Totaal: 28 wapens
2026-05-12 08:06:49  INFO         OK: 28 wapens
2026-05-12 08:06:49  INFO     
[2/4] WZHUB Meta scrapen (wzhub.gg)...
2026-05-12 08:06:49  INFO       Browser openen: https://wzhub.gg/loadouts
2026-05-12 08:07:19  WARNING    [FOUT] Playwright: Page.goto: Timeout 30000ms exceeded.
Call log:
  - navigating to "https://wzhub.gg/loadouts", waiting until "networkidle"

2026-05-12 08:07:19  INFO       Totaal: 0 wapens van wzhub.gg
2026-05-12 08:07:19  INFO         OK: 0 wapens
2026-05-12 08:07:19  INFO     
[3/4] RAW-data bouwen vanuit WZ Meta + WZHUB...
2026-05-12 08:07:19  INFO       RAW gebouwd: 28 wapens over 2 games
2026-05-12 08:07:19  INFO     
[4/4] Warzone Playlists scrapen (wzhub.gg/playlist/wz)...
2026-05-12 08:07:19  INFO       Ophalen: https://wzhub.gg/playlist/wz
2026-05-12 08:07:20  INFO       + BATTLE ROYALE (ltm=False, modes=1)
2026-05-12 08:07:20  INFO       + RESURGENCE (ltm=False, modes=3)
2026-05-12 08:07:20  INFO       + BATTLE ROYALE CASUAL (ltm=False, modes=1)
2026-05-12 08:07:20  INFO       + RESURGENCE CASUAL (ltm=False, modes=1)
2026-05-12 08:07:20  INFO       Totaal: 4 playlists, seizoen: 
2026-05-12 08:07:20  INFO         OK: 4 playlists
2026-05-12 08:07:20  INFO     
[5/5] HTML updaten...
2026-05-12 08:07:20  INFO       [MIGRATIE] HTML succesvol bijgewerkt
2026-05-12 08:07:20  WARNING    [WAARSCHUWING] WZHUB leeg -- bestaande data behouden
2026-05-12 08:07:20  INFO         OK: Bijgewerkt op 12/05/2026 08:06
2026-05-12 08:07:20  INFO     
BuitKing's Loadouts bijgewerkt!
2026-05-12 08:07:20  INFO     =======================================================
2026-05-13 08:14:23  INFO     =======================================================
2026-05-13 08:14:23  INFO     BuitKing's Loadout Updater gestart (v8 - geen TeeP)
2026-05-13 08:14:23  INFO     Datum: 13/05/2026 08:14
2026-05-13 08:14:23  INFO     
[1/4] WZ Meta scrapen (warzoneloadout.games)...
2026-05-13 08:14:23  INFO       Ophalen: https://warzoneloadout.games/warzone-meta/
2026-05-13 08:14:24  INFO       + MK.78 (S, LMGs, BO7)
2026-05-13 08:14:24  INFO       + Carbon 57 (S, SMGs, BO7)
2026-05-13 08:14:24  INFO       + Strider 300 (S, Sniper Rifles, BO7)
2026-05-13 08:14:24  INFO       + Kogot-7 (A, SMGs, BO7)
2026-05-13 08:14:24  INFO       + Voyak KT-3 (A, Assault Rifles, BO7)
2026-05-13 08:14:24  INFO       + DS20 Mirage (A, Assault Rifles, BO7)
2026-05-13 08:14:24  INFO       + VST (A, SMGs, BO7)
2026-05-13 08:14:24  INFO       + MXR-17 (A, Assault Rifles, BO7)
2026-05-13 08:14:24  INFO       + Hawker HX (A, Sniper Rifles, BO7)
2026-05-13 08:14:24  INFO       + EGRT-17 (A, Assault Rifles, BO7)
2026-05-13 08:14:24  INFO       + AK-27 (A, Assault Rifles, BO7)
2026-05-13 08:14:24  INFO       + VS Recon (A, Sniper Rifles, BO7)
2026-05-13 08:14:24  INFO       + Dravec 45 (A, SMGs, BO7)
2026-05-13 08:14:24  INFO       + Peacekeeper Mk1 (A, Assault Rifles, BO7)
2026-05-13 08:14:24  INFO       + Sturmwolf 45 (A, SMGs, BO7)
2026-05-13 08:14:24  INFO       + Ryden 45K (B, SMGs, BO7)
2026-05-13 08:14:24  INFO       + M15 Mod 0 (B, Assault Rifles, BO7)
2026-05-13 08:14:24  INFO       + REV-46 (B, SMGs, BO7)
2026-05-13 08:14:24  INFO       + MK35 ISR (B, Assault Rifles, BO7)
2026-05-13 08:14:24  INFO       + MPC-25 (B, SMGs, BO7)
2026-05-13 08:14:24  INFO       + XR-3 Ion (B, Sniper Rifles, BO7)
2026-05-13 08:14:24  INFO       + TR2 (B, Marksman Rifles, BO6)
2026-05-13 08:14:24  INFO       + X9 Maverick (B, Assault Rifles, BO7)
2026-05-13 08:14:24  INFO       + Razor 9mm (B, SMGs, BO7)
2026-05-13 08:14:24  INFO       + Sokol 545 (B, LMGs, BO7)
2026-05-13 08:14:24  INFO       + LC10 (B, SMGs, BO6)
2026-05-13 08:14:24  INFO       + M8A1 (B, Marksman Rifles, BO7)
2026-05-13 08:14:24  INFO       + Swordfish A1 (B, Marksman Rifles, BO7)
2026-05-13 08:14:24  INFO       Totaal: 28 wapens
2026-05-13 08:14:24  INFO         OK: 28 wapens
2026-05-13 08:14:24  INFO     
[2/4] WZHUB Meta scrapen (wzhub.gg)...
2026-05-13 08:14:24  INFO       Browser openen: https://wzhub.gg/loadouts
2026-05-13 08:14:56  WARNING    [FOUT] Playwright: Page.goto: Timeout 30000ms exceeded.
Call log:
  - navigating to "https://wzhub.gg/loadouts", waiting until "networkidle"

2026-05-13 08:14:56  INFO       Totaal: 0 wapens van wzhub.gg
2026-05-13 08:14:56  INFO         OK: 0 wapens
2026-05-13 08:14:56  INFO     
[3/4] RAW-data bouwen vanuit WZ Meta + WZHUB...
2026-05-13 08:14:56  INFO       RAW gebouwd: 28 wapens over 2 games
2026-05-13 08:14:56  INFO     
[4/4] Warzone Playlists scrapen (wzhub.gg/playlist/wz)...
2026-05-13 08:14:56  INFO       Ophalen: https://wzhub.gg/playlist/wz
2026-05-13 08:14:56  INFO       + BATTLE ROYALE (ltm=False, modes=1)
2026-05-13 08:14:56  INFO       + RESURGENCE (ltm=False, modes=3)
2026-05-13 08:14:56  INFO       + BATTLE ROYALE CASUAL (ltm=False, modes=1)
2026-05-13 08:14:56  INFO       + RESURGENCE CASUAL (ltm=False, modes=1)
2026-05-13 08:14:56  INFO       Totaal: 4 playlists, seizoen: 
2026-05-13 08:14:56  INFO         OK: 4 playlists
2026-05-13 08:14:56  INFO     
[5/5] HTML updaten...
2026-05-13 08:14:56  INFO       [MIGRATIE] HTML succesvol bijgewerkt
2026-05-13 08:14:56  WARNING    [WAARSCHUWING] WZHUB leeg -- bestaande data behouden
2026-05-13 08:14:56  INFO         OK: Bijgewerkt op 13/05/2026 08:14
2026-05-13 08:14:56  INFO     
BuitKing's Loadouts bijgewerkt!
2026-05-13 08:14:56  INFO     =======================================================
2026-05-14 08:07:22  INFO     =======================================================
2026-05-14 08:07:22  INFO     BuitKing's Loadout Updater gestart (v8 - geen TeeP)
2026-05-14 08:07:22  INFO     Datum: 14/05/2026 08:07
2026-05-14 08:07:22  INFO     
[1/4] WZ Meta scrapen (warzoneloadout.games)...
2026-05-14 08:07:22  INFO       Ophalen: https://warzoneloadout.games/warzone-meta/
2026-05-14 08:07:23  INFO       + MK.78 (S, LMGs, BO7)
2026-05-14 08:07:23  INFO       + Carbon 57 (S, SMGs, BO7)
2026-05-14 08:07:23  INFO       + Strider 300 (S, Sniper Rifles, BO7)
2026-05-14 08:07:23  INFO       + Kogot-7 (A, SMGs, BO7)
2026-05-14 08:07:23  INFO       + Voyak KT-3 (A, Assault Rifles, BO7)
2026-05-14 08:07:23  INFO       + DS20 Mirage (A, Assault Rifles, BO7)
2026-05-14 08:07:23  INFO       + VST (A, SMGs, BO7)
2026-05-14 08:07:23  INFO       + MXR-17 (A, Assault Rifles, BO7)
2026-05-14 08:07:23  INFO       + Hawker HX (A, Sniper Rifles, BO7)
2026-05-14 08:07:23  INFO       + EGRT-17 (A, Assault Rifles, BO7)
2026-05-14 08:07:23  INFO       + AK-27 (A, Assault Rifles, BO7)
2026-05-14 08:07:23  INFO       + VS Recon (A, Sniper Rifles, BO7)
2026-05-14 08:07:23  INFO       + Dravec 45 (A, SMGs, BO7)
2026-05-14 08:07:23  INFO       + Peacekeeper Mk1 (A, Assault Rifles, BO7)
2026-05-14 08:07:23  INFO       + Sturmwolf 45 (A, SMGs, BO7)
2026-05-14 08:07:23  INFO       + Ryden 45K (B, SMGs, BO7)
2026-05-14 08:07:23  INFO       + M15 Mod 0 (B, Assault Rifles, BO7)
2026-05-14 08:07:23  INFO       + REV-46 (B, SMGs, BO7)
2026-05-14 08:07:23  INFO       + MK35 ISR (B, Assault Rifles, BO7)
2026-05-14 08:07:23  INFO       + MPC-25 (B, SMGs, BO7)
2026-05-14 08:07:23  INFO       + XR-3 Ion (B, Sniper Rifles, BO7)
2026-05-14 08:07:23  INFO       + TR2 (B, Marksman Rifles, BO6)
2026-05-14 08:07:23  INFO       + X9 Maverick (B, Assault Rifles, BO7)
2026-05-14 08:07:23  INFO       + Razor 9mm (B, SMGs, BO7)
2026-05-14 08:07:23  INFO       + Sokol 545 (B, LMGs, BO7)
2026-05-14 08:07:23  INFO       + LC10 (B, SMGs, BO6)
2026-05-14 08:07:23  INFO       + M8A1 (B, Marksman Rifles, BO7)
2026-05-14 08:07:23  INFO       + Swordfish A1 (B, Marksman Rifles, BO7)
2026-05-14 08:07:23  INFO       Totaal: 28 wapens
2026-05-14 08:07:23  INFO         OK: 28 wapens
2026-05-14 08:07:23  INFO     
[2/4] WZHUB Meta scrapen (wzhub.gg)...
2026-05-14 08:07:23  INFO       Browser openen: https://wzhub.gg/loadouts
2026-05-14 08:07:54  WARNING    [FOUT] Playwright: Page.goto: Timeout 30000ms exceeded.
Call log:
  - navigating to "https://wzhub.gg/loadouts", waiting until "networkidle"

2026-05-14 08:07:54  INFO       Totaal: 0 wapens van wzhub.gg
2026-05-14 08:07:54  INFO         OK: 0 wapens
2026-05-14 08:07:54  INFO     
[3/4] RAW-data bouwen vanuit WZ Meta + WZHUB...
2026-05-14 08:07:54  INFO       RAW gebouwd: 28 wapens over 2 games
2026-05-14 08:07:54  INFO     
[4/4] Warzone Playlists scrapen (wzhub.gg/playlist/wz)...
2026-05-14 08:07:54  INFO       Ophalen: https://wzhub.gg/playlist/wz
2026-05-14 08:07:54  INFO       + BATTLE ROYALE (ltm=False, modes=1)
2026-05-14 08:07:54  INFO       + RESURGENCE (ltm=False, modes=3)
2026-05-14 08:07:54  INFO       + BATTLE ROYALE CASUAL (ltm=False, modes=1)
2026-05-14 08:07:54  INFO       + RESURGENCE CASUAL (ltm=False, modes=1)
2026-05-14 08:07:54  INFO       Totaal: 4 playlists, seizoen: 
2026-05-14 08:07:54  INFO         OK: 4 playlists
2026-05-14 08:07:54  INFO     
[5/5] HTML updaten...
2026-05-14 08:07:54  INFO       [MIGRATIE] HTML succesvol bijgewerkt
2026-05-14 08:07:54  WARNING    [WAARSCHUWING] WZHUB leeg -- bestaande data behouden
2026-05-14 08:07:54  INFO         OK: Bijgewerkt op 14/05/2026 08:07
2026-05-14 08:07:54  INFO     
BuitKing's Loadouts bijgewerkt!
2026-05-14 08:07:54  INFO     =======================================================
2026-05-15 08:19:21  INFO     =======================================================
2026-05-15 08:19:21  INFO     BuitKing's Loadout Updater gestart (v8 - geen TeeP)
2026-05-15 08:19:21  INFO     Datum: 15/05/2026 08:19
2026-05-15 08:19:21  INFO     
[1/4] WZ Meta scrapen (warzoneloadout.games)...
2026-05-15 08:19:21  INFO       Ophalen: https://warzoneloadout.games/warzone-meta/
2026-05-15 08:19:22  INFO       + MK.78 (S, LMGs, BO7)
2026-05-15 08:19:22  INFO       + Carbon 57 (S, SMGs, BO7)
2026-05-15 08:19:22  INFO       + Kogot-7 (S, SMGs, BO7)
2026-05-15 08:19:22  INFO       + Strider 300 (S, Sniper Rifles, BO7)
2026-05-15 08:19:22  INFO       + Voyak KT-3 (A, Assault Rifles, BO7)
2026-05-15 08:19:22  INFO       + DS20 Mirage (A, Assault Rifles, BO7)
2026-05-15 08:19:22  INFO       + VST (A, SMGs, BO7)
2026-05-15 08:19:22  INFO       + MXR-17 (A, Assault Rifles, BO7)
2026-05-15 08:19:22  INFO       + Hawker HX (A, Sniper Rifles, BO7)
2026-05-15 08:19:22  INFO       + EGRT-17 (A, Assault Rifles, BO7)
2026-05-15 08:19:22  INFO       + AK-27 (A, Assault Rifles, BO7)
2026-05-15 08:19:22  INFO       + VS Recon (A, Sniper Rifles, BO7)
2026-05-15 08:19:22  INFO       + Dravec 45 (A, SMGs, BO7)
2026-05-15 08:19:22  INFO       + Peacekeeper Mk1 (A, Assault Rifles, BO7)
2026-05-15 08:19:22  INFO       + Sturmwolf 45 (A, SMGs, BO7)
2026-05-15 08:19:22  INFO       + Ryden 45K (B, SMGs, BO7)
2026-05-15 08:19:22  INFO       + M15 Mod 0 (B, Assault Rifles, BO7)
2026-05-15 08:19:22  INFO       + REV-46 (B, SMGs, BO7)
2026-05-15 08:19:22  INFO       + MK35 ISR (B, Assault Rifles, BO7)
2026-05-15 08:19:22  INFO       + MPC-25 (B, SMGs, BO7)
2026-05-15 08:19:22  INFO       + XR-3 Ion (B, Sniper Rifles, BO7)
2026-05-15 08:19:22  INFO       + TR2 (B, Marksman Rifles, BO6)
2026-05-15 08:19:22  INFO       + X9 Maverick (B, Assault Rifles, BO7)
2026-05-15 08:19:22  INFO       + Razor 9mm (B, SMGs, BO7)
2026-05-15 08:19:22  INFO       + Sokol 545 (B, LMGs, BO7)
2026-05-15 08:19:22  INFO       + LC10 (B, SMGs, BO6)
2026-05-15 08:19:22  INFO       + M8A1 (B, Marksman Rifles, BO7)
2026-05-15 08:19:22  INFO       + Swordfish A1 (B, Marksman Rifles, BO7)
2026-05-15 08:19:22  INFO       Totaal: 28 wapens
2026-05-15 08:19:22  INFO         OK: 28 wapens
2026-05-15 08:19:22  INFO     
[2/4] WZHUB Meta scrapen (wzhub.gg)...
2026-05-15 08:19:22  INFO       Browser openen: https://wzhub.gg/loadouts
2026-05-15 08:19:34  INFO       Pagina geladen — parsen...
2026-05-15 08:19:34  INFO       + Voyak Kt-3 (S, )
2026-05-15 08:19:34  INFO       + Vst (S, )
2026-05-15 08:19:34  INFO       + Ds20 Mirage (S, )
2026-05-15 08:19:34  INFO       + Strider 300 (S, )
2026-05-15 08:19:34  INFO       + Razor 9Mm (A, )
2026-05-15 08:19:34  INFO       + Dravec 45 (A, )
2026-05-15 08:19:34  INFO       + Egrt-17 (A, )
2026-05-15 08:19:34  INFO       + Sturmwolf 45 (A, )
2026-05-15 08:19:34  INFO       + Mk35 Isr (A, )
2026-05-15 08:19:34  INFO       + Hawker Hx (A, )
2026-05-15 08:19:34  INFO       + Kogot-7 (A, )
2026-05-15 08:19:34  INFO       + Vs Recon (A, )
2026-05-15 08:19:34  INFO       + Mk.78 (A, )
2026-05-15 08:19:34  INFO       Totaal: 13 wapens van wzhub.gg
2026-05-15 08:19:34  INFO         OK: 13 wapens
2026-05-15 08:19:34  INFO     
[3/4] RAW-data bouwen vanuit WZ Meta + WZHUB...
2026-05-15 08:19:34  INFO       RAW gebouwd: 28 wapens over 2 games
2026-05-15 08:19:34  INFO     
[4/4] Warzone Playlists scrapen (wzhub.gg/playlist/wz)...
2026-05-15 08:19:34  INFO       Ophalen: https://wzhub.gg/playlist/wz
2026-05-15 08:19:34  INFO       + BATTLE ROYALE (ltm=False, modes=1)
2026-05-15 08:19:34  INFO       + RESURGENCE (ltm=False, modes=3)
2026-05-15 08:19:34  INFO       + BATTLE ROYALE CASUAL (ltm=False, modes=1)
2026-05-15 08:19:34  INFO       + RESURGENCE CASUAL (ltm=False, modes=1)
2026-05-15 08:19:34  INFO       Totaal: 4 playlists, seizoen: 
2026-05-15 08:19:34  INFO         OK: 4 playlists
2026-05-15 08:19:34  INFO     
[5/5] HTML updaten...
2026-05-15 08:19:34  INFO       [MIGRATIE] HTML succesvol bijgewerkt
2026-05-15 08:19:34  INFO         OK: Bijgewerkt op 15/05/2026 08:19
2026-05-15 08:19:34  INFO     
BuitKing's Loadouts bijgewerkt!
2026-05-15 08:19:34  INFO     =======================================================
2026-05-16 07:29:28  INFO     =======================================================
2026-05-16 07:29:28  INFO     BuitKing's Loadout Updater gestart (v8 - geen TeeP)
2026-05-16 07:29:28  INFO     Datum: 16/05/2026 07:29
2026-05-16 07:29:28  INFO     
[1/4] WZ Meta scrapen (warzoneloadout.games)...
2026-05-16 07:29:28  INFO       Ophalen: https://warzoneloadout.games/warzone-meta/
2026-05-16 07:29:28  INFO       + MK.78 (S, LMGs, BO7)
2026-05-16 07:29:28  INFO       + Kogot-7 (S, SMGs, BO7)
2026-05-16 07:29:28  INFO       + Strider 300 (S, Sniper Rifles, BO7)
2026-05-16 07:29:28  INFO       + Voyak KT-3 (A, Assault Rifles, BO7)
2026-05-16 07:29:28  INFO       + DS20 Mirage (A, Assault Rifles, BO7)
2026-05-16 07:29:28  INFO       + VST (A, SMGs, BO7)
2026-05-16 07:29:28  INFO       + MXR-17 (A, Assault Rifles, BO7)
2026-05-16 07:29:28  INFO       + Hawker HX (A, Sniper Rifles, BO7)
2026-05-16 07:29:28  INFO       + EGRT-17 (A, Assault Rifles, BO7)
2026-05-16 07:29:28  INFO       + AK-27 (A, Assault Rifles, BO7)
2026-05-16 07:29:28  INFO       + VS Recon (A, Sniper Rifles, BO7)
2026-05-16 07:29:28  INFO       + Dravec 45 (A, SMGs, BO7)
2026-05-16 07:29:28  INFO       + Peacekeeper Mk1 (A, Assault Rifles, BO7)
2026-05-16 07:29:28  INFO       + Sturmwolf 45 (A, SMGs, BO7)
2026-05-16 07:29:28  INFO       + Ryden 45K (B, SMGs, BO7)
2026-05-16 07:29:28  INFO       + M15 Mod 0 (B, Assault Rifles, BO7)
2026-05-16 07:29:28  INFO       + REV-46 (B, SMGs, BO7)
2026-05-16 07:29:28  INFO       + MK35 ISR (B, Assault Rifles, BO7)
2026-05-16 07:29:28  INFO       + MPC-25 (B, SMGs, BO7)
2026-05-16 07:29:28  INFO       + XR-3 Ion (B, Sniper Rifles, BO7)
2026-05-16 07:29:28  INFO       + TR2 (B, Marksman Rifles, BO6)
2026-05-16 07:29:28  INFO       + X9 Maverick (B, Assault Rifles, BO7)
2026-05-16 07:29:28  INFO       + Razor 9mm (B, SMGs, BO7)
2026-05-16 07:29:28  INFO       + Sokol 545 (B, LMGs, BO7)
2026-05-16 07:29:28  INFO       + LC10 (B, SMGs, BO6)
2026-05-16 07:29:28  INFO       + M8A1 (B, Marksman Rifles, BO7)
2026-05-16 07:29:28  INFO       + Swordfish A1 (B, Marksman Rifles, BO7)
2026-05-16 07:29:29  INFO       Totaal: 27 wapens
2026-05-16 07:29:29  INFO         OK: 27 wapens
2026-05-16 07:29:29  INFO     
[2/4] WZHUB Meta scrapen (wzhub.gg)...
2026-05-16 07:29:29  INFO       Browser openen: https://wzhub.gg/loadouts
2026-05-16 07:30:00  WARNING    [FOUT] Playwright: Page.goto: Timeout 30000ms exceeded.
Call log:
  - navigating to "https://wzhub.gg/loadouts", waiting until "networkidle"

2026-05-16 07:30:00  INFO       Totaal: 0 wapens van wzhub.gg
2026-05-16 07:30:00  INFO         OK: 0 wapens
2026-05-16 07:30:00  INFO     
[3/4] RAW-data bouwen vanuit WZ Meta + WZHUB...
2026-05-16 07:30:00  INFO       RAW gebouwd: 27 wapens over 2 games
2026-05-16 07:30:00  INFO     
[4/4] Warzone Playlists scrapen (wzhub.gg/playlist/wz)...
2026-05-16 07:30:00  INFO       Ophalen: https://wzhub.gg/playlist/wz
2026-05-16 07:30:00  INFO       + BATTLE ROYALE (ltm=False, modes=1)
2026-05-16 07:30:00  INFO       + RESURGENCE (ltm=False, modes=3)
2026-05-16 07:30:00  INFO       + BATTLE ROYALE CASUAL (ltm=False, modes=1)
2026-05-16 07:30:00  INFO       + RESURGENCE CASUAL (ltm=False, modes=1)
2026-05-16 07:30:00  INFO       Totaal: 4 playlists, seizoen: 
2026-05-16 07:30:00  INFO         OK: 4 playlists
2026-05-16 07:30:00  INFO     
[5/5] HTML updaten...
2026-05-16 07:30:00  INFO       [MIGRATIE] HTML succesvol bijgewerkt
2026-05-16 07:30:00  WARNING    [WAARSCHUWING] WZHUB leeg -- bestaande data behouden
2026-05-16 07:30:00  INFO         OK: Bijgewerkt op 16/05/2026 07:29
2026-05-16 07:30:00  INFO     
BuitKing's Loadouts bijgewerkt!
2026-05-16 07:30:00  INFO     =======================================================
2026-05-17 07:53:43  INFO     =======================================================
2026-05-17 07:53:43  INFO     BuitKing's Loadout Updater gestart (v8 - geen TeeP)
2026-05-17 07:53:43  INFO     Datum: 17/05/2026 07:53
2026-05-17 07:53:43  INFO     
[1/4] WZ Meta scrapen (warzoneloadout.games)...
2026-05-17 07:53:43  INFO       Ophalen: https://warzoneloadout.games/warzone-meta/
2026-05-17 07:53:44  INFO       + MK.78 (S, LMGs, BO7)
2026-05-17 07:53:44  INFO       + Kogot-7 (S, SMGs, BO7)
2026-05-17 07:53:44  INFO       + Strider 300 (S, Sniper Rifles, BO7)
2026-05-17 07:53:44  INFO       + Voyak KT-3 (A, Assault Rifles, BO7)
2026-05-17 07:53:44  INFO       + DS20 Mirage (A, Assault Rifles, BO7)
2026-05-17 07:53:44  INFO       + VST (A, SMGs, BO7)
2026-05-17 07:53:44  INFO       + MXR-17 (A, Assault Rifles, BO7)
2026-05-17 07:53:44  INFO       + Hawker HX (A, Sniper Rifles, BO7)
2026-05-17 07:53:44  INFO       + EGRT-17 (A, Assault Rifles, BO7)
2026-05-17 07:53:44  INFO       + AK-27 (A, Assault Rifles, BO7)
2026-05-17 07:53:44  INFO       + VS Recon (A, Sniper Rifles, BO7)
2026-05-17 07:53:44  INFO       + Dravec 45 (A, SMGs, BO7)
2026-05-17 07:53:44  INFO       + Peacekeeper Mk1 (A, Assault Rifles, BO7)
2026-05-17 07:53:44  INFO       + Sturmwolf 45 (A, SMGs, BO7)
2026-05-17 07:53:44  INFO       + Ryden 45K (B, SMGs, BO7)
2026-05-17 07:53:44  INFO       + M15 Mod 0 (B, Assault Rifles, BO7)
2026-05-17 07:53:44  INFO       + REV-46 (B, SMGs, BO7)
2026-05-17 07:53:44  INFO       + MK35 ISR (B, Assault Rifles, BO7)
2026-05-17 07:53:44  INFO       + MPC-25 (B, SMGs, BO7)
2026-05-17 07:53:44  INFO       + XR-3 Ion (B, Sniper Rifles, BO7)
2026-05-17 07:53:44  INFO       + TR2 (B, Marksman Rifles, BO6)
2026-05-17 07:53:44  INFO       + X9 Maverick (B, Assault Rifles, BO7)
2026-05-17 07:53:44  INFO       + Razor 9mm (B, SMGs, BO7)
2026-05-17 07:53:44  INFO       + Sokol 545 (B, LMGs, BO7)
2026-05-17 07:53:44  INFO       + LC10 (B, SMGs, BO6)
2026-05-17 07:53:44  INFO       + M8A1 (B, Marksman Rifles, BO7)
2026-05-17 07:53:44  INFO       + Swordfish A1 (B, Marksman Rifles, BO7)
2026-05-17 07:53:44  INFO       Totaal: 27 wapens
2026-05-17 07:53:44  INFO         OK: 27 wapens
2026-05-17 07:53:44  INFO     
[2/4] WZHUB Meta scrapen (wzhub.gg)...
2026-05-17 07:53:44  INFO       Browser openen: https://wzhub.gg/loadouts
2026-05-17 07:53:56  INFO       Pagina geladen — parsen...
2026-05-17 07:53:57  INFO       + Voyak Kt-3 (S, )
2026-05-17 07:53:57  INFO       + Vst (S, )
2026-05-17 07:53:57  INFO       + Ds20 Mirage (S, )
2026-05-17 07:53:57  INFO       + Strider 300 (S, )
2026-05-17 07:53:57  INFO       + Razor 9Mm (A, )
2026-05-17 07:53:57  INFO       + Dravec 45 (A, )
2026-05-17 07:53:57  INFO       + Egrt-17 (A, )
2026-05-17 07:53:57  INFO       + Sturmwolf 45 (A, )
2026-05-17 07:53:57  INFO       + Mk35 Isr (A, )
2026-05-17 07:53:57  INFO       + Hawker Hx (A, )
2026-05-17 07:53:57  INFO       + Kogot-7 (A, )
2026-05-17 07:53:57  INFO       + Vs Recon (A, )
2026-05-17 07:53:57  INFO       + Mk.78 (A, )
2026-05-17 07:53:57  INFO       Totaal: 13 wapens van wzhub.gg
2026-05-17 07:53:57  INFO         OK: 13 wapens
2026-05-17 07:53:57  INFO     
[3/4] RAW-data bouwen vanuit WZ Meta + WZHUB...
2026-05-17 07:53:57  INFO       RAW gebouwd: 27 wapens over 2 games
2026-05-17 07:53:57  INFO     
[4/4] Warzone Playlists scrapen (wzhub.gg/playlist/wz)...
2026-05-17 07:53:57  INFO       Ophalen: https://wzhub.gg/playlist/wz
2026-05-17 07:53:57  INFO       + BATTLE ROYALE (ltm=False, modes=1)
2026-05-17 07:53:57  INFO       + RESURGENCE (ltm=False, modes=3)
2026-05-17 07:53:57  INFO       + BATTLE ROYALE CASUAL (ltm=False, modes=1)
2026-05-17 07:53:57  INFO       + RESURGENCE CASUAL (ltm=False, modes=1)
2026-05-17 07:53:57  INFO       Totaal: 4 playlists, seizoen: 
2026-05-17 07:53:57  INFO         OK: 4 playlists
2026-05-17 07:53:57  INFO     
[5/5] HTML updaten...
2026-05-17 07:53:57  INFO       [MIGRATIE] HTML succesvol bijgewerkt
2026-05-17 07:53:57  INFO         OK: Bijgewerkt op 17/05/2026 07:53
2026-05-17 07:53:57  INFO     
BuitKing's Loadouts bijgewerkt!
2026-05-17 07:53:57  INFO     =======================================================
2026-05-18 08:55:12  INFO     =======================================================
2026-05-18 08:55:12  INFO     BuitKing's Loadout Updater gestart (v8 - geen TeeP)
2026-05-18 08:55:12  INFO     Datum: 18/05/2026 08:55
2026-05-18 08:55:12  INFO     
[1/4] WZ Meta scrapen (warzoneloadout.games)...
2026-05-18 08:55:12  INFO       Ophalen: https://warzoneloadout.games/warzone-meta/
2026-05-18 08:55:13  INFO       + MK.78 (S, LMGs, BO7)
2026-05-18 08:55:13  INFO       + Kogot-7 (S, SMGs, BO7)
2026-05-18 08:55:13  INFO       + Strider 300 (S, Sniper Rifles, BO7)
2026-05-18 08:55:13  INFO       + Voyak KT-3 (A, Assault Rifles, BO7)
2026-05-18 08:55:13  INFO       + DS20 Mirage (A, Assault Rifles, BO7)
2026-05-18 08:55:13  INFO       + VST (A, SMGs, BO7)
2026-05-18 08:55:13  INFO       + MXR-17 (A, Assault Rifles, BO7)
2026-05-18 08:55:13  INFO       + Hawker HX (A, Sniper Rifles, BO7)
2026-05-18 08:55:13  INFO       + EGRT-17 (A, Assault Rifles, BO7)
2026-05-18 08:55:13  INFO       + AK-27 (A, Assault Rifles, BO7)
2026-05-18 08:55:13  INFO       + VS Recon (A, Sniper Rifles, BO7)
2026-05-18 08:55:13  INFO       + Dravec 45 (A, SMGs, BO7)
2026-05-18 08:55:13  INFO       + Peacekeeper Mk1 (A, Assault Rifles, BO7)
2026-05-18 08:55:13  INFO       + Sturmwolf 45 (A, SMGs, BO7)
2026-05-18 08:55:13  INFO       + Ryden 45K (B, SMGs, BO7)
2026-05-18 08:55:13  INFO       + M15 Mod 0 (B, Assault Rifles, BO7)
2026-05-18 08:55:13  INFO       + REV-46 (B, SMGs, BO7)
2026-05-18 08:55:13  INFO       + MK35 ISR (B, Assault Rifles, BO7)
2026-05-18 08:55:13  INFO       + MPC-25 (B, SMGs, BO7)
2026-05-18 08:55:13  INFO       + XR-3 Ion (B, Sniper Rifles, BO7)
2026-05-18 08:55:13  INFO       + TR2 (B, Marksman Rifles, BO6)
2026-05-18 08:55:13  INFO       + X9 Maverick (B, Assault Rifles, BO7)
2026-05-18 08:55:13  INFO       + Razor 9mm (B, SMGs, BO7)
2026-05-18 08:55:13  INFO       + Sokol 545 (B, LMGs, BO7)
2026-05-18 08:55:13  INFO       + LC10 (B, SMGs, BO6)
2026-05-18 08:55:13  INFO       + M8A1 (B, Marksman Rifles, BO7)
2026-05-18 08:55:13  INFO       + Swordfish A1 (B, Marksman Rifles, BO7)
2026-05-18 08:55:13  INFO       Totaal: 27 wapens
2026-05-18 08:55:13  INFO         OK: 27 wapens
2026-05-18 08:55:13  INFO     
[2/4] WZHUB Meta scrapen (wzhub.gg)...
2026-05-18 08:55:13  INFO       Browser openen: https://wzhub.gg/loadouts
2026-05-18 08:55:16  INFO       Pagina geladen — parsen...
2026-05-18 08:55:16  INFO       + Voyak Kt-3 (S, )
2026-05-18 08:55:16  INFO       + Vst (S, )
2026-05-18 08:55:16  INFO       + Ds20 Mirage (S, )
2026-05-18 08:55:16  INFO       + Strider 300 (S, )
2026-05-18 08:55:16  INFO       + Razor 9Mm (A, )
2026-05-18 08:55:16  INFO       + Dravec 45 (A, )
2026-05-18 08:55:16  INFO       + Egrt-17 (A, )
2026-05-18 08:55:16  INFO       + Sturmwolf 45 (A, )
2026-05-18 08:55:16  INFO       + Mk35 Isr (A, )
2026-05-18 08:55:16  INFO       + Hawker Hx (A, )
2026-05-18 08:55:16  INFO       + Kogot-7 (A, )
2026-05-18 08:55:16  INFO       + Vs Recon (A, )
2026-05-18 08:55:16  INFO       + Mk.78 (A, )
2026-05-18 08:55:16  INFO       Totaal: 13 wapens van wzhub.gg
2026-05-18 08:55:16  INFO         OK: 13 wapens
2026-05-18 08:55:16  INFO     
[3/4] RAW-data bouwen vanuit WZ Meta + WZHUB...
2026-05-18 08:55:16  INFO       RAW gebouwd: 27 wapens over 2 games
2026-05-18 08:55:16  INFO     
[4/4] Warzone Playlists scrapen (wzhub.gg/playlist/wz)...
2026-05-18 08:55:16  INFO       Ophalen: https://wzhub.gg/playlist/wz
2026-05-18 08:55:16  INFO       + BATTLE ROYALE (ltm=False, modes=1)
2026-05-18 08:55:16  INFO       + RESURGENCE (ltm=False, modes=3)
2026-05-18 08:55:16  INFO       + BATTLE ROYALE CASUAL (ltm=False, modes=1)
2026-05-18 08:55:16  INFO       + RESURGENCE CASUAL (ltm=False, modes=1)
2026-05-18 08:55:16  INFO       Totaal: 4 playlists, seizoen: 
2026-05-18 08:55:16  INFO         OK: 4 playlists
2026-05-18 08:55:16  INFO     
[5/5] HTML updaten...
2026-05-18 08:55:16  INFO       [MIGRATIE] HTML succesvol bijgewerkt
2026-05-18 08:55:16  INFO         OK: Bijgewerkt op 18/05/2026 08:55
2026-05-18 08:55:16  INFO     
BuitKing's Loadouts bijgewerkt!
2026-05-18 08:55:16  INFO     =======================================================
2026-05-19 08:41:28  INFO     =======================================================
2026-05-19 08:41:28  INFO     BuitKing's Loadout Updater gestart (v8 - geen TeeP)
2026-05-19 08:41:28  INFO     Datum: 19/05/2026 08:41
2026-05-19 08:41:28  INFO     
[1/4] WZ Meta scrapen (warzoneloadout.games)...
2026-05-19 08:41:28  INFO       Ophalen: https://warzoneloadout.games/warzone-meta/
2026-05-19 08:41:29  INFO       + MK.78 (S, LMGs, BO7)
2026-05-19 08:41:29  INFO       + Kogot-7 (S, SMGs, BO7)
2026-05-19 08:41:29  INFO       + Strider 300 (S, Sniper Rifles, BO7)
2026-05-19 08:41:29  INFO       + Voyak KT-3 (A, Assault Rifles, BO7)
2026-05-19 08:41:29  INFO       + DS20 Mirage (A, Assault Rifles, BO7)
2026-05-19 08:41:29  INFO       + VST (A, SMGs, BO7)
2026-05-19 08:41:29  INFO       + MXR-17 (A, Assault Rifles, BO7)
2026-05-19 08:41:29  INFO       + Hawker HX (A, Sniper Rifles, BO7)
2026-05-19 08:41:29  INFO       + EGRT-17 (A, Assault Rifles, BO7)
2026-05-19 08:41:29  INFO       + AK-27 (A, Assault Rifles, BO7)
2026-05-19 08:41:29  INFO       + VS Recon (A, Sniper Rifles, BO7)
2026-05-19 08:41:29  INFO       + Dravec 45 (A, SMGs, BO7)
2026-05-19 08:41:29  INFO       + Peacekeeper Mk1 (A, Assault Rifles, BO7)
2026-05-19 08:41:29  INFO       + Sturmwolf 45 (A, SMGs, BO7)
2026-05-19 08:41:29  INFO       + Ryden 45K (B, SMGs, BO7)
2026-05-19 08:41:29  INFO       + M15 Mod 0 (B, Assault Rifles, BO7)
2026-05-19 08:41:29  INFO       + REV-46 (B, SMGs, BO7)
2026-05-19 08:41:29  INFO       + MK35 ISR (B, Assault Rifles, BO7)
2026-05-19 08:41:29  INFO       + MPC-25 (B, SMGs, BO7)
2026-05-19 08:41:29  INFO       + XR-3 Ion (B, Sniper Rifles, BO7)
2026-05-19 08:41:29  INFO       + TR2 (B, Marksman Rifles, BO6)
2026-05-19 08:41:29  INFO       + X9 Maverick (B, Assault Rifles, BO7)
2026-05-19 08:41:29  INFO       + Razor 9mm (B, SMGs, BO7)
2026-05-19 08:41:29  INFO       + Sokol 545 (B, LMGs, BO7)
2026-05-19 08:41:29  INFO       + LC10 (B, SMGs, BO6)
2026-05-19 08:41:29  INFO       + M8A1 (B, Marksman Rifles, BO7)
2026-05-19 08:41:29  INFO       + Swordfish A1 (B, Marksman Rifles, BO7)
2026-05-19 08:41:29  INFO       Totaal: 27 wapens
2026-05-19 08:41:29  INFO         OK: 27 wapens
2026-05-19 08:41:29  INFO     
[2/4] WZHUB Meta scrapen (wzhub.gg)...
2026-05-19 08:41:29  INFO       Browser openen: https://wzhub.gg/loadouts
2026-05-19 08:41:41  INFO       Pagina geladen — parsen...
2026-05-19 08:41:41  INFO       + Voyak Kt-3 (S, )
2026-05-19 08:41:41  INFO       + Vst (S, )
2026-05-19 08:41:41  INFO       + Ds20 Mirage (S, )
2026-05-19 08:41:41  INFO       + Strider 300 (S, )
2026-05-19 08:41:41  INFO       + Razor 9Mm (A, )
2026-05-19 08:41:41  INFO       + Dravec 45 (A, )
2026-05-19 08:41:41  INFO       + Egrt-17 (A, )
2026-05-19 08:41:41  INFO       + Sturmwolf 45 (A, )
2026-05-19 08:41:41  INFO       + Mk35 Isr (A, )
2026-05-19 08:41:41  INFO       + Hawker Hx (A, )
2026-05-19 08:41:41  INFO       + Kogot-7 (A, )
2026-05-19 08:41:41  INFO       + Vs Recon (A, )
2026-05-19 08:41:41  INFO       + Mk.78 (A, )
2026-05-19 08:41:41  INFO       Totaal: 13 wapens van wzhub.gg
2026-05-19 08:41:41  INFO         OK: 13 wapens
2026-05-19 08:41:41  INFO     
[3/4] RAW-data bouwen vanuit WZ Meta + WZHUB...
2026-05-19 08:41:41  INFO       RAW gebouwd: 27 wapens over 2 games
2026-05-19 08:41:41  INFO     
[4/4] Warzone Playlists scrapen (wzhub.gg/playlist/wz)...
2026-05-19 08:41:41  INFO       Ophalen: https://wzhub.gg/playlist/wz
2026-05-19 08:41:41  INFO       + BATTLE ROYALE (ltm=False, modes=1)
2026-05-19 08:41:41  INFO       + RESURGENCE (ltm=False, modes=3)
2026-05-19 08:41:41  INFO       + BATTLE ROYALE CASUAL (ltm=False, modes=1)
2026-05-19 08:41:41  INFO       + RESURGENCE CASUAL (ltm=False, modes=1)
2026-05-19 08:41:41  INFO       Totaal: 4 playlists, seizoen: 
2026-05-19 08:41:41  INFO         OK: 4 playlists
2026-05-19 08:41:41  INFO     
[5/5] HTML updaten...
2026-05-19 08:41:42  INFO       [MIGRATIE] HTML succesvol bijgewerkt
2026-05-19 08:41:42  INFO         OK: Bijgewerkt op 19/05/2026 08:41
2026-05-19 08:41:42  INFO     
BuitKing's Loadouts bijgewerkt!
2026-05-19 08:41:42  INFO     =======================================================
2026-05-20 08:38:48  INFO     =======================================================
2026-05-20 08:38:48  INFO     BuitKing's Loadout Updater gestart (v8 - geen TeeP)
2026-05-20 08:38:48  INFO     Datum: 20/05/2026 08:38
2026-05-20 08:38:48  INFO     
[1/4] WZ Meta scrapen (warzoneloadout.games)...
2026-05-20 08:38:48  INFO       Ophalen: https://warzoneloadout.games/warzone-meta/
2026-05-20 08:38:52  INFO       + MK.78 (S, LMGs, BO7)
2026-05-20 08:38:52  INFO       + Kogot-7 (S, SMGs, BO7)
2026-05-20 08:38:52  INFO       + Strider 300 (S, Sniper Rifles, BO7)
2026-05-20 08:38:52  INFO       + Voyak KT-3 (A, Assault Rifles, BO7)
2026-05-20 08:38:52  INFO       + DS20 Mirage (A, Assault Rifles, BO7)
2026-05-20 08:38:52  INFO       + VST (A, SMGs, BO7)
2026-05-20 08:38:52  INFO       + MXR-17 (A, Assault Rifles, BO7)
2026-05-20 08:38:52  INFO       + Hawker HX (A, Sniper Rifles, BO7)
2026-05-20 08:38:52  INFO       + EGRT-17 (A, Assault Rifles, BO7)
2026-05-20 08:38:52  INFO       + AK-27 (A, Assault Rifles, BO7)
2026-05-20 08:38:52  INFO       + VS Recon (A, Sniper Rifles, BO7)
2026-05-20 08:38:52  INFO       + Dravec 45 (A, SMGs, BO7)
2026-05-20 08:38:52  INFO       + Peacekeeper Mk1 (A, Assault Rifles, BO7)
2026-05-20 08:38:52  INFO       + Sturmwolf 45 (A, SMGs, BO7)
2026-05-20 08:38:52  INFO       + Ryden 45K (B, SMGs, BO7)
2026-05-20 08:38:52  INFO       + M15 Mod 0 (B, Assault Rifles, BO7)
2026-05-20 08:38:52  INFO       + REV-46 (B, SMGs, BO7)
2026-05-20 08:38:52  INFO       + MK35 ISR (B, Assault Rifles, BO7)
2026-05-20 08:38:52  INFO       + MPC-25 (B, SMGs, BO7)
2026-05-20 08:38:52  INFO       + XR-3 Ion (B, Sniper Rifles, BO7)
2026-05-20 08:38:52  INFO       + TR2 (B, Marksman Rifles, BO6)
2026-05-20 08:38:52  INFO       + X9 Maverick (B, Assault Rifles, BO7)
2026-05-20 08:38:52  INFO       + Razor 9mm (B, SMGs, BO7)
2026-05-20 08:38:52  INFO       + Sokol 545 (B, LMGs, BO7)
2026-05-20 08:38:52  INFO       + LC10 (B, SMGs, BO6)
2026-05-20 08:38:52  INFO       + M8A1 (B, Marksman Rifles, BO7)
2026-05-20 08:38:52  INFO       + Swordfish A1 (B, Marksman Rifles, BO7)
2026-05-20 08:38:52  INFO       Totaal: 27 wapens
2026-05-20 08:38:52  INFO         OK: 27 wapens
2026-05-20 08:38:52  INFO     
[2/4] WZHUB Meta scrapen (wzhub.gg)...
2026-05-20 08:38:52  INFO       Browser openen: https://wzhub.gg/loadouts
2026-05-20 08:39:23  WARNING    [FOUT] Playwright: Page.goto: Timeout 30000ms exceeded.
Call log:
  - navigating to "https://wzhub.gg/loadouts", waiting until "networkidle"

2026-05-20 08:39:23  INFO       Totaal: 0 wapens van wzhub.gg
2026-05-20 08:39:23  INFO         OK: 0 wapens
2026-05-20 08:39:23  INFO     
[3/4] RAW-data bouwen vanuit WZ Meta + WZHUB...
2026-05-20 08:39:23  INFO       RAW gebouwd: 27 wapens over 2 games
2026-05-20 08:39:23  INFO     
[4/4] Warzone Playlists scrapen (wzhub.gg/playlist/wz)...
2026-05-20 08:39:23  INFO       Ophalen: https://wzhub.gg/playlist/wz
2026-05-20 08:39:23  INFO       + BATTLE ROYALE (ltm=False, modes=1)
2026-05-20 08:39:23  INFO       + RESURGENCE (ltm=False, modes=3)
2026-05-20 08:39:23  INFO       + BATTLE ROYALE CASUAL (ltm=False, modes=1)
2026-05-20 08:39:23  INFO       + RESURGENCE CASUAL (ltm=False, modes=1)
2026-05-20 08:39:23  INFO       Totaal: 4 playlists, seizoen: 
2026-05-20 08:39:23  INFO         OK: 4 playlists
2026-05-20 08:39:23  INFO     
[5/5] HTML updaten...
2026-05-20 08:39:23  INFO       [MIGRATIE] HTML succesvol bijgewerkt
2026-05-20 08:39:23  WARNING    [WAARSCHUWING] WZHUB leeg -- bestaande data behouden
2026-05-20 08:39:23  INFO         OK: Bijgewerkt op 20/05/2026 08:38
2026-05-20 08:39:23  INFO     
BuitKing's Loadouts bijgewerkt!
2026-05-20 08:39:23  INFO     =======================================================
2026-05-21 08:44:46  INFO     =======================================================
2026-05-21 08:44:46  INFO     BuitKing's Loadout Updater gestart (v8 - geen TeeP)
2026-05-21 08:44:46  INFO     Datum: 21/05/2026 08:44
2026-05-21 08:44:46  INFO     
[1/4] WZ Meta scrapen (warzoneloadout.games)...
2026-05-21 08:44:46  INFO       Ophalen: https://warzoneloadout.games/warzone-meta/
2026-05-21 08:44:47  INFO       + MK.78 (S, LMGs, BO7)
2026-05-21 08:44:47  INFO       + Kogot-7 (S, SMGs, BO7)
2026-05-21 08:44:47  INFO       + Strider 300 (S, Sniper Rifles, BO7)
2026-05-21 08:44:47  INFO       + Voyak KT-3 (A, Assault Rifles, BO7)
2026-05-21 08:44:47  INFO       + DS20 Mirage (A, Assault Rifles, BO7)
2026-05-21 08:44:47  INFO       + VST (A, SMGs, BO7)
2026-05-21 08:44:47  INFO       + MXR-17 (A, Assault Rifles, BO7)
2026-05-21 08:44:47  INFO       + Hawker HX (A, Sniper Rifles, BO7)
2026-05-21 08:44:47  INFO       + EGRT-17 (A, Assault Rifles, BO7)
2026-05-21 08:44:47  INFO       + AK-27 (A, Assault Rifles, BO7)
2026-05-21 08:44:47  INFO       + VS Recon (A, Sniper Rifles, BO7)
2026-05-21 08:44:47  INFO       + Dravec 45 (A, SMGs, BO7)
2026-05-21 08:44:47  INFO       + Peacekeeper Mk1 (A, Assault Rifles, BO7)
2026-05-21 08:44:47  INFO       + Sturmwolf 45 (A, SMGs, BO7)
2026-05-21 08:44:47  INFO       + Ryden 45K (B, SMGs, BO7)
2026-05-21 08:44:47  INFO       + M15 Mod 0 (B, Assault Rifles, BO7)
2026-05-21 08:44:47  INFO       + REV-46 (B, SMGs, BO7)
2026-05-21 08:44:47  INFO       + MK35 ISR (B, Assault Rifles, BO7)
2026-05-21 08:44:47  INFO       + MPC-25 (B, SMGs, BO7)
2026-05-21 08:44:47  INFO       + XR-3 Ion (B, Sniper Rifles, BO7)
2026-05-21 08:44:47  INFO       + TR2 (B, Marksman Rifles, BO6)
2026-05-21 08:44:47  INFO       + X9 Maverick (B, Assault Rifles, BO7)
2026-05-21 08:44:47  INFO       + Razor 9mm (B, SMGs, BO7)
2026-05-21 08:44:47  INFO       + Sokol 545 (B, LMGs, BO7)
2026-05-21 08:44:47  INFO       + LC10 (B, SMGs, BO6)
2026-05-21 08:44:47  INFO       + M8A1 (B, Marksman Rifles, BO7)
2026-05-21 08:44:47  INFO       + Swordfish A1 (B, Marksman Rifles, BO7)
2026-05-21 08:44:47  INFO       Totaal: 27 wapens
2026-05-21 08:44:47  INFO         OK: 27 wapens
2026-05-21 08:44:47  INFO     
[2/4] WZHUB Meta scrapen (wzhub.gg)...
2026-05-21 08:44:47  INFO       Browser openen: https://wzhub.gg/loadouts
2026-05-21 08:45:02  INFO       Pagina geladen — parsen...
2026-05-21 08:45:02  INFO       + Voyak Kt-3 (S, )
2026-05-21 08:45:02  INFO       + Vst (S, )
2026-05-21 08:45:02  INFO       + Ds20 Mirage (S, )
2026-05-21 08:45:02  INFO       + Strider 300 (S, )
2026-05-21 08:45:02  INFO       + Razor 9Mm (A, )
2026-05-21 08:45:02  INFO       + Dravec 45 (A, )
2026-05-21 08:45:02  INFO       + Egrt-17 (A, )
2026-05-21 08:45:02  INFO       + Sturmwolf 45 (A, )
2026-05-21 08:45:02  INFO       + Mk35 Isr (A, )
2026-05-21 08:45:02  INFO       + Hawker Hx (A, )
2026-05-21 08:45:02  INFO       + Kogot-7 (A, )
2026-05-21 08:45:02  INFO       + Vs Recon (A, )
2026-05-21 08:45:02  INFO       + Mk.78 (A, )
2026-05-21 08:45:02  INFO       Totaal: 13 wapens van wzhub.gg
2026-05-21 08:45:02  INFO         OK: 13 wapens
2026-05-21 08:45:02  INFO     
[3/4] RAW-data bouwen vanuit WZ Meta + WZHUB...
2026-05-21 08:45:02  INFO       RAW gebouwd: 27 wapens over 2 games
2026-05-21 08:45:02  INFO     
[4/4] Warzone Playlists scrapen (wzhub.gg/playlist/wz)...
2026-05-21 08:45:02  INFO       Ophalen: https://wzhub.gg/playlist/wz
2026-05-21 08:45:02  INFO       + BATTLE ROYALE (ltm=False, modes=1)
2026-05-21 08:45:02  INFO       + RESURGENCE (ltm=False, modes=3)
2026-05-21 08:45:02  INFO       + BATTLE ROYALE CASUAL (ltm=False, modes=1)
2026-05-21 08:45:02  INFO       + RESURGENCE CASUAL (ltm=False, modes=1)
2026-05-21 08:45:02  INFO       Totaal: 4 playlists, seizoen: 
2026-05-21 08:45:02  INFO         OK: 4 playlists
2026-05-21 08:45:02  INFO     
[5/5] HTML updaten...
2026-05-21 08:45:02  INFO       [MIGRATIE] HTML succesvol bijgewerkt
2026-05-21 08:45:02  INFO         OK: Bijgewerkt op 21/05/2026 08:44
2026-05-21 08:45:02  INFO     
BuitKing's Loadouts bijgewerkt!
2026-05-21 08:45:02  INFO     =======================================================
2026-05-22 08:35:08  INFO     =======================================================
2026-05-22 08:35:08  INFO     BuitKing's Loadout Updater gestart (v8 - geen TeeP)
2026-05-22 08:35:08  INFO     Datum: 22/05/2026 08:35
2026-05-22 08:35:08  INFO     
[1/4] WZ Meta scrapen (warzoneloadout.games)...
2026-05-22 08:35:08  INFO       Ophalen: https://warzoneloadout.games/warzone-meta/
2026-05-22 08:35:09  INFO       + MK.78 (S, LMGs, BO7)
2026-05-22 08:35:09  INFO       + Kogot-7 (S, SMGs, BO7)
2026-05-22 08:35:09  INFO       + Strider 300 (S, Sniper Rifles, BO7)
2026-05-22 08:35:09  INFO       + Voyak KT-3 (A, Assault Rifles, BO7)
2026-05-22 08:35:09  INFO       + DS20 Mirage (A, Assault Rifles, BO7)
2026-05-22 08:35:09  INFO       + VST (A, SMGs, BO7)
2026-05-22 08:35:09  INFO       + MXR-17 (A, Assault Rifles, BO7)
2026-05-22 08:35:09  INFO       + Hawker HX (A, Sniper Rifles, BO7)
2026-05-22 08:35:09  INFO       + EGRT-17 (A, Assault Rifles, BO7)
2026-05-22 08:35:09  INFO       + AK-27 (A, Assault Rifles, BO7)
2026-05-22 08:35:09  INFO       + VS Recon (A, Sniper Rifles, BO7)
2026-05-22 08:35:09  INFO       + Dravec 45 (A, SMGs, BO7)
2026-05-22 08:35:09  INFO       + Peacekeeper Mk1 (A, Assault Rifles, BO7)
2026-05-22 08:35:09  INFO       + Sturmwolf 45 (A, SMGs, BO7)
2026-05-22 08:35:09  INFO       + Ryden 45K (B, SMGs, BO7)
2026-05-22 08:35:09  INFO       + M15 Mod 0 (B, Assault Rifles, BO7)
2026-05-22 08:35:09  INFO       + REV-46 (B, SMGs, BO7)
2026-05-22 08:35:09  INFO       + MK35 ISR (B, Assault Rifles, BO7)
2026-05-22 08:35:09  INFO       + MPC-25 (B, SMGs, BO7)
2026-05-22 08:35:09  INFO       + XR-3 Ion (B, Sniper Rifles, BO7)
2026-05-22 08:35:09  INFO       + TR2 (B, Marksman Rifles, BO6)
2026-05-22 08:35:09  INFO       + X9 Maverick (B, Assault Rifles, BO7)
2026-05-22 08:35:09  INFO       + Razor 9mm (B, SMGs, BO7)
2026-05-22 08:35:09  INFO       + Sokol 545 (B, LMGs, BO7)
2026-05-22 08:35:09  INFO       + LC10 (B, SMGs, BO6)
2026-05-22 08:35:09  INFO       + M8A1 (B, Marksman Rifles, BO7)
2026-05-22 08:35:09  INFO       + Swordfish A1 (B, Marksman Rifles, BO7)
2026-05-22 08:35:09  INFO       Totaal: 27 wapens
2026-05-22 08:35:09  INFO         OK: 27 wapens
2026-05-22 08:35:09  INFO     
[2/4] WZHUB Meta scrapen (wzhub.gg)...
2026-05-22 08:35:09  INFO       Browser openen: https://wzhub.gg/loadouts
2026-05-22 08:35:18  INFO       Pagina geladen — parsen...
2026-05-22 08:35:18  INFO       + Voyak Kt-3 (S, )
2026-05-22 08:35:18  INFO       + Vst (S, )
2026-05-22 08:35:18  INFO       + Ds20 Mirage (S, )
2026-05-22 08:35:18  INFO       + Strider 300 (S, )
2026-05-22 08:35:18  INFO       + Razor 9Mm (A, )
2026-05-22 08:35:18  INFO       + Dravec 45 (A, )
2026-05-22 08:35:18  INFO       + Egrt-17 (A, )
2026-05-22 08:35:18  INFO       + Sturmwolf 45 (A, )
2026-05-22 08:35:18  INFO       + Mk35 Isr (A, )
2026-05-22 08:35:18  INFO       + Hawker Hx (A, )
2026-05-22 08:35:18  INFO       + Kogot-7 (A, )
2026-05-22 08:35:18  INFO       + Vs Recon (A, )
2026-05-22 08:35:18  INFO       + Mk.78 (A, )
2026-05-22 08:35:18  INFO       Totaal: 13 wapens van wzhub.gg
2026-05-22 08:35:18  INFO         OK: 13 wapens
2026-05-22 08:35:18  INFO     
[3/4] RAW-data bouwen vanuit WZ Meta + WZHUB...
2026-05-22 08:35:18  INFO       RAW gebouwd: 27 wapens over 2 games
2026-05-22 08:35:18  INFO     
[4/4] Warzone Playlists scrapen (wzhub.gg/playlist/wz)...
2026-05-22 08:35:18  INFO       Ophalen: https://wzhub.gg/playlist/wz
2026-05-22 08:35:18  INFO       + BATTLE ROYALE (ltm=False, modes=1)
2026-05-22 08:35:18  INFO       + RESURGENCE (ltm=False, modes=3)
2026-05-22 08:35:18  INFO       + BATTLE ROYALE CASUAL (ltm=False, modes=1)
2026-05-22 08:35:18  INFO       + RESURGENCE CASUAL (ltm=False, modes=1)
2026-05-22 08:35:18  INFO       Totaal: 4 playlists, seizoen: 
2026-05-22 08:35:18  INFO         OK: 4 playlists
2026-05-22 08:35:18  INFO     
[5/5] HTML updaten...
2026-05-22 08:35:18  INFO       [MIGRATIE] HTML succesvol bijgewerkt
2026-05-22 08:35:18  INFO         OK: Bijgewerkt op 22/05/2026 08:35
2026-05-22 08:35:18  INFO     
BuitKing's Loadouts bijgewerkt!
2026-05-22 08:35:18  INFO     =======================================================
2026-05-23 07:45:25  INFO     =======================================================
2026-05-23 07:45:25  INFO     BuitKing's Loadout Updater gestart (v8 - geen TeeP)
2026-05-23 07:45:25  INFO     Datum: 23/05/2026 07:45
2026-05-23 07:45:25  INFO     
[1/4] WZ Meta scrapen (warzoneloadout.games)...
2026-05-23 07:45:25  INFO       Ophalen: https://warzoneloadout.games/warzone-meta/
2026-05-23 07:45:26  INFO       + MK.78 (S, LMGs, BO7)
2026-05-23 07:45:26  INFO       + Kogot-7 (S, SMGs, BO7)
2026-05-23 07:45:26  INFO       + Strider 300 (S, Sniper Rifles, BO7)
2026-05-23 07:45:26  INFO       + Voyak KT-3 (A, Assault Rifles, BO7)
2026-05-23 07:45:26  INFO       + DS20 Mirage (A, Assault Rifles, BO7)
2026-05-23 07:45:26  INFO       + VST (A, SMGs, BO7)
2026-05-23 07:45:26  INFO       + MXR-17 (A, Assault Rifles, BO7)
2026-05-23 07:45:26  INFO       + Hawker HX (A, Sniper Rifles, BO7)
2026-05-23 07:45:26  INFO       + EGRT-17 (A, Assault Rifles, BO7)
2026-05-23 07:45:26  INFO       + AK-27 (A, Assault Rifles, BO7)
2026-05-23 07:45:26  INFO       + VS Recon (A, Sniper Rifles, BO7)
2026-05-23 07:45:26  INFO       + Dravec 45 (A, SMGs, BO7)
2026-05-23 07:45:26  INFO       + Peacekeeper Mk1 (A, Assault Rifles, BO7)
2026-05-23 07:45:26  INFO       + Sturmwolf 45 (A, SMGs, BO7)
2026-05-23 07:45:26  INFO       + Ryden 45K (B, SMGs, BO7)
2026-05-23 07:45:26  INFO       + M15 Mod 0 (B, Assault Rifles, BO7)
2026-05-23 07:45:26  INFO       + REV-46 (B, SMGs, BO7)
2026-05-23 07:45:26  INFO       + MK35 ISR (B, Assault Rifles, BO7)
2026-05-23 07:45:26  INFO       + MPC-25 (B, SMGs, BO7)
2026-05-23 07:45:26  INFO       + XR-3 Ion (B, Sniper Rifles, BO7)
2026-05-23 07:45:26  INFO       + TR2 (B, Marksman Rifles, BO6)
2026-05-23 07:45:26  INFO       + X9 Maverick (B, Assault Rifles, BO7)
2026-05-23 07:45:26  INFO       + Razor 9mm (B, SMGs, BO7)
2026-05-23 07:45:26  INFO       + Sokol 545 (B, LMGs, BO7)
2026-05-23 07:45:26  INFO       + LC10 (B, SMGs, BO6)
2026-05-23 07:45:26  INFO       + M8A1 (B, Marksman Rifles, BO7)
2026-05-23 07:45:26  INFO       + Swordfish A1 (B, Marksman Rifles, BO7)
2026-05-23 07:45:26  INFO       Totaal: 27 wapens
2026-05-23 07:45:26  INFO         OK: 27 wapens
2026-05-23 07:45:26  INFO     
[2/4] WZHUB Meta scrapen (wzhub.gg)...
2026-05-23 07:45:26  INFO       Browser openen: https://wzhub.gg/loadouts
2026-05-23 07:45:33  INFO       Pagina geladen — parsen...
2026-05-23 07:45:33  INFO       + Voyak Kt-3 (S, )
2026-05-23 07:45:33  INFO       + Vst (S, )
2026-05-23 07:45:33  INFO       + Ds20 Mirage (S, )
2026-05-23 07:45:33  INFO       + Strider 300 (S, )
2026-05-23 07:45:33  INFO       + Razor 9Mm (A, )
2026-05-23 07:45:33  INFO       + Dravec 45 (A, )
2026-05-23 07:45:33  INFO       + Egrt-17 (A, )
2026-05-23 07:45:33  INFO       + Sturmwolf 45 (A, )
2026-05-23 07:45:33  INFO       + Mk35 Isr (A, )
2026-05-23 07:45:33  INFO       + Hawker Hx (A, )
2026-05-23 07:45:33  INFO       + Kogot-7 (A, )
2026-05-23 07:45:33  INFO       + Vs Recon (A, )
2026-05-23 07:45:33  INFO       + Mk.78 (A, )
2026-05-23 07:45:33  INFO       Totaal: 13 wapens van wzhub.gg
2026-05-23 07:45:33  INFO         OK: 13 wapens
2026-05-23 07:45:33  INFO     
[3/4] RAW-data bouwen vanuit WZ Meta + WZHUB...
2026-05-23 07:45:33  INFO       RAW gebouwd: 27 wapens over 2 games
2026-05-23 07:45:33  INFO     
[4/4] Warzone Playlists scrapen (wzhub.gg/playlist/wz)...
2026-05-23 07:45:33  INFO       Ophalen: https://wzhub.gg/playlist/wz
2026-05-23 07:45:34  INFO       + BATTLE ROYALE (ltm=False, modes=1)
2026-05-23 07:45:34  INFO       + RESURGENCE (ltm=False, modes=3)
2026-05-23 07:45:34  INFO       + BATTLE ROYALE CASUAL (ltm=False, modes=1)
2026-05-23 07:45:34  INFO       + RESURGENCE CASUAL (ltm=False, modes=1)
2026-05-23 07:45:34  INFO       Totaal: 4 playlists, seizoen: 
2026-05-23 07:45:34  INFO         OK: 4 playlists
2026-05-23 07:45:34  INFO     
[5/5] HTML updaten...
2026-05-23 07:45:34  INFO       [MIGRATIE] HTML succesvol bijgewerkt
2026-05-23 07:45:34  INFO         OK: Bijgewerkt op 23/05/2026 07:45
2026-05-23 07:45:34  INFO     
BuitKing's Loadouts bijgewerkt!
2026-05-23 07:45:34  INFO     =======================================================
2026-05-24 08:02:29  INFO     =======================================================
2026-05-24 08:02:29  INFO     BuitKing's Loadout Updater gestart (v8 - geen TeeP)
2026-05-24 08:02:29  INFO     Datum: 24/05/2026 08:02
2026-05-24 08:02:29  INFO     
[1/4] WZ Meta scrapen (warzoneloadout.games)...
2026-05-24 08:02:29  INFO       Ophalen: https://warzoneloadout.games/warzone-meta/
2026-05-24 08:02:30  INFO       + MK.78 (S, LMGs, BO7)
2026-05-24 08:02:30  INFO       + Kogot-7 (S, SMGs, BO7)
2026-05-24 08:02:30  INFO       + Strider 300 (S, Sniper Rifles, BO7)
2026-05-24 08:02:30  INFO       + Voyak KT-3 (A, Assault Rifles, BO7)
2026-05-24 08:02:30  INFO       + DS20 Mirage (A, Assault Rifles, BO7)
2026-05-24 08:02:30  INFO       + VST (A, SMGs, BO7)
2026-05-24 08:02:30  INFO       + MXR-17 (A, Assault Rifles, BO7)
2026-05-24 08:02:30  INFO       + Hawker HX (A, Sniper Rifles, BO7)
2026-05-24 08:02:30  INFO       + EGRT-17 (A, Assault Rifles, BO7)
2026-05-24 08:02:30  INFO       + AK-27 (A, Assault Rifles, BO7)
2026-05-24 08:02:30  INFO       + VS Recon (A, Sniper Rifles, BO7)
2026-05-24 08:02:30  INFO       + Dravec 45 (A, SMGs, BO7)
2026-05-24 08:02:30  INFO       + Peacekeeper Mk1 (A, Assault Rifles, BO7)
2026-05-24 08:02:30  INFO       + Sturmwolf 45 (A, SMGs, BO7)
2026-05-24 08:02:30  INFO       + Ryden 45K (B, SMGs, BO7)
2026-05-24 08:02:30  INFO       + M15 Mod 0 (B, Assault Rifles, BO7)
2026-05-24 08:02:30  INFO       + REV-46 (B, SMGs, BO7)
2026-05-24 08:02:30  INFO       + MK35 ISR (B, Assault Rifles, BO7)
2026-05-24 08:02:30  INFO       + MPC-25 (B, SMGs, BO7)
2026-05-24 08:02:30  INFO       + XR-3 Ion (B, Sniper Rifles, BO7)
2026-05-24 08:02:30  INFO       + TR2 (B, Marksman Rifles, BO6)
2026-05-24 08:02:30  INFO       + X9 Maverick (B, Assault Rifles, BO7)
2026-05-24 08:02:30  INFO       + Razor 9mm (B, SMGs, BO7)
2026-05-24 08:02:30  INFO       + Sokol 545 (B, LMGs, BO7)
2026-05-24 08:02:30  INFO       + LC10 (B, SMGs, BO6)
2026-05-24 08:02:30  INFO       + M8A1 (B, Marksman Rifles, BO7)
2026-05-24 08:02:30  INFO       + Swordfish A1 (B, Marksman Rifles, BO7)
2026-05-24 08:02:30  INFO       Totaal: 27 wapens
2026-05-24 08:02:30  INFO         OK: 27 wapens
2026-05-24 08:02:30  INFO     
[2/4] WZHUB Meta scrapen (wzhub.gg)...
2026-05-24 08:02:30  INFO       Browser openen: https://wzhub.gg/loadouts
2026-05-24 08:02:34  INFO       Pagina geladen — parsen...
2026-05-24 08:02:34  INFO       + Voyak Kt-3 (S, )
2026-05-24 08:02:34  INFO       + Vst (S, )
2026-05-24 08:02:34  INFO       + Ds20 Mirage (S, )
2026-05-24 08:02:34  INFO       + Strider 300 (S, )
2026-05-24 08:02:34  INFO       + Razor 9Mm (A, )
2026-05-24 08:02:34  INFO       + Dravec 45 (A, )
2026-05-24 08:02:34  INFO       + Egrt-17 (A, )
2026-05-24 08:02:34  INFO       + Sturmwolf 45 (A, )
2026-05-24 08:02:34  INFO       + Mk35 Isr (A, )
2026-05-24 08:02:34  INFO       + Hawker Hx (A, )
2026-05-24 08:02:34  INFO       + Kogot-7 (A, )
2026-05-24 08:02:34  INFO       + Vs Recon (A, )
2026-05-24 08:02:34  INFO       + Mk.78 (A, )
2026-05-24 08:02:34  INFO       Totaal: 13 wapens van wzhub.gg
2026-05-24 08:02:34  INFO         OK: 13 wapens
2026-05-24 08:02:34  INFO     
[3/4] RAW-data bouwen vanuit WZ Meta + WZHUB...
2026-05-24 08:02:34  INFO       RAW gebouwd: 27 wapens over 2 games
2026-05-24 08:02:34  INFO     
[4/4] Warzone Playlists scrapen (wzhub.gg/playlist/wz)...
2026-05-24 08:02:34  INFO       Ophalen: https://wzhub.gg/playlist/wz
2026-05-24 08:02:34  INFO       + BATTLE ROYALE (ltm=False, modes=1)
2026-05-24 08:02:34  INFO       + RESURGENCE (ltm=False, modes=3)
2026-05-24 08:02:34  INFO       + BATTLE ROYALE CASUAL (ltm=False, modes=1)
2026-05-24 08:02:34  INFO       + RESURGENCE CASUAL (ltm=False, modes=1)
2026-05-24 08:02:34  INFO       Totaal: 4 playlists, seizoen: 
2026-05-24 08:02:34  INFO         OK: 4 playlists
2026-05-24 08:02:34  INFO     
[5/5] HTML updaten...
2026-05-24 08:02:34  INFO       [MIGRATIE] HTML succesvol bijgewerkt
2026-05-24 08:02:34  INFO         OK: Bijgewerkt op 24/05/2026 08:02
2026-05-24 08:02:34  INFO     
BuitKing's Loadouts bijgewerkt!
2026-05-24 08:02:34  INFO     =======================================================
2026-05-26 08:47:17  INFO     =======================================================
2026-05-26 08:47:17  INFO     BuitKing's Loadout Updater gestart (v8 - geen TeeP)
2026-05-26 08:47:17  INFO     Datum: 26/05/2026 08:47
2026-05-26 08:47:17  INFO     
[1/4] WZ Meta scrapen (warzoneloadout.games)...
2026-05-26 08:47:17  INFO       Ophalen: https://warzoneloadout.games/warzone-meta/
2026-05-26 08:47:21  INFO       + MK.78 (S, LMGs, BO7)
2026-05-26 08:47:21  INFO       + Kogot-7 (S, SMGs, BO7)
2026-05-26 08:47:21  INFO       + Strider 300 (S, Sniper Rifles, BO7)
2026-05-26 08:47:21  INFO       + Voyak KT-3 (A, Assault Rifles, BO7)
2026-05-26 08:47:21  INFO       + DS20 Mirage (A, Assault Rifles, BO7)
2026-05-26 08:47:21  INFO       + VST (A, SMGs, BO7)
2026-05-26 08:47:21  INFO       + MXR-17 (A, Assault Rifles, BO7)
2026-05-26 08:47:21  INFO       + Hawker HX (A, Sniper Rifles, BO7)
2026-05-26 08:47:21  INFO       + EGRT-17 (A, Assault Rifles, BO7)
2026-05-26 08:47:21  INFO       + AK-27 (A, Assault Rifles, BO7)
2026-05-26 08:47:21  INFO       + VS Recon (A, Sniper Rifles, BO7)
2026-05-26 08:47:21  INFO       + Dravec 45 (A, SMGs, BO7)
2026-05-26 08:47:21  INFO       + Peacekeeper Mk1 (A, Assault Rifles, BO7)
2026-05-26 08:47:21  INFO       + Sturmwolf 45 (A, SMGs, BO7)
2026-05-26 08:47:21  INFO       + Ryden 45K (B, SMGs, BO7)
2026-05-26 08:47:21  INFO       + M15 Mod 0 (B, Assault Rifles, BO7)
2026-05-26 08:47:21  INFO       + REV-46 (B, SMGs, BO7)
2026-05-26 08:47:21  INFO       + MK35 ISR (B, Assault Rifles, BO7)
2026-05-26 08:47:21  INFO       + MPC-25 (B, SMGs, BO7)
2026-05-26 08:47:21  INFO       + XR-3 Ion (B, Sniper Rifles, BO7)
2026-05-26 08:47:21  INFO       + TR2 (B, Marksman Rifles, BO6)
2026-05-26 08:47:21  INFO       + X9 Maverick (B, Assault Rifles, BO7)
2026-05-26 08:47:21  INFO       + Razor 9mm (B, SMGs, BO7)
2026-05-26 08:47:21  INFO       + Sokol 545 (B, LMGs, BO7)
2026-05-26 08:47:21  INFO       + LC10 (B, SMGs, BO6)
2026-05-26 08:47:21  INFO       + M8A1 (B, Marksman Rifles, BO7)
2026-05-26 08:47:21  INFO       + Swordfish A1 (B, Marksman Rifles, BO7)
2026-05-26 08:47:21  INFO       Totaal: 27 wapens
2026-05-26 08:47:21  INFO         OK: 27 wapens
2026-05-26 08:47:21  INFO     
[2/4] WZHUB Meta scrapen (wzhub.gg)...
2026-05-26 08:47:21  INFO       Browser openen: https://wzhub.gg/loadouts
2026-05-26 08:47:25  INFO       Pagina geladen — parsen...
2026-05-26 08:47:26  INFO       + Voyak Kt-3 (S, )
2026-05-26 08:47:26  INFO       + Vst (S, )
2026-05-26 08:47:26  INFO       + Ds20 Mirage (S, )
2026-05-26 08:47:26  INFO       + Strider 300 (S, )
2026-05-26 08:47:26  INFO       + Razor 9Mm (A, )
2026-05-26 08:47:26  INFO       + Dravec 45 (A, )
2026-05-26 08:47:26  INFO       + Egrt-17 (A, )
2026-05-26 08:47:26  INFO       + Sturmwolf 45 (A, )
2026-05-26 08:47:26  INFO       + Mk35 Isr (A, )
2026-05-26 08:47:26  INFO       + Hawker Hx (A, )
2026-05-26 08:47:26  INFO       + Kogot-7 (A, )
2026-05-26 08:47:26  INFO       + Vs Recon (A, )
2026-05-26 08:47:26  INFO       + Mk.78 (A, )
2026-05-26 08:47:26  INFO       Totaal: 13 wapens van wzhub.gg
2026-05-26 08:47:26  INFO         OK: 13 wapens
2026-05-26 08:47:26  INFO     
[3/4] RAW-data bouwen vanuit WZ Meta + WZHUB...
2026-05-26 08:47:26  INFO       RAW gebouwd: 27 wapens over 2 games
2026-05-26 08:47:26  INFO     
[4/4] Warzone Playlists scrapen (wzhub.gg/playlist/wz)...
2026-05-26 08:47:26  INFO       Ophalen: https://wzhub.gg/playlist/wz
2026-05-26 08:47:26  INFO       + BATTLE ROYALE (ltm=False, modes=1)
2026-05-26 08:47:26  INFO       + RESURGENCE (ltm=False, modes=3)
2026-05-26 08:47:26  INFO       + BATTLE ROYALE CASUAL (ltm=False, modes=1)
2026-05-26 08:47:26  INFO       + RESURGENCE CASUAL (ltm=False, modes=1)
2026-05-26 08:47:26  INFO       Totaal: 4 playlists, seizoen: 
2026-05-26 08:47:26  INFO         OK: 4 playlists
2026-05-26 08:47:26  INFO     
[5/5] HTML updaten...
2026-05-26 08:47:26  INFO       [MIGRATIE] HTML succesvol bijgewerkt
2026-05-26 08:47:26  INFO         OK: Bijgewerkt op 26/05/2026 08:47
2026-05-26 08:47:26  INFO     
BuitKing's Loadouts bijgewerkt!
2026-05-26 08:47:26  INFO     =======================================================
2026-05-27 08:51:04  INFO     =======================================================
2026-05-27 08:51:04  INFO     BuitKing's Loadout Updater gestart (v8 - geen TeeP)
2026-05-27 08:51:04  INFO     Datum: 27/05/2026 08:51
2026-05-27 08:51:04  INFO     
[1/4] WZ Meta scrapen (warzoneloadout.games)...
2026-05-27 08:51:04  INFO       Ophalen: https://warzoneloadout.games/warzone-meta/
2026-05-27 08:51:08  INFO       + MK.78 (S, LMGs, BO7)
2026-05-27 08:51:08  INFO       + Kogot-7 (S, SMGs, BO7)
2026-05-27 08:51:08  INFO       + Strider 300 (S, Sniper Rifles, BO7)
2026-05-27 08:51:08  INFO       + Voyak KT-3 (A, Assault Rifles, BO7)
2026-05-27 08:51:08  INFO       + DS20 Mirage (A, Assault Rifles, BO7)
2026-05-27 08:51:08  INFO       + VST (A, SMGs, BO7)
2026-05-27 08:51:08  INFO       + MXR-17 (A, Assault Rifles, BO7)
2026-05-27 08:51:08  INFO       + Hawker HX (A, Sniper Rifles, BO7)
2026-05-27 08:51:08  INFO       + EGRT-17 (A, Assault Rifles, BO7)
2026-05-27 08:51:08  INFO       + AK-27 (A, Assault Rifles, BO7)
2026-05-27 08:51:08  INFO       + VS Recon (A, Sniper Rifles, BO7)
2026-05-27 08:51:08  INFO       + Dravec 45 (A, SMGs, BO7)
2026-05-27 08:51:08  INFO       + Peacekeeper Mk1 (A, Assault Rifles, BO7)
2026-05-27 08:51:08  INFO       + Sturmwolf 45 (A, SMGs, BO7)
2026-05-27 08:51:08  INFO       + Ryden 45K (B, SMGs, BO7)
2026-05-27 08:51:08  INFO       + M15 Mod 0 (B, Assault Rifles, BO7)
2026-05-27 08:51:08  INFO       + REV-46 (B, SMGs, BO7)
2026-05-27 08:51:08  INFO       + MK35 ISR (B, Assault Rifles, BO7)
2026-05-27 08:51:08  INFO       + MPC-25 (B, SMGs, BO7)
2026-05-27 08:51:08  INFO       + XR-3 Ion (B, Sniper Rifles, BO7)
2026-05-27 08:51:08  INFO       + TR2 (B, Marksman Rifles, BO6)
2026-05-27 08:51:08  INFO       + X9 Maverick (B, Assault Rifles, BO7)
2026-05-27 08:51:08  INFO       + Razor 9mm (B, SMGs, BO7)
2026-05-27 08:51:08  INFO       + Sokol 545 (B, LMGs, BO7)
2026-05-27 08:51:08  INFO       + LC10 (B, SMGs, BO6)
2026-05-27 08:51:08  INFO       + M8A1 (B, Marksman Rifles, BO7)
2026-05-27 08:51:08  INFO       + Swordfish A1 (B, Marksman Rifles, BO7)
2026-05-27 08:51:08  INFO       Totaal: 27 wapens
2026-05-27 08:51:08  INFO         OK: 27 wapens
2026-05-27 08:51:08  INFO     
[2/4] WZHUB Meta scrapen (wzhub.gg)...
2026-05-27 08:51:08  INFO       Browser openen: https://wzhub.gg/loadouts
2026-05-27 08:51:17  INFO       Pagina geladen — parsen...
2026-05-27 08:51:18  INFO       + Voyak Kt-3 (S, )
2026-05-27 08:51:18  INFO       + Vst (S, )
2026-05-27 08:51:18  INFO       + Ds20 Mirage (S, )
2026-05-27 08:51:18  INFO       + Strider 300 (S, )
2026-05-27 08:51:18  INFO       + Razor 9Mm (A, )
2026-05-27 08:51:18  INFO       + Dravec 45 (A, )
2026-05-27 08:51:18  INFO       + Egrt-17 (A, )
2026-05-27 08:51:18  INFO       + Sturmwolf 45 (A, )
2026-05-27 08:51:18  INFO       + Mk35 Isr (A, )
2026-05-27 08:51:18  INFO       + Hawker Hx (A, )
2026-05-27 08:51:18  INFO       + Kogot-7 (A, )
2026-05-27 08:51:18  INFO       + Vs Recon (A, )
2026-05-27 08:51:18  INFO       + Mk.78 (A, )
2026-05-27 08:51:18  INFO       Totaal: 13 wapens van wzhub.gg
2026-05-27 08:51:18  INFO         OK: 13 wapens
2026-05-27 08:51:18  INFO     
[3/4] RAW-data bouwen vanuit WZ Meta + WZHUB...
2026-05-27 08:51:18  INFO       RAW gebouwd: 27 wapens over 2 games
2026-05-27 08:51:18  INFO     
[4/4] Warzone Playlists scrapen (wzhub.gg/playlist/wz)...
2026-05-27 08:51:18  INFO       Ophalen: https://wzhub.gg/playlist/wz
2026-05-27 08:51:19  INFO       + BATTLE ROYALE (ltm=False, modes=1)
2026-05-27 08:51:19  INFO       + RESURGENCE (ltm=False, modes=3)
2026-05-27 08:51:19  INFO       + BATTLE ROYALE CASUAL (ltm=False, modes=1)
2026-05-27 08:51:19  INFO       + RESURGENCE CASUAL (ltm=False, modes=1)
2026-05-27 08:51:19  INFO       Totaal: 4 playlists, seizoen: 
2026-05-27 08:51:19  INFO         OK: 4 playlists
2026-05-27 08:51:19  INFO     
[5/5] HTML updaten...
2026-05-27 08:51:19  INFO       [MIGRATIE] HTML succesvol bijgewerkt
2026-05-27 08:51:19  INFO         OK: Bijgewerkt op 27/05/2026 08:51
2026-05-27 08:51:19  INFO     
BuitKing's Loadouts bijgewerkt!
2026-05-27 08:51:19  INFO     =======================================================
2026-05-28 08:56:45  INFO     =======================================================
2026-05-28 08:56:45  INFO     BuitKing's Loadout Updater gestart (v8 - geen TeeP)
2026-05-28 08:56:45  INFO     Datum: 28/05/2026 08:56
2026-05-28 08:56:45  INFO     
[1/4] WZ Meta scrapen (warzoneloadout.games)...
2026-05-28 08:56:45  INFO       Ophalen: https://warzoneloadout.games/warzone-meta/
2026-05-28 08:56:50  INFO       + MK.78 (S, LMGs, BO7)
2026-05-28 08:56:50  INFO       + Kogot-7 (S, SMGs, BO7)
2026-05-28 08:56:50  INFO       + Strider 300 (S, Sniper Rifles, BO7)
2026-05-28 08:56:50  INFO       + Voyak KT-3 (A, Assault Rifles, BO7)
2026-05-28 08:56:50  INFO       + DS20 Mirage (A, Assault Rifles, BO7)
2026-05-28 08:56:50  INFO       + VST (A, SMGs, BO7)
2026-05-28 08:56:50  INFO       + MXR-17 (A, Assault Rifles, BO7)
2026-05-28 08:56:50  INFO       + Hawker HX (A, Sniper Rifles, BO7)
2026-05-28 08:56:50  INFO       + EGRT-17 (A, Assault Rifles, BO7)
2026-05-28 08:56:50  INFO       + AK-27 (A, Assault Rifles, BO7)
2026-05-28 08:56:50  INFO       + VS Recon (A, Sniper Rifles, BO7)
2026-05-28 08:56:50  INFO       + Dravec 45 (A, SMGs, BO7)
2026-05-28 08:56:50  INFO       + Peacekeeper Mk1 (A, Assault Rifles, BO7)
2026-05-28 08:56:50  INFO       + Sturmwolf 45 (A, SMGs, BO7)
2026-05-28 08:56:50  INFO       + Ryden 45K (B, SMGs, BO7)
2026-05-28 08:56:50  INFO       + M15 Mod 0 (B, Assault Rifles, BO7)
2026-05-28 08:56:50  INFO       + REV-46 (B, SMGs, BO7)
2026-05-28 08:56:50  INFO       + MK35 ISR (B, Assault Rifles, BO7)
2026-05-28 08:56:50  INFO       + MPC-25 (B, SMGs, BO7)
2026-05-28 08:56:50  INFO       + XR-3 Ion (B, Sniper Rifles, BO7)
2026-05-28 08:56:50  INFO       + TR2 (B, Marksman Rifles, BO6)
2026-05-28 08:56:50  INFO       + X9 Maverick (B, Assault Rifles, BO7)
2026-05-28 08:56:50  INFO       + Razor 9mm (B, SMGs, BO7)
2026-05-28 08:56:50  INFO       + Sokol 545 (B, LMGs, BO7)
2026-05-28 08:56:50  INFO       + LC10 (B, SMGs, BO6)
2026-05-28 08:56:50  INFO       + M8A1 (B, Marksman Rifles, BO7)
2026-05-28 08:56:50  INFO       + Swordfish A1 (B, Marksman Rifles, BO7)
2026-05-28 08:56:50  INFO       Totaal: 27 wapens
2026-05-28 08:56:50  INFO         OK: 27 wapens
2026-05-28 08:56:50  INFO     
[2/4] WZHUB Meta scrapen (wzhub.gg)...
2026-05-28 08:56:50  INFO       Browser openen: https://wzhub.gg/loadouts
2026-05-28 08:56:52  INFO       Pagina geladen — parsen...
2026-05-28 08:56:53  INFO       + Voyak Kt-3 (S, )
2026-05-28 08:56:53  INFO       + Vst (S, )
2026-05-28 08:56:53  INFO       + Ds20 Mirage (S, )
2026-05-28 08:56:53  INFO       + Strider 300 (S, )
2026-05-28 08:56:53  INFO       + Razor 9Mm (A, )
2026-05-28 08:56:53  INFO       + Dravec 45 (A, )
2026-05-28 08:56:53  INFO       + Egrt-17 (A, )
2026-05-28 08:56:53  INFO       + Sturmwolf 45 (A, )
2026-05-28 08:56:53  INFO       + Mk35 Isr (A, )
2026-05-28 08:56:53  INFO       + Hawker Hx (A, )
2026-05-28 08:56:53  INFO       + Kogot-7 (A, )
2026-05-28 08:56:53  INFO       + Vs Recon (A, )
2026-05-28 08:56:53  INFO       + Mk.78 (A, )
2026-05-28 08:56:53  INFO       Totaal: 13 wapens van wzhub.gg
2026-05-28 08:56:53  INFO         OK: 13 wapens
2026-05-28 08:56:53  INFO     
[3/4] RAW-data bouwen vanuit WZ Meta + WZHUB...
2026-05-28 08:56:53  INFO       RAW gebouwd: 27 wapens over 2 games
2026-05-28 08:56:53  INFO     
[4/4] Warzone Playlists scrapen (wzhub.gg/playlist/wz)...
2026-05-28 08:56:53  INFO       Ophalen: https://wzhub.gg/playlist/wz
2026-05-28 08:56:53  INFO       + BATTLE ROYALE (ltm=False, modes=1)
2026-05-28 08:56:53  INFO       + RESURGENCE (ltm=False, modes=3)
2026-05-28 08:56:53  INFO       + BATTLE ROYALE CASUAL (ltm=False, modes=1)
2026-05-28 08:56:53  INFO       + RESURGENCE CASUAL (ltm=False, modes=1)
2026-05-28 08:56:53  INFO       Totaal: 4 playlists, seizoen: 
2026-05-28 08:56:53  INFO         OK: 4 playlists
2026-05-28 08:56:53  INFO     
[5/5] HTML updaten...
2026-05-28 08:56:53  INFO       [MIGRATIE] HTML succesvol bijgewerkt
2026-05-28 08:56:53  INFO         OK: Bijgewerkt op 28/05/2026 08:56
2026-05-28 08:56:53  INFO     
BuitKing's Loadouts bijgewerkt!
2026-05-28 08:56:53  INFO     =======================================================
2026-05-29 08:54:21  INFO     =======================================================
2026-05-29 08:54:21  INFO     BuitKing's Loadout Updater gestart (v8 - geen TeeP)
2026-05-29 08:54:21  INFO     Datum: 29/05/2026 08:54
2026-05-29 08:54:21  INFO     
[1/4] WZ Meta scrapen (warzoneloadout.games)...
2026-05-29 08:54:21  INFO       Ophalen: https://warzoneloadout.games/warzone-meta/
2026-05-29 08:54:26  INFO       + MK.78 (S, LMGs, BO7)
2026-05-29 08:54:26  INFO       + Kogot-7 (S, SMGs, BO7)
2026-05-29 08:54:26  INFO       + Strider 300 (S, Sniper Rifles, BO7)
2026-05-29 08:54:26  INFO       + Voyak KT-3 (A, Assault Rifles, BO7)
2026-05-29 08:54:26  INFO       + DS20 Mirage (A, Assault Rifles, BO7)
2026-05-29 08:54:26  INFO       + VST (A, SMGs, BO7)
2026-05-29 08:54:26  INFO       + MXR-17 (A, Assault Rifles, BO7)
2026-05-29 08:54:26  INFO       + Hawker HX (A, Sniper Rifles, BO7)
2026-05-29 08:54:26  INFO       + EGRT-17 (A, Assault Rifles, BO7)
2026-05-29 08:54:26  INFO       + AK-27 (A, Assault Rifles, BO7)
2026-05-29 08:54:26  INFO       + VS Recon (A, Sniper Rifles, BO7)
2026-05-29 08:54:26  INFO       + Dravec 45 (A, SMGs, BO7)
2026-05-29 08:54:26  INFO       + Peacekeeper Mk1 (A, Assault Rifles, BO7)
2026-05-29 08:54:26  INFO       + Sturmwolf 45 (A, SMGs, BO7)
2026-05-29 08:54:26  INFO       + Ryden 45K (B, SMGs, BO7)
2026-05-29 08:54:26  INFO       + M15 Mod 0 (B, Assault Rifles, BO7)
2026-05-29 08:54:26  INFO       + REV-46 (B, SMGs, BO7)
2026-05-29 08:54:26  INFO       + MK35 ISR (B, Assault Rifles, BO7)
2026-05-29 08:54:26  INFO       + MPC-25 (B, SMGs, BO7)
2026-05-29 08:54:26  INFO       + XR-3 Ion (B, Sniper Rifles, BO7)
2026-05-29 08:54:26  INFO       + TR2 (B, Marksman Rifles, BO6)
2026-05-29 08:54:26  INFO       + X9 Maverick (B, Assault Rifles, BO7)
2026-05-29 08:54:26  INFO       + Razor 9mm (B, SMGs, BO7)
2026-05-29 08:54:26  INFO       + Sokol 545 (B, LMGs, BO7)
2026-05-29 08:54:26  INFO       + LC10 (B, SMGs, BO6)
2026-05-29 08:54:26  INFO       + M8A1 (B, Marksman Rifles, BO7)
2026-05-29 08:54:26  INFO       + Swordfish A1 (B, Marksman Rifles, BO7)
2026-05-29 08:54:26  INFO       Totaal: 27 wapens
2026-05-29 08:54:26  INFO         OK: 27 wapens
2026-05-29 08:54:26  INFO     
[2/4] WZHUB Meta scrapen (wzhub.gg)...
2026-05-29 08:54:26  INFO       Browser openen: https://wzhub.gg/loadouts
2026-05-29 08:54:36  INFO       Pagina geladen — parsen...
2026-05-29 08:54:36  INFO       + Voyak Kt-3 (S, )
2026-05-29 08:54:36  INFO       + Vst (S, )
2026-05-29 08:54:36  INFO       + Ds20 Mirage (S, )
2026-05-29 08:54:36  INFO       + Strider 300 (S, )
2026-05-29 08:54:36  INFO       + Razor 9Mm (A, )
2026-05-29 08:54:36  INFO       + Dravec 45 (A, )
2026-05-29 08:54:36  INFO       + Egrt-17 (A, )
2026-05-29 08:54:36  INFO       + Sturmwolf 45 (A, )
2026-05-29 08:54:36  INFO       + Mk35 Isr (A, )
2026-05-29 08:54:36  INFO       + Hawker Hx (A, )
2026-05-29 08:54:36  INFO       + Kogot-7 (A, )
2026-05-29 08:54:36  INFO       + Vs Recon (A, )
2026-05-29 08:54:36  INFO       + Mk.78 (A, )
2026-05-29 08:54:36  INFO       Totaal: 13 wapens van wzhub.gg
2026-05-29 08:54:36  INFO         OK: 13 wapens
2026-05-29 08:54:36  INFO     
[3/4] RAW-data bouwen vanuit WZ Meta + WZHUB...
2026-05-29 08:54:36  INFO       RAW gebouwd: 27 wapens over 2 games
2026-05-29 08:54:36  INFO     
[4/4] Warzone Playlists scrapen (wzhub.gg/playlist/wz)...
2026-05-29 08:54:36  INFO       Ophalen: https://wzhub.gg/playlist/wz
2026-05-29 08:54:37  INFO       + BATTLE ROYALE (ltm=False, modes=1)
2026-05-29 08:54:37  INFO       + RESURGENCE (ltm=False, modes=3)
2026-05-29 08:54:37  INFO       + BATTLE ROYALE CASUAL (ltm=False, modes=1)
2026-05-29 08:54:37  INFO       + RESURGENCE CASUAL (ltm=False, modes=1)
2026-05-29 08:54:37  INFO       Totaal: 4 playlists, seizoen: 
2026-05-29 08:54:37  INFO         OK: 4 playlists
2026-05-29 08:54:37  INFO     
[5/5] HTML updaten...
2026-05-29 08:54:37  INFO       [MIGRATIE] HTML succesvol bijgewerkt
2026-05-29 08:54:37  INFO         OK: Bijgewerkt op 29/05/2026 08:54
2026-05-29 08:54:37  INFO     
BuitKing's Loadouts bijgewerkt!
2026-05-29 08:54:37  INFO     =======================================================
2026-05-30 07:59:53  INFO     =======================================================
2026-05-30 07:59:53  INFO     BuitKing's Loadout Updater gestart (v8 - geen TeeP)
2026-05-30 07:59:53  INFO     Datum: 30/05/2026 07:59
2026-05-30 07:59:53  INFO     
[1/4] WZ Meta scrapen (warzoneloadout.games)...
2026-05-30 07:59:53  INFO       Ophalen: https://warzoneloadout.games/warzone-meta/
2026-05-30 07:59:54  INFO       + MK.78 (S, LMGs, BO7)
2026-05-30 07:59:54  INFO       + Kogot-7 (S, SMGs, BO7)
2026-05-30 07:59:54  INFO       + Strider 300 (S, Sniper Rifles, BO7)
2026-05-30 07:59:54  INFO       + Voyak KT-3 (A, Assault Rifles, BO7)
2026-05-30 07:59:54  INFO       + DS20 Mirage (A, Assault Rifles, BO7)
2026-05-30 07:59:54  INFO       + VST (A, SMGs, BO7)
2026-05-30 07:59:54  INFO       + MXR-17 (A, Assault Rifles, BO7)
2026-05-30 07:59:54  INFO       + Hawker HX (A, Sniper Rifles, BO7)
2026-05-30 07:59:54  INFO       + EGRT-17 (A, Assault Rifles, BO7)
2026-05-30 07:59:54  INFO       + AK-27 (A, Assault Rifles, BO7)
2026-05-30 07:59:54  INFO       + VS Recon (A, Sniper Rifles, BO7)
2026-05-30 07:59:54  INFO       + Dravec 45 (A, SMGs, BO7)
2026-05-30 07:59:54  INFO       + Peacekeeper Mk1 (A, Assault Rifles, BO7)
2026-05-30 07:59:54  INFO       + Sturmwolf 45 (A, SMGs, BO7)
2026-05-30 07:59:54  INFO       + Ryden 45K (B, SMGs, BO7)
2026-05-30 07:59:54  INFO       + M15 Mod 0 (B, Assault Rifles, BO7)
2026-05-30 07:59:54  INFO       + REV-46 (B, SMGs, BO7)
2026-05-30 07:59:54  INFO       + MK35 ISR (B, Assault Rifles, BO7)
2026-05-30 07:59:54  INFO       + MPC-25 (B, SMGs, BO7)
2026-05-30 07:59:54  INFO       + XR-3 Ion (B, Sniper Rifles, BO7)
2026-05-30 07:59:54  INFO       + TR2 (B, Marksman Rifles, BO6)
2026-05-30 07:59:54  INFO       + X9 Maverick (B, Assault Rifles, BO7)
2026-05-30 07:59:54  INFO       + Razor 9mm (B, SMGs, BO7)
2026-05-30 07:59:54  INFO       + Sokol 545 (B, LMGs, BO7)
2026-05-30 07:59:54  INFO       + LC10 (B, SMGs, BO6)
2026-05-30 07:59:54  INFO       + M8A1 (B, Marksman Rifles, BO7)
2026-05-30 07:59:54  INFO       + Swordfish A1 (B, Marksman Rifles, BO7)
2026-05-30 07:59:54  INFO       Totaal: 27 wapens
2026-05-30 07:59:54  INFO         OK: 27 wapens
2026-05-30 07:59:54  INFO     
[2/4] WZHUB Meta scrapen (wzhub.gg)...
2026-05-30 07:59:54  INFO       Browser openen: https://wzhub.gg/loadouts
2026-05-30 08:00:03  INFO       Pagina geladen — parsen...
2026-05-30 08:00:03  INFO       + Voyak Kt-3 (S, )
2026-05-30 08:00:03  INFO       + Vst (S, )
2026-05-30 08:00:03  INFO       + Ds20 Mirage (S, )
2026-05-30 08:00:03  INFO       + Strider 300 (S, )
2026-05-30 08:00:03  INFO       + Razor 9Mm (A, )
2026-05-30 08:00:03  INFO       + Dravec 45 (A, )
2026-05-30 08:00:03  INFO       + Egrt-17 (A, )
2026-05-30 08:00:03  INFO       + Sturmwolf 45 (A, )
2026-05-30 08:00:03  INFO       + Mk35 Isr (A, )
2026-05-30 08:00:03  INFO       + Hawker Hx (A, )
2026-05-30 08:00:03  INFO       + Kogot-7 (A, )
2026-05-30 08:00:03  INFO       + Vs Recon (A, )
2026-05-30 08:00:03  INFO       + Mk.78 (A, )
2026-05-30 08:00:03  INFO       Totaal: 13 wapens van wzhub.gg
2026-05-30 08:00:03  INFO         OK: 13 wapens
2026-05-30 08:00:03  INFO     
[3/4] RAW-data bouwen vanuit WZ Meta + WZHUB...
2026-05-30 08:00:03  INFO       RAW gebouwd: 27 wapens over 2 games
2026-05-30 08:00:03  INFO     
[4/4] Warzone Playlists scrapen (wzhub.gg/playlist/wz)...
2026-05-30 08:00:03  INFO       Ophalen: https://wzhub.gg/playlist/wz
2026-05-30 08:00:04  INFO       + BATTLE ROYALE (ltm=False, modes=1)
2026-05-30 08:00:04  INFO       + RESURGENCE (ltm=False, modes=3)
2026-05-30 08:00:04  INFO       + BATTLE ROYALE CASUAL (ltm=False, modes=1)
2026-05-30 08:00:04  INFO       + RESURGENCE CASUAL (ltm=False, modes=1)
2026-05-30 08:00:04  INFO       Totaal: 4 playlists, seizoen: 
2026-05-30 08:00:04  INFO         OK: 4 playlists
2026-05-30 08:00:04  INFO     
[5/5] HTML updaten...
2026-05-30 08:00:04  INFO       [MIGRATIE] HTML succesvol bijgewerkt
2026-05-30 08:00:04  INFO         OK: Bijgewerkt op 30/05/2026 07:59
2026-05-30 08:00:04  INFO     
BuitKing's Loadouts bijgewerkt!
2026-05-30 08:00:04  INFO     =======================================================
2026-05-31 08:24:10  INFO     =======================================================
2026-05-31 08:24:10  INFO     BuitKing's Loadout Updater gestart (v8 - geen TeeP)
2026-05-31 08:24:10  INFO     Datum: 31/05/2026 08:24
2026-05-31 08:24:10  INFO     
[1/4] WZ Meta scrapen (warzoneloadout.games)...
2026-05-31 08:24:10  INFO       Ophalen: https://warzoneloadout.games/warzone-meta/
2026-05-31 08:24:15  INFO       + MK.78 (S, LMGs, BO7)
2026-05-31 08:24:15  INFO       + Kogot-7 (S, SMGs, BO7)
2026-05-31 08:24:15  INFO       + Strider 300 (S, Sniper Rifles, BO7)
2026-05-31 08:24:15  INFO       + Voyak KT-3 (A, Assault Rifles, BO7)
2026-05-31 08:24:15  INFO       + DS20 Mirage (A, Assault Rifles, BO7)
2026-05-31 08:24:15  INFO       + VST (A, SMGs, BO7)
2026-05-31 08:24:15  INFO       + MXR-17 (A, Assault Rifles, BO7)
2026-05-31 08:24:15  INFO       + Hawker HX (A, Sniper Rifles, BO7)
2026-05-31 08:24:15  INFO       + EGRT-17 (A, Assault Rifles, BO7)
2026-05-31 08:24:15  INFO       + AK-27 (A, Assault Rifles, BO7)
2026-05-31 08:24:15  INFO       + VS Recon (A, Sniper Rifles, BO7)
2026-05-31 08:24:15  INFO       + Dravec 45 (A, SMGs, BO7)
2026-05-31 08:24:15  INFO       + Peacekeeper Mk1 (A, Assault Rifles, BO7)
2026-05-31 08:24:15  INFO       + Sturmwolf 45 (A, SMGs, BO7)
2026-05-31 08:24:15  INFO       + Ryden 45K (B, SMGs, BO7)
2026-05-31 08:24:15  INFO       + M15 Mod 0 (B, Assault Rifles, BO7)
2026-05-31 08:24:15  INFO       + REV-46 (B, SMGs, BO7)
2026-05-31 08:24:15  INFO       + MK35 ISR (B, Assault Rifles, BO7)
2026-05-31 08:24:15  INFO       + MPC-25 (B, SMGs, BO7)
2026-05-31 08:24:15  INFO       + XR-3 Ion (B, Sniper Rifles, BO7)
2026-05-31 08:24:15  INFO       + TR2 (B, Marksman Rifles, BO6)
2026-05-31 08:24:15  INFO       + X9 Maverick (B, Assault Rifles, BO7)
2026-05-31 08:24:15  INFO       + Razor 9mm (B, SMGs, BO7)
2026-05-31 08:24:15  INFO       + Sokol 545 (B, LMGs, BO7)
2026-05-31 08:24:15  INFO       + LC10 (B, SMGs, BO6)
2026-05-31 08:24:15  INFO       + M8A1 (B, Marksman Rifles, BO7)
2026-05-31 08:24:15  INFO       + Swordfish A1 (B, Marksman Rifles, BO7)
2026-05-31 08:24:15  INFO       Totaal: 27 wapens
2026-05-31 08:24:15  INFO         OK: 27 wapens
2026-05-31 08:24:15  INFO     
[2/4] WZHUB Meta scrapen (wzhub.gg)...
2026-05-31 08:24:15  INFO       Browser openen: https://wzhub.gg/loadouts
2026-05-31 08:24:24  INFO       Pagina geladen — parsen...
2026-05-31 08:24:24  INFO       + Voyak Kt-3 (S, )
2026-05-31 08:24:24  INFO       + Vst (S, )
2026-05-31 08:24:24  INFO       + Ds20 Mirage (S, )
2026-05-31 08:24:24  INFO       + Strider 300 (S, )
2026-05-31 08:24:24  INFO       + Razor 9Mm (A, )
2026-05-31 08:24:24  INFO       + Dravec 45 (A, )
2026-05-31 08:24:24  INFO       + Egrt-17 (A, )
2026-05-31 08:24:24  INFO       + Sturmwolf 45 (A, )
2026-05-31 08:24:24  INFO       + Mk35 Isr (A, )
2026-05-31 08:24:24  INFO       + Hawker Hx (A, )
2026-05-31 08:24:24  INFO       + Kogot-7 (A, )
2026-05-31 08:24:24  INFO       + Vs Recon (A, )
2026-05-31 08:24:24  INFO       + Mk.78 (A, )
2026-05-31 08:24:24  INFO       Totaal: 13 wapens van wzhub.gg
2026-05-31 08:24:24  INFO         OK: 13 wapens
2026-05-31 08:24:24  INFO     
[3/4] RAW-data bouwen vanuit WZ Meta + WZHUB...
2026-05-31 08:24:24  INFO       RAW gebouwd: 27 wapens over 2 games
2026-05-31 08:24:24  INFO     
[4/4] Warzone Playlists scrapen (wzhub.gg/playlist/wz)...
2026-05-31 08:24:24  INFO       Ophalen: https://wzhub.gg/playlist/wz
2026-05-31 08:24:25  INFO       + BATTLE ROYALE (ltm=False, modes=1)
2026-05-31 08:24:25  INFO       + RESURGENCE (ltm=False, modes=3)
2026-05-31 08:24:25  INFO       + BATTLE ROYALE CASUAL (ltm=False, modes=1)
2026-05-31 08:24:25  INFO       + RESURGENCE CASUAL (ltm=False, modes=1)
2026-05-31 08:24:25  INFO       Totaal: 4 playlists, seizoen: 
2026-05-31 08:24:25  INFO         OK: 4 playlists
2026-05-31 08:24:25  INFO     
[5/5] HTML updaten...
2026-05-31 08:24:25  INFO       [MIGRATIE] HTML succesvol bijgewerkt
2026-05-31 08:24:25  INFO         OK: Bijgewerkt op 31/05/2026 08:24
2026-05-31 08:24:25  INFO     
BuitKing's Loadouts bijgewerkt!
2026-05-31 08:24:25  INFO     =======================================================
2026-06-01 10:35:21  INFO     =======================================================
2026-06-01 10:35:21  INFO     BuitKing's Loadout Updater gestart (v8 - geen TeeP)
2026-06-01 10:35:21  INFO     Datum: 01/06/2026 10:35
2026-06-01 10:35:21  INFO     
[1/4] WZ Meta scrapen (warzoneloadout.games)...
2026-06-01 10:35:21  INFO       Ophalen: https://warzoneloadout.games/warzone-meta/
2026-06-01 10:35:25  INFO       + MK.78 (S, LMGs, BO7)
2026-06-01 10:35:25  INFO       + Kogot-7 (S, SMGs, BO7)
2026-06-01 10:35:25  INFO       + Strider 300 (S, Sniper Rifles, BO7)
2026-06-01 10:35:25  INFO       + Voyak KT-3 (A, Assault Rifles, BO7)
2026-06-01 10:35:25  INFO       + DS20 Mirage (A, Assault Rifles, BO7)
2026-06-01 10:35:25  INFO       + VST (A, SMGs, BO7)
2026-06-01 10:35:25  INFO       + MXR-17 (A, Assault Rifles, BO7)
2026-06-01 10:35:25  INFO       + Hawker HX (A, Sniper Rifles, BO7)
2026-06-01 10:35:25  INFO       + EGRT-17 (A, Assault Rifles, BO7)
2026-06-01 10:35:25  INFO       + AK-27 (A, Assault Rifles, BO7)
2026-06-01 10:35:25  INFO       + VS Recon (A, Sniper Rifles, BO7)
2026-06-01 10:35:25  INFO       + Dravec 45 (A, SMGs, BO7)
2026-06-01 10:35:25  INFO       + Peacekeeper Mk1 (A, Assault Rifles, BO7)
2026-06-01 10:35:25  INFO       + Sturmwolf 45 (A, SMGs, BO7)
2026-06-01 10:35:25  INFO       + Ryden 45K (B, SMGs, BO7)
2026-06-01 10:35:25  INFO       + M15 Mod 0 (B, Assault Rifles, BO7)
2026-06-01 10:35:25  INFO       + REV-46 (B, SMGs, BO7)
2026-06-01 10:35:25  INFO       + MK35 ISR (B, Assault Rifles, BO7)
2026-06-01 10:35:25  INFO       + MPC-25 (B, SMGs, BO7)
2026-06-01 10:35:25  INFO       + XR-3 Ion (B, Sniper Rifles, BO7)
2026-06-01 10:35:25  INFO       + TR2 (B, Marksman Rifles, BO6)
2026-06-01 10:35:25  INFO       + X9 Maverick (B, Assault Rifles, BO7)
2026-06-01 10:35:25  INFO       + Razor 9mm (B, SMGs, BO7)
2026-06-01 10:35:25  INFO       + Sokol 545 (B, LMGs, BO7)
2026-06-01 10:35:25  INFO       + LC10 (B, SMGs, BO6)
2026-06-01 10:35:25  INFO       + M8A1 (B, Marksman Rifles, BO7)
2026-06-01 10:35:25  INFO       + Swordfish A1 (B, Marksman Rifles, BO7)
2026-06-01 10:35:25  INFO       Totaal: 27 wapens
2026-06-01 10:35:25  INFO         OK: 27 wapens
2026-06-01 10:35:25  INFO     
[2/4] WZHUB Meta scrapen (wzhub.gg)...
2026-06-01 10:35:25  INFO       Browser openen: https://wzhub.gg/loadouts
2026-06-01 10:35:56  WARNING    [FOUT] Playwright: Page.goto: Timeout 30000ms exceeded.
Call log:
  - navigating to "https://wzhub.gg/loadouts", waiting until "networkidle"

2026-06-01 10:35:56  INFO       Totaal: 0 wapens van wzhub.gg
2026-06-01 10:35:56  INFO         OK: 0 wapens
2026-06-01 10:35:56  INFO     
[3/4] RAW-data bouwen vanuit WZ Meta + WZHUB...
2026-06-01 10:35:56  INFO       RAW gebouwd: 27 wapens over 2 games
2026-06-01 10:35:56  INFO     
[4/4] Warzone Playlists scrapen (wzhub.gg/playlist/wz)...
2026-06-01 10:35:56  INFO       Ophalen: https://wzhub.gg/playlist/wz
2026-06-01 10:35:57  INFO       + BATTLE ROYALE (ltm=False, modes=1)
2026-06-01 10:35:57  INFO       + RESURGENCE (ltm=False, modes=3)
2026-06-01 10:35:57  INFO       + BATTLE ROYALE CASUAL (ltm=False, modes=1)
2026-06-01 10:35:57  INFO       + RESURGENCE CASUAL (ltm=False, modes=1)
2026-06-01 10:35:57  INFO       Totaal: 4 playlists, seizoen: 
2026-06-01 10:35:57  INFO         OK: 4 playlists
2026-06-01 10:35:57  INFO     
[5/5] HTML updaten...
2026-06-01 10:35:57  INFO       [MIGRATIE] HTML succesvol bijgewerkt
2026-06-01 10:35:57  WARNING    [WAARSCHUWING] WZHUB leeg -- bestaande data behouden
2026-06-01 10:35:57  INFO         OK: Bijgewerkt op 01/06/2026 10:35
2026-06-01 10:35:57  INFO     
BuitKing's Loadouts bijgewerkt!
2026-06-01 10:35:57  INFO     =======================================================
2026-06-02 09:44:39  INFO     =======================================================
2026-06-02 09:44:39  INFO     BuitKing's Loadout Updater gestart (v8 - geen TeeP)
2026-06-02 09:44:39  INFO     Datum: 02/06/2026 09:44
2026-06-02 09:44:39  INFO     
[1/4] WZ Meta scrapen (warzoneloadout.games)...
2026-06-02 09:44:39  INFO       Ophalen: https://warzoneloadout.games/warzone-meta/
2026-06-02 09:44:40  INFO       + MK.78 (S, LMGs, BO7)
2026-06-02 09:44:40  INFO       + Kogot-7 (S, SMGs, BO7)
2026-06-02 09:44:40  INFO       + Strider 300 (S, Sniper Rifles, BO7)
2026-06-02 09:44:40  INFO       + Voyak KT-3 (A, Assault Rifles, BO7)
2026-06-02 09:44:40  INFO       + DS20 Mirage (A, Assault Rifles, BO7)
2026-06-02 09:44:40  INFO       + VST (A, SMGs, BO7)
2026-06-02 09:44:40  INFO       + MXR-17 (A, Assault Rifles, BO7)
2026-06-02 09:44:40  INFO       + Hawker HX (A, Sniper Rifles, BO7)
2026-06-02 09:44:40  INFO       + EGRT-17 (A, Assault Rifles, BO7)
2026-06-02 09:44:40  INFO       + AK-27 (A, Assault Rifles, BO7)
2026-06-02 09:44:40  INFO       + VS Recon (A, Sniper Rifles, BO7)
2026-06-02 09:44:40  INFO       + Dravec 45 (A, SMGs, BO7)
2026-06-02 09:44:40  INFO       + Peacekeeper Mk1 (A, Assault Rifles, BO7)
2026-06-02 09:44:40  INFO       + Sturmwolf 45 (A, SMGs, BO7)
2026-06-02 09:44:40  INFO       + Ryden 45K (B, SMGs, BO7)
2026-06-02 09:44:40  INFO       + M15 Mod 0 (B, Assault Rifles, BO7)
2026-06-02 09:44:40  INFO       + REV-46 (B, SMGs, BO7)
2026-06-02 09:44:40  INFO       + MK35 ISR (B, Assault Rifles, BO7)
2026-06-02 09:44:40  INFO       + MPC-25 (B, SMGs, BO7)
2026-06-02 09:44:40  INFO       + XR-3 Ion (B, Sniper Rifles, BO7)
2026-06-02 09:44:40  INFO       + TR2 (B, Marksman Rifles, BO6)
2026-06-02 09:44:40  INFO       + X9 Maverick (B, Assault Rifles, BO7)
2026-06-02 09:44:40  INFO       + Razor 9mm (B, SMGs, BO7)
2026-06-02 09:44:40  INFO       + Sokol 545 (B, LMGs, BO7)
2026-06-02 09:44:40  INFO       + LC10 (B, SMGs, BO6)
2026-06-02 09:44:40  INFO       + M8A1 (B, Marksman Rifles, BO7)
2026-06-02 09:44:40  INFO       + Swordfish A1 (B, Marksman Rifles, BO7)
2026-06-02 09:44:40  INFO       Totaal: 27 wapens
2026-06-02 09:44:40  INFO         OK: 27 wapens
2026-06-02 09:44:40  INFO     
[2/4] WZHUB Meta scrapen (wzhub.gg)...
2026-06-02 09:44:40  INFO       Browser openen: https://wzhub.gg/loadouts
2026-06-02 09:44:48  INFO       Pagina geladen — parsen...
2026-06-02 09:44:48  INFO       + Voyak Kt-3 (S, )
2026-06-02 09:44:48  INFO       + Vst (S, )
2026-06-02 09:44:48  INFO       + Ds20 Mirage (S, )
2026-06-02 09:44:48  INFO       + Strider 300 (S, )
2026-06-02 09:44:48  INFO       + Razor 9Mm (A, )
2026-06-02 09:44:48  INFO       + Dravec 45 (A, )
2026-06-02 09:44:48  INFO       + Egrt-17 (A, )
2026-06-02 09:44:48  INFO       + Sturmwolf 45 (A, )
2026-06-02 09:44:48  INFO       + Mk35 Isr (A, )
2026-06-02 09:44:48  INFO       + Hawker Hx (A, )
2026-06-02 09:44:48  INFO       + Kogot-7 (A, )
2026-06-02 09:44:48  INFO       + Vs Recon (A, )
2026-06-02 09:44:48  INFO       + Mk.78 (A, )
2026-06-02 09:44:48  INFO       Totaal: 13 wapens van wzhub.gg
2026-06-02 09:44:48  INFO         OK: 13 wapens
2026-06-02 09:44:48  INFO     
[3/4] RAW-data bouwen vanuit WZ Meta + WZHUB...
2026-06-02 09:44:48  INFO       RAW gebouwd: 27 wapens over 2 games
2026-06-02 09:44:48  INFO     
[4/4] Warzone Playlists scrapen (wzhub.gg/playlist/wz)...
2026-06-02 09:44:48  INFO       Ophalen: https://wzhub.gg/playlist/wz
2026-06-02 09:44:48  INFO       + BATTLE ROYALE (ltm=False, modes=1)
2026-06-02 09:44:48  INFO       + RESURGENCE (ltm=False, modes=3)
2026-06-02 09:44:48  INFO       + BATTLE ROYALE CASUAL (ltm=False, modes=1)
2026-06-02 09:44:48  INFO       + RESURGENCE CASUAL (ltm=False, modes=1)
2026-06-02 09:44:48  INFO       Totaal: 4 playlists, seizoen: 
2026-06-02 09:44:48  INFO         OK: 4 playlists
2026-06-02 09:44:48  INFO     
[5/5] HTML updaten...
2026-06-02 09:44:48  INFO       [MIGRATIE] HTML succesvol bijgewerkt
2026-06-02 09:44:48  INFO         OK: Bijgewerkt op 02/06/2026 09:44
2026-06-02 09:44:48  INFO     
BuitKing's Loadouts bijgewerkt!
2026-06-02 09:44:48  INFO     =======================================================
2026-06-03 10:15:01  INFO     =======================================================
2026-06-03 10:15:01  INFO     BuitKing's Loadout Updater gestart (v8 - geen TeeP)
2026-06-03 10:15:01  INFO     Datum: 03/06/2026 10:15
2026-06-03 10:15:01  INFO     
[1/4] WZ Meta scrapen (warzoneloadout.games)...
2026-06-03 10:15:01  INFO       Ophalen: https://warzoneloadout.games/warzone-meta/
2026-06-03 10:15:06  INFO       + MK.78 (S, LMGs, BO7)
2026-06-03 10:15:06  INFO       + Kogot-7 (S, SMGs, BO7)
2026-06-03 10:15:06  INFO       + Strider 300 (S, Sniper Rifles, BO7)
2026-06-03 10:15:06  INFO       + Voyak KT-3 (A, Assault Rifles, BO7)
2026-06-03 10:15:06  INFO       + DS20 Mirage (A, Assault Rifles, BO7)
2026-06-03 10:15:06  INFO       + VST (A, SMGs, BO7)
2026-06-03 10:15:06  INFO       + MXR-17 (A, Assault Rifles, BO7)
2026-06-03 10:15:06  INFO       + Hawker HX (A, Sniper Rifles, BO7)
2026-06-03 10:15:06  INFO       + EGRT-17 (A, Assault Rifles, BO7)
2026-06-03 10:15:06  INFO       + AK-27 (A, Assault Rifles, BO7)
2026-06-03 10:15:06  INFO       + VS Recon (A, Sniper Rifles, BO7)
2026-06-03 10:15:06  INFO       + Dravec 45 (A, SMGs, BO7)
2026-06-03 10:15:06  INFO       + Peacekeeper Mk1 (A, Assault Rifles, BO7)
2026-06-03 10:15:06  INFO       + Sturmwolf 45 (A, SMGs, BO7)
2026-06-03 10:15:06  INFO       + Ryden 45K (B, SMGs, BO7)
2026-06-03 10:15:06  INFO       + M15 Mod 0 (B, Assault Rifles, BO7)
2026-06-03 10:15:06  INFO       + REV-46 (B, SMGs, BO7)
2026-06-03 10:15:06  INFO       + MK35 ISR (B, Assault Rifles, BO7)
2026-06-03 10:15:06  INFO       + MPC-25 (B, SMGs, BO7)
2026-06-03 10:15:06  INFO       + XR-3 Ion (B, Sniper Rifles, BO7)
2026-06-03 10:15:06  INFO       + TR2 (B, Marksman Rifles, BO6)
2026-06-03 10:15:06  INFO       + X9 Maverick (B, Assault Rifles, BO7)
2026-06-03 10:15:06  INFO       + Razor 9mm (B, SMGs, BO7)
2026-06-03 10:15:06  INFO       + Sokol 545 (B, LMGs, BO7)
2026-06-03 10:15:06  INFO       + LC10 (B, SMGs, BO6)
2026-06-03 10:15:06  INFO       + M8A1 (B, Marksman Rifles, BO7)
2026-06-03 10:15:06  INFO       + Swordfish A1 (B, Marksman Rifles, BO7)
2026-06-03 10:15:06  INFO       Totaal: 27 wapens
2026-06-03 10:15:06  INFO         OK: 27 wapens
2026-06-03 10:15:06  INFO     
[2/4] WZHUB Meta scrapen (wzhub.gg)...
2026-06-03 10:15:06  INFO       Browser openen: https://wzhub.gg/loadouts
2026-06-03 10:15:36  WARNING    [FOUT] Playwright: Page.goto: Timeout 30000ms exceeded.
Call log:
  - navigating to "https://wzhub.gg/loadouts", waiting until "networkidle"

2026-06-03 10:15:36  INFO       Totaal: 0 wapens van wzhub.gg
2026-06-03 10:15:36  INFO         OK: 0 wapens
2026-06-03 10:15:36  INFO     
[3/4] RAW-data bouwen vanuit WZ Meta + WZHUB...
2026-06-03 10:15:36  INFO       RAW gebouwd: 27 wapens over 2 games
2026-06-03 10:15:36  INFO     
[4/4] Warzone Playlists scrapen (wzhub.gg/playlist/wz)...
2026-06-03 10:15:36  INFO       Ophalen: https://wzhub.gg/playlist/wz
2026-06-03 10:15:37  INFO       + BATTLE ROYALE (ltm=False, modes=1)
2026-06-03 10:15:37  INFO       + RESURGENCE (ltm=False, modes=3)
2026-06-03 10:15:37  INFO       + BATTLE ROYALE CASUAL (ltm=False, modes=1)
2026-06-03 10:15:37  INFO       + RESURGENCE CASUAL (ltm=False, modes=1)
2026-06-03 10:15:37  INFO       Totaal: 4 playlists, seizoen: 
2026-06-03 10:15:37  INFO         OK: 4 playlists
2026-06-03 10:15:37  INFO     
[5/5] HTML updaten...
2026-06-03 10:15:37  INFO       [MIGRATIE] HTML succesvol bijgewerkt
2026-06-03 10:15:37  WARNING    [WAARSCHUWING] WZHUB leeg -- bestaande data behouden
2026-06-03 10:15:37  INFO         OK: Bijgewerkt op 03/06/2026 10:15
2026-06-03 10:15:37  INFO     
BuitKing's Loadouts bijgewerkt!
2026-06-03 10:15:37  INFO     =======================================================
2026-06-04 09:07:11  INFO     =======================================================
2026-06-04 09:07:11  INFO     BuitKing's Loadout Updater gestart (v8 - geen TeeP)
2026-06-04 09:07:11  INFO     Datum: 04/06/2026 09:07
2026-06-04 09:07:11  INFO     
[1/4] WZ Meta scrapen (warzoneloadout.games)...
2026-06-04 09:07:11  INFO       Ophalen: https://warzoneloadout.games/warzone-meta/
2026-06-04 09:07:15  INFO       + MK.78 (S, LMGs, BO7)
2026-06-04 09:07:15  INFO       + Kogot-7 (S, SMGs, BO7)
2026-06-04 09:07:15  INFO       + Strider 300 (S, Sniper Rifles, BO7)
2026-06-04 09:07:15  INFO       + Voyak KT-3 (A, Assault Rifles, BO7)
2026-06-04 09:07:15  INFO       + DS20 Mirage (A, Assault Rifles, BO7)
2026-06-04 09:07:15  INFO       + VST (A, SMGs, BO7)
2026-06-04 09:07:15  INFO       + MXR-17 (A, Assault Rifles, BO7)
2026-06-04 09:07:15  INFO       + Hawker HX (A, Sniper Rifles, BO7)
2026-06-04 09:07:15  INFO       + EGRT-17 (A, Assault Rifles, BO7)
2026-06-04 09:07:15  INFO       + AK-27 (A, Assault Rifles, BO7)
2026-06-04 09:07:15  INFO       + VS Recon (A, Sniper Rifles, BO7)
2026-06-04 09:07:15  INFO       + Dravec 45 (A, SMGs, BO7)
2026-06-04 09:07:15  INFO       + Peacekeeper Mk1 (A, Assault Rifles, BO7)
2026-06-04 09:07:15  INFO       + Sturmwolf 45 (A, SMGs, BO7)
2026-06-04 09:07:15  INFO       + Ryden 45K (B, SMGs, BO7)
2026-06-04 09:07:15  INFO       + M15 Mod 0 (B, Assault Rifles, BO7)
2026-06-04 09:07:15  INFO       + REV-46 (B, SMGs, BO7)
2026-06-04 09:07:15  INFO       + MK35 ISR (B, Assault Rifles, BO7)
2026-06-04 09:07:15  INFO       + MPC-25 (B, SMGs, BO7)
2026-06-04 09:07:15  INFO       + XR-3 Ion (B, Sniper Rifles, BO7)
2026-06-04 09:07:15  INFO       + TR2 (B, Marksman Rifles, BO6)
2026-06-04 09:07:15  INFO       + X9 Maverick (B, Assault Rifles, BO7)
2026-06-04 09:07:15  INFO       + Razor 9mm (B, SMGs, BO7)
2026-06-04 09:07:15  INFO       + Sokol 545 (B, LMGs, BO7)
2026-06-04 09:07:15  INFO       + LC10 (B, SMGs, BO6)
2026-06-04 09:07:15  INFO       + M8A1 (B, Marksman Rifles, BO7)
2026-06-04 09:07:15  INFO       + Swordfish A1 (B, Marksman Rifles, BO7)
2026-06-04 09:07:15  INFO       Totaal: 27 wapens
2026-06-04 09:07:15  INFO         OK: 27 wapens
2026-06-04 09:07:15  INFO     
[2/4] WZHUB Meta scrapen (wzhub.gg)...
2026-06-04 09:07:15  INFO       Browser openen: https://wzhub.gg/loadouts
2026-06-04 09:07:22  INFO       Pagina geladen — parsen...
2026-06-04 09:07:23  INFO       + Voyak Kt-3 (S, )
2026-06-04 09:07:23  INFO       + Vst (S, )
2026-06-04 09:07:23  INFO       + Ds20 Mirage (S, )
2026-06-04 09:07:23  INFO       + Strider 300 (S, )
2026-06-04 09:07:23  INFO       + Razor 9Mm (A, )
2026-06-04 09:07:23  INFO       + Dravec 45 (A, )
2026-06-04 09:07:23  INFO       + Egrt-17 (A, )
2026-06-04 09:07:23  INFO       + Sturmwolf 45 (A, )
2026-06-04 09:07:23  INFO       + Mk35 Isr (A, )
2026-06-04 09:07:23  INFO       + Hawker Hx (A, )
2026-06-04 09:07:23  INFO       + Kogot-7 (A, )
2026-06-04 09:07:23  INFO       + Vs Recon (A, )
2026-06-04 09:07:23  INFO       + Mk.78 (A, )
2026-06-04 09:07:23  INFO       Totaal: 13 wapens van wzhub.gg
2026-06-04 09:07:23  INFO         OK: 13 wapens
2026-06-04 09:07:23  INFO     
[3/4] RAW-data bouwen vanuit WZ Meta + WZHUB...
2026-06-04 09:07:23  INFO       RAW gebouwd: 27 wapens over 2 games
2026-06-04 09:07:23  INFO     
[4/4] Warzone Playlists scrapen (wzhub.gg/playlist/wz)...
2026-06-04 09:07:23  INFO       Ophalen: https://wzhub.gg/playlist/wz
2026-06-04 09:07:23  INFO       + BATTLE ROYALE (ltm=False, modes=1)
2026-06-04 09:07:23  INFO       + RESURGENCE (ltm=False, modes=3)
2026-06-04 09:07:23  INFO       + BATTLE ROYALE CASUAL (ltm=False, modes=1)
2026-06-04 09:07:23  INFO       + RESURGENCE CASUAL (ltm=False, modes=1)
2026-06-04 09:07:23  INFO       Totaal: 4 playlists, seizoen: 
2026-06-04 09:07:23  INFO         OK: 4 playlists
2026-06-04 09:07:23  INFO     
[5/5] HTML updaten...
2026-06-04 09:07:23  INFO       [MIGRATIE] HTML succesvol bijgewerkt
2026-06-04 09:07:23  INFO         OK: Bijgewerkt op 04/06/2026 09:07
2026-06-04 09:07:23  INFO     
BuitKing's Loadouts bijgewerkt!
2026-06-04 09:07:23  INFO     =======================================================
2026-06-05 08:54:30  INFO     =======================================================
2026-06-05 08:54:30  INFO     BuitKing's Loadout Updater gestart (v8 - geen TeeP)
2026-06-05 08:54:30  INFO     Datum: 05/06/2026 08:54
2026-06-05 08:54:30  INFO     
[1/4] WZ Meta scrapen (warzoneloadout.games)...
2026-06-05 08:54:30  INFO       Ophalen: https://warzoneloadout.games/warzone-meta/
2026-06-05 08:54:31  INFO       + MXR-17 (S, Assault Rifles, BO7)
2026-06-05 08:54:31  INFO       + DS20 Mirage (S, Assault Rifles, BO7)
2026-06-05 08:54:31  INFO       + Dravec 45 (S, SMGs, BO7)
2026-06-05 08:54:31  INFO       + Strider 300 (S, Sniper Rifles, BO7)
2026-06-05 08:54:31  INFO       + MPC-25 (A, SMGs, BO7)
2026-06-05 08:54:31  INFO       + AK-27 (A, Assault Rifles, BO7)
2026-06-05 08:54:31  INFO       + Hawker HX (A, Sniper Rifles, BO7)
2026-06-05 08:54:31  INFO       + Voyak KT-3 (A, Assault Rifles, BO7)
2026-06-05 08:54:31  INFO       + VS Recon (A, Sniper Rifles, BO7)
2026-06-05 08:54:31  INFO       + Kogot-7 (A, SMGs, BO7)
2026-06-05 08:54:31  INFO       + Peacekeeper Mk1 (A, Assault Rifles, BO7)
2026-06-05 08:54:31  INFO       + EGRT-17 (A, Assault Rifles, BO7)
2026-06-05 08:54:31  INFO       + M15 Mod 0 (B, Assault Rifles, BO7)
2026-06-05 08:54:31  INFO       + REV-46 (B, SMGs, BO7)
2026-06-05 08:54:31  INFO       + MK35 ISR (B, Assault Rifles, BO7)
2026-06-05 08:54:31  INFO       + VST (B, SMGs, BO7)
2026-06-05 08:54:31  INFO       + XR-3 Ion (B, Sniper Rifles, BO7)
2026-06-05 08:54:31  INFO       + Sturmwolf 45 (B, SMGs, BO7)
2026-06-05 08:54:31  INFO       + TR2 (B, Marksman Rifles, BO6)
2026-06-05 08:54:31  INFO       + X9 Maverick (B, Assault Rifles, BO7)
2026-06-05 08:54:31  INFO       + Razor 9mm (B, SMGs, BO7)
2026-06-05 08:54:31  INFO       + Ryden 45K (B, SMGs, BO7)
2026-06-05 08:54:31  INFO       + Sokol 545 (B, LMGs, BO7)
2026-06-05 08:54:31  INFO       + CBRS-3 (B, SMGs, BO7)
2026-06-05 08:54:31  INFO       + LC10 (B, SMGs, BO6)
2026-06-05 08:54:31  INFO       + M8A1 (B, Marksman Rifles, BO7)
2026-06-05 08:54:31  INFO       + Swordfish A1 (B, Marksman Rifles, BO7)
2026-06-05 08:54:31  INFO       Totaal: 27 wapens
2026-06-05 08:54:31  INFO         OK: 27 wapens
2026-06-05 08:54:31  INFO     
[2/4] WZHUB Meta scrapen (wzhub.gg)...
2026-06-05 08:54:31  INFO       Browser openen: https://wzhub.gg/loadouts
2026-06-05 08:55:02  WARNING    [FOUT] Playwright: Page.goto: Timeout 30000ms exceeded.
Call log:
  - navigating to "https://wzhub.gg/loadouts", waiting until "networkidle"

2026-06-05 08:55:02  INFO       Totaal: 0 wapens van wzhub.gg
2026-06-05 08:55:02  INFO         OK: 0 wapens
2026-06-05 08:55:02  INFO     
[3/4] RAW-data bouwen vanuit WZ Meta + WZHUB...
2026-06-05 08:55:02  INFO       RAW gebouwd: 27 wapens over 2 games
2026-06-05 08:55:02  INFO     
[4/4] Warzone Playlists scrapen (wzhub.gg/playlist/wz)...
2026-06-05 08:55:02  INFO       Ophalen: https://wzhub.gg/playlist/wz
2026-06-05 08:55:02  INFO       + RESURGENCE (ltm=False, modes=3)
2026-06-05 08:55:02  INFO       + BATTLE ROYALE (ltm=False, modes=2)
2026-06-05 08:55:02  INFO       + RANKED: RESURGENCE (ltm=False, modes=1)
2026-06-05 08:55:02  INFO       + RESURGENCE CASUAL (ltm=False, modes=1)
2026-06-05 08:55:02  INFO       + BATTLE ROYALE CASUAL (ltm=False, modes=1)
2026-06-05 08:55:02  INFO       Totaal: 5 playlists, seizoen: 
2026-06-05 08:55:02  INFO         OK: 5 playlists
2026-06-05 08:55:02  INFO     
[5/5] HTML updaten...
2026-06-05 08:55:02  INFO       [MIGRATIE] HTML succesvol bijgewerkt
2026-06-05 08:55:02  WARNING    [WAARSCHUWING] WZHUB leeg -- bestaande data behouden
2026-06-05 08:55:02  INFO         OK: Bijgewerkt op 05/06/2026 08:54
2026-06-05 08:55:02  INFO     
BuitKing's Loadouts bijgewerkt!
2026-06-05 08:55:02  INFO     =======================================================
2026-06-06 08:04:48  INFO     =======================================================
2026-06-06 08:04:48  INFO     BuitKing's Loadout Updater gestart (v8 - geen TeeP)
2026-06-06 08:04:48  INFO     Datum: 06/06/2026 08:04
2026-06-06 08:04:48  INFO     
[1/4] WZ Meta scrapen (warzoneloadout.games)...
2026-06-06 08:04:48  INFO       Ophalen: https://warzoneloadout.games/warzone-meta/
2026-06-06 08:04:52  INFO       + MXR-17 (S, Assault Rifles, BO7)
2026-06-06 08:04:52  INFO       + DS20 Mirage (S, Assault Rifles, BO7)
2026-06-06 08:04:52  INFO       + Dravec 45 (S, SMGs, BO7)
2026-06-06 08:04:52  INFO       + MPC-25 (S, SMGs, BO7)
2026-06-06 08:04:52  INFO       + Strider 300 (S, Sniper Rifles, BO7)
2026-06-06 08:04:52  INFO       + AK-27 (A, Assault Rifles, BO7)
2026-06-06 08:04:52  INFO       + Hawker HX (A, Sniper Rifles, BO7)
2026-06-06 08:04:52  INFO       + Voyak KT-3 (A, Assault Rifles, BO7)
2026-06-06 08:04:52  INFO       + VS Recon (A, Sniper Rifles, BO7)
2026-06-06 08:04:52  INFO       + Kogot-7 (A, SMGs, BO7)
2026-06-06 08:04:52  INFO       + Peacekeeper Mk1 (A, Assault Rifles, BO7)
2026-06-06 08:04:52  INFO       + EGRT-17 (A, Assault Rifles, BO7)
2026-06-06 08:04:52  INFO       + M15 Mod 0 (B, Assault Rifles, BO7)
2026-06-06 08:04:52  INFO       + REV-46 (B, SMGs, BO7)
2026-06-06 08:04:52  INFO       + MK35 ISR (B, Assault Rifles, BO7)
2026-06-06 08:04:52  INFO       + VST (B, SMGs, BO7)
2026-06-06 08:04:52  INFO       + XR-3 Ion (B, Sniper Rifles, BO7)
2026-06-06 08:04:52  INFO       + Sturmwolf 45 (B, SMGs, BO7)
2026-06-06 08:04:52  INFO       + TR2 (B, Marksman Rifles, BO6)
2026-06-06 08:04:52  INFO       + X9 Maverick (B, Assault Rifles, BO7)
2026-06-06 08:04:52  INFO       + Razor 9mm (B, SMGs, BO7)
2026-06-06 08:04:52  INFO       + Ryden 45K (B, SMGs, BO7)
2026-06-06 08:04:52  INFO       + Sokol 545 (B, LMGs, BO7)
2026-06-06 08:04:52  INFO       + CBRS-3 (B, SMGs, BO7)
2026-06-06 08:04:52  INFO       + LC10 (B, SMGs, BO6)
2026-06-06 08:04:52  INFO       + M8A1 (B, Marksman Rifles, BO7)
2026-06-06 08:04:52  INFO       + Swordfish A1 (B, Marksman Rifles, BO7)
2026-06-06 08:04:52  INFO       Totaal: 27 wapens
2026-06-06 08:04:52  INFO         OK: 27 wapens
2026-06-06 08:04:52  INFO     
[2/4] WZHUB Meta scrapen (wzhub.gg)...
2026-06-06 08:04:52  INFO       Browser openen: https://wzhub.gg/loadouts
2026-06-06 08:05:01  INFO       Pagina geladen — parsen...
2026-06-06 08:05:01  INFO       + Voyak Kt-3 (S, )
2026-06-06 08:05:01  INFO       + Vst (S, )
2026-06-06 08:05:01  INFO       + Ds20 Mirage (S, )
2026-06-06 08:05:01  INFO       + Strider 300 (S, )
2026-06-06 08:05:01  INFO       + Razor 9Mm (A, )
2026-06-06 08:05:01  INFO       + Dravec 45 (A, )
2026-06-06 08:05:01  INFO       + Egrt-17 (A, )
2026-06-06 08:05:01  INFO       + Sturmwolf 45 (A, )
2026-06-06 08:05:01  INFO       + Mk35 Isr (A, )
2026-06-06 08:05:01  INFO       + Hawker Hx (A, )
2026-06-06 08:05:01  INFO       + Kogot-7 (A, )
2026-06-06 08:05:01  INFO       + Vs Recon (A, )
2026-06-06 08:05:01  INFO       + Mk.78 (A, )
2026-06-06 08:05:01  INFO       Totaal: 13 wapens van wzhub.gg
2026-06-06 08:05:01  INFO         OK: 13 wapens
2026-06-06 08:05:01  INFO     
[3/4] RAW-data bouwen vanuit WZ Meta + WZHUB...
2026-06-06 08:05:01  INFO       + WZHUB-only wapen: Mk.78 (LMGs)
2026-06-06 08:05:01  INFO       RAW gebouwd: 28 wapens over 2 games
2026-06-06 08:05:01  INFO     
[4/4] Warzone Playlists scrapen (wzhub.gg/playlist/wz)...
2026-06-06 08:05:01  INFO       Ophalen: https://wzhub.gg/playlist/wz
2026-06-06 08:05:01  INFO       + RESURGENCE (ltm=False, modes=3)
2026-06-06 08:05:01  INFO       + BATTLE ROYALE (ltm=False, modes=2)
2026-06-06 08:05:01  INFO       + RANKED: RESURGENCE (ltm=False, modes=1)
2026-06-06 08:05:01  INFO       + RESURGENCE CASUAL (ltm=False, modes=1)
2026-06-06 08:05:01  INFO       + BATTLE ROYALE CASUAL (ltm=False, modes=1)
2026-06-06 08:05:01  INFO       Totaal: 5 playlists, seizoen: 
2026-06-06 08:05:01  INFO         OK: 5 playlists
2026-06-06 08:05:01  INFO     
[5/5] HTML updaten...
2026-06-06 08:05:01  INFO       [MIGRATIE] HTML succesvol bijgewerkt
2026-06-06 08:05:01  INFO         OK: Bijgewerkt op 06/06/2026 08:04
2026-06-06 08:05:01  INFO     
BuitKing's Loadouts bijgewerkt!
2026-06-06 08:05:01  INFO     =======================================================
2026-06-07 08:32:05  INFO     =======================================================
2026-06-07 08:32:05  INFO     BuitKing's Loadout Updater gestart (v8 - geen TeeP)
2026-06-07 08:32:05  INFO     Datum: 07/06/2026 08:32
2026-06-07 08:32:05  INFO     
[1/4] WZ Meta scrapen (warzoneloadout.games)...
2026-06-07 08:32:05  INFO       Ophalen: https://warzoneloadout.games/warzone-meta/
2026-06-07 08:32:10  INFO       + MXR-17 (S, Assault Rifles, BO7)
2026-06-07 08:32:10  INFO       + DS20 Mirage (S, Assault Rifles, BO7)
2026-06-07 08:32:10  INFO       + Dravec 45 (S, SMGs, BO7)
2026-06-07 08:32:10  INFO       + MPC-25 (S, SMGs, BO7)
2026-06-07 08:32:10  INFO       + Strider 300 (S, Sniper Rifles, BO7)
2026-06-07 08:32:10  INFO       + AK-27 (A, Assault Rifles, BO7)
2026-06-07 08:32:10  INFO       + Hawker HX (A, Sniper Rifles, BO7)
2026-06-07 08:32:10  INFO       + Voyak KT-3 (A, Assault Rifles, BO7)
2026-06-07 08:32:10  INFO       + VS Recon (A, Sniper Rifles, BO7)
2026-06-07 08:32:10  INFO       + Kogot-7 (A, SMGs, BO7)
2026-06-07 08:32:10  INFO       + Peacekeeper Mk1 (A, Assault Rifles, BO7)
2026-06-07 08:32:10  INFO       + EGRT-17 (A, Assault Rifles, BO7)
2026-06-07 08:32:10  INFO       + M15 Mod 0 (B, Assault Rifles, BO7)
2026-06-07 08:32:10  INFO       + REV-46 (B, SMGs, BO7)
2026-06-07 08:32:10  INFO       + MK35 ISR (B, Assault Rifles, BO7)
2026-06-07 08:32:10  INFO       + VST (B, SMGs, BO7)
2026-06-07 08:32:10  INFO       + XR-3 Ion (B, Sniper Rifles, BO7)
2026-06-07 08:32:10  INFO       + Sturmwolf 45 (B, SMGs, BO7)
2026-06-07 08:32:10  INFO       + TR2 (B, Marksman Rifles, BO6)
2026-06-07 08:32:10  INFO       + X9 Maverick (B, Assault Rifles, BO7)
2026-06-07 08:32:10  INFO       + Razor 9mm (B, SMGs, BO7)
2026-06-07 08:32:10  INFO       + Ryden 45K (B, SMGs, BO7)
2026-06-07 08:32:10  INFO       + Sokol 545 (B, LMGs, BO7)
2026-06-07 08:32:10  INFO       + CBRS-3 (B, SMGs, BO7)
2026-06-07 08:32:10  INFO       + LC10 (B, SMGs, BO6)
2026-06-07 08:32:10  INFO       + M8A1 (B, Marksman Rifles, BO7)
2026-06-07 08:32:10  INFO       + Swordfish A1 (B, Marksman Rifles, BO7)
2026-06-07 08:32:10  INFO       Totaal: 27 wapens
2026-06-07 08:32:10  INFO         OK: 27 wapens
2026-06-07 08:32:10  INFO     
[2/4] WZHUB Meta scrapen (wzhub.gg)...
2026-06-07 08:32:10  INFO       Browser openen: https://wzhub.gg/loadouts
2026-06-07 08:32:13  INFO       Pagina geladen — parsen...
2026-06-07 08:32:13  INFO       + Voyak Kt-3 (S, )
2026-06-07 08:32:13  INFO       + Vst (S, )
2026-06-07 08:32:13  INFO       + Ds20 Mirage (S, )
2026-06-07 08:32:13  INFO       + Strider 300 (S, )
2026-06-07 08:32:13  INFO       + Razor 9Mm (A, )
2026-06-07 08:32:13  INFO       + Dravec 45 (A, )
2026-06-07 08:32:13  INFO       + Egrt-17 (A, )
2026-06-07 08:32:13  INFO       + Sturmwolf 45 (A, )
2026-06-07 08:32:13  INFO       + Mk35 Isr (A, )
2026-06-07 08:32:13  INFO       + Hawker Hx (A, )
2026-06-07 08:32:13  INFO       + Kogot-7 (A, )
2026-06-07 08:32:13  INFO       + Vs Recon (A, )
2026-06-07 08:32:13  INFO       + Mk.78 (A, )
2026-06-07 08:32:13  INFO       Totaal: 13 wapens van wzhub.gg
2026-06-07 08:32:13  INFO         OK: 13 wapens
2026-06-07 08:32:13  INFO     
[3/4] RAW-data bouwen vanuit WZ Meta + WZHUB...
2026-06-07 08:32:13  INFO       + WZHUB-only wapen: Mk.78 (LMGs)
2026-06-07 08:32:13  INFO       RAW gebouwd: 28 wapens over 2 games
2026-06-07 08:32:13  INFO     
[4/4] Warzone Playlists scrapen (wzhub.gg/playlist/wz)...
2026-06-07 08:32:13  INFO       Ophalen: https://wzhub.gg/playlist/wz
2026-06-07 08:32:14  INFO       + RESURGENCE (ltm=False, modes=3)
2026-06-07 08:32:14  INFO       + BATTLE ROYALE (ltm=False, modes=2)
2026-06-07 08:32:14  INFO       + RANKED: RESURGENCE (ltm=False, modes=1)
2026-06-07 08:32:14  INFO       + RESURGENCE CASUAL (ltm=False, modes=1)
2026-06-07 08:32:14  INFO       + BATTLE ROYALE CASUAL (ltm=False, modes=1)
2026-06-07 08:32:14  INFO       Totaal: 5 playlists, seizoen: 
2026-06-07 08:32:14  INFO         OK: 5 playlists
2026-06-07 08:32:14  INFO     
[5/5] HTML updaten...
2026-06-07 08:32:14  INFO       [MIGRATIE] HTML succesvol bijgewerkt
2026-06-07 08:32:14  INFO         OK: Bijgewerkt op 07/06/2026 08:32
2026-06-07 08:32:14  INFO     
BuitKing's Loadouts bijgewerkt!
2026-06-07 08:32:14  INFO     =======================================================
2026-06-08 09:58:45  INFO     =======================================================
2026-06-08 09:58:45  INFO     BuitKing's Loadout Updater gestart (v8 - geen TeeP)
2026-06-08 09:58:45  INFO     Datum: 08/06/2026 09:58
2026-06-08 09:58:45  INFO     
[1/4] WZ Meta scrapen (warzoneloadout.games)...
2026-06-08 09:58:45  INFO       Ophalen: https://warzoneloadout.games/warzone-meta/
2026-06-08 09:58:49  INFO       + MXR-17 (S, Assault Rifles, BO7)
2026-06-08 09:58:49  INFO       + DS20 Mirage (S, Assault Rifles, BO7)
2026-06-08 09:58:49  INFO       + Dravec 45 (S, SMGs, BO7)
2026-06-08 09:58:49  INFO       + MPC-25 (S, SMGs, BO7)
2026-06-08 09:58:49  INFO       + Strider 300 (S, Sniper Rifles, BO7)
2026-06-08 09:58:49  INFO       + AK-27 (A, Assault Rifles, BO7)
2026-06-08 09:58:49  INFO       + Hawker HX (A, Sniper Rifles, BO7)
2026-06-08 09:58:49  INFO       + Voyak KT-3 (A, Assault Rifles, BO7)
2026-06-08 09:58:49  INFO       + VS Recon (A, Sniper Rifles, BO7)
2026-06-08 09:58:49  INFO       + Kogot-7 (A, SMGs, BO7)
2026-06-08 09:58:49  INFO       + Peacekeeper Mk1 (A, Assault Rifles, BO7)
2026-06-08 09:58:49  INFO       + EGRT-17 (A, Assault Rifles, BO7)
2026-06-08 09:58:49  INFO       + M15 Mod 0 (B, Assault Rifles, BO7)
2026-06-08 09:58:49  INFO       + REV-46 (B, SMGs, BO7)
2026-06-08 09:58:49  INFO       + MK35 ISR (B, Assault Rifles, BO7)
2026-06-08 09:58:49  INFO       + VST (B, SMGs, BO7)
2026-06-08 09:58:49  INFO       + XR-3 Ion (B, Sniper Rifles, BO7)
2026-06-08 09:58:49  INFO       + Sturmwolf 45 (B, SMGs, BO7)
2026-06-08 09:58:49  INFO       + TR2 (B, Marksman Rifles, BO6)
2026-06-08 09:58:49  INFO       + X9 Maverick (B, Assault Rifles, BO7)
2026-06-08 09:58:49  INFO       + Razor 9mm (B, SMGs, BO7)
2026-06-08 09:58:49  INFO       + Ryden 45K (B, SMGs, BO7)
2026-06-08 09:58:49  INFO       + Sokol 545 (B, LMGs, BO7)
2026-06-08 09:58:49  INFO       + CBRS-3 (B, SMGs, BO7)
2026-06-08 09:58:49  INFO       + LC10 (B, SMGs, BO6)
2026-06-08 09:58:49  INFO       + M8A1 (B, Marksman Rifles, BO7)
2026-06-08 09:58:49  INFO       + Swordfish A1 (B, Marksman Rifles, BO7)
2026-06-08 09:58:49  INFO       Totaal: 27 wapens
2026-06-08 09:58:49  INFO         OK: 27 wapens
2026-06-08 09:58:49  INFO     
[2/4] WZHUB Meta scrapen (wzhub.gg)...
2026-06-08 09:58:50  INFO       Browser openen: https://wzhub.gg/loadouts
2026-06-08 09:58:57  INFO       Pagina geladen — parsen...
2026-06-08 09:58:58  INFO       + Voyak Kt-3 (S, )
2026-06-08 09:58:58  INFO       + Vst (S, )
2026-06-08 09:58:58  INFO       + Ds20 Mirage (S, )
2026-06-08 09:58:58  INFO       + Strider 300 (S, )
2026-06-08 09:58:58  INFO       + Razor 9Mm (A, )
2026-06-08 09:58:58  INFO       + Dravec 45 (A, )
2026-06-08 09:58:58  INFO       + Egrt-17 (A, )
2026-06-08 09:58:58  INFO       + Sturmwolf 45 (A, )
2026-06-08 09:58:58  INFO       + Mk35 Isr (A, )
2026-06-08 09:58:58  INFO       + Hawker Hx (A, )
2026-06-08 09:58:58  INFO       + Kogot-7 (A, )
2026-06-08 09:58:58  INFO       + Vs Recon (A, )
2026-06-08 09:58:58  INFO       + Mk.78 (A, )
2026-06-08 09:58:58  INFO       Totaal: 13 wapens van wzhub.gg
2026-06-08 09:58:58  INFO         OK: 13 wapens
2026-06-08 09:58:58  INFO     
[3/4] RAW-data bouwen vanuit WZ Meta + WZHUB...
2026-06-08 09:58:58  INFO       + WZHUB-only wapen: Mk.78 (LMGs)
2026-06-08 09:58:58  INFO       RAW gebouwd: 28 wapens over 2 games
2026-06-08 09:58:58  INFO     
[4/4] Warzone Playlists scrapen (wzhub.gg/playlist/wz)...
2026-06-08 09:58:58  INFO       Ophalen: https://wzhub.gg/playlist/wz
2026-06-08 09:58:58  INFO       + RESURGENCE (ltm=False, modes=3)
2026-06-08 09:58:58  INFO       + BATTLE ROYALE (ltm=False, modes=2)
2026-06-08 09:58:58  INFO       + RANKED: RESURGENCE (ltm=False, modes=1)
2026-06-08 09:58:58  INFO       + RESURGENCE CASUAL (ltm=False, modes=1)
2026-06-08 09:58:58  INFO       + BATTLE ROYALE CASUAL (ltm=False, modes=1)
2026-06-08 09:58:58  INFO       Totaal: 5 playlists, seizoen: 
2026-06-08 09:58:58  INFO         OK: 5 playlists
2026-06-08 09:58:58  INFO     
[5/5] HTML updaten...
2026-06-08 09:58:58  INFO       [MIGRATIE] HTML succesvol bijgewerkt
2026-06-08 09:58:58  INFO         OK: Bijgewerkt op 08/06/2026 09:58
2026-06-08 09:58:58  INFO     
BuitKing's Loadouts bijgewerkt!
2026-06-08 09:58:58  INFO     =======================================================
2026-06-09 08:44:07  INFO     =======================================================
2026-06-09 08:44:07  INFO     BuitKing's Loadout Updater gestart (v8 - geen TeeP)
2026-06-09 08:44:07  INFO     Datum: 09/06/2026 08:44
2026-06-09 08:44:07  INFO     
[1/4] WZ Meta scrapen (warzoneloadout.games)...
2026-06-09 08:44:07  INFO       Ophalen: https://warzoneloadout.games/warzone-meta/
2026-06-09 08:44:12  INFO       + MXR-17 (S, Assault Rifles, BO7)
2026-06-09 08:44:12  INFO       + DS20 Mirage (S, Assault Rifles, BO7)
2026-06-09 08:44:12  INFO       + Dravec 45 (S, SMGs, BO7)
2026-06-09 08:44:12  INFO       + Strider 300 (S, Sniper Rifles, BO7)
2026-06-09 08:44:12  INFO       + MPC-25 (A, SMGs, BO7)
2026-06-09 08:44:12  INFO       + AK-27 (A, Assault Rifles, BO7)
2026-06-09 08:44:12  INFO       + Hawker HX (A, Sniper Rifles, BO7)
2026-06-09 08:44:12  INFO       + Voyak KT-3 (A, Assault Rifles, BO7)
2026-06-09 08:44:12  INFO       + VS Recon (A, Sniper Rifles, BO7)
2026-06-09 08:44:12  INFO       + Kogot-7 (A, SMGs, BO7)
2026-06-09 08:44:12  INFO       + Peacekeeper Mk1 (A, Assault Rifles, BO7)
2026-06-09 08:44:12  INFO       + EGRT-17 (A, Assault Rifles, BO7)
2026-06-09 08:44:12  INFO       + M15 Mod 0 (B, Assault Rifles, BO7)
2026-06-09 08:44:12  INFO       + REV-46 (B, SMGs, BO7)
2026-06-09 08:44:12  INFO       + MK35 ISR (B, Assault Rifles, BO7)
2026-06-09 08:44:12  INFO       + VST (B, SMGs, BO7)
2026-06-09 08:44:12  INFO       + XR-3 Ion (B, Sniper Rifles, BO7)
2026-06-09 08:44:12  INFO       + Sturmwolf 45 (B, SMGs, BO7)
2026-06-09 08:44:12  INFO       + TR2 (B, Marksman Rifles, BO6)
2026-06-09 08:44:12  INFO       + X9 Maverick (B, Assault Rifles, BO7)
2026-06-09 08:44:12  INFO       + Razor 9mm (B, SMGs, BO7)
2026-06-09 08:44:12  INFO       + Ryden 45K (B, SMGs, BO7)
2026-06-09 08:44:12  INFO       + Sokol 545 (B, LMGs, BO7)
2026-06-09 08:44:12  INFO       + CBRS-3 (B, SMGs, BO7)
2026-06-09 08:44:12  INFO       + LC10 (B, SMGs, BO6)
2026-06-09 08:44:12  INFO       + M8A1 (B, Marksman Rifles, BO7)
2026-06-09 08:44:12  INFO       + Swordfish A1 (B, Marksman Rifles, BO7)
2026-06-09 08:44:12  INFO       Totaal: 27 wapens
2026-06-09 08:44:12  INFO         OK: 27 wapens
2026-06-09 08:44:12  INFO     
[2/4] WZHUB Meta scrapen (wzhub.gg)...
2026-06-09 08:44:12  INFO       Browser openen: https://wzhub.gg/loadouts
2026-06-09 08:44:21  INFO       Pagina geladen — parsen...
2026-06-09 08:44:22  INFO       + Voyak Kt-3 (S, )
2026-06-09 08:44:22  INFO       + Vst (S, )
2026-06-09 08:44:22  INFO       + Ds20 Mirage (S, )
2026-06-09 08:44:22  INFO       + Strider 300 (S, )
2026-06-09 08:44:22  INFO       + Razor 9Mm (A, )
2026-06-09 08:44:22  INFO       + Dravec 45 (A, )
2026-06-09 08:44:22  INFO       + Egrt-17 (A, )
2026-06-09 08:44:22  INFO       + Sturmwolf 45 (A, )
2026-06-09 08:44:22  INFO       + Mk35 Isr (A, )
2026-06-09 08:44:22  INFO       + Hawker Hx (A, )
2026-06-09 08:44:22  INFO       + Kogot-7 (A, )
2026-06-09 08:44:22  INFO       + Vs Recon (A, )
2026-06-09 08:44:22  INFO       + Mk.78 (A, )
2026-06-09 08:44:22  INFO       Totaal: 13 wapens van wzhub.gg
2026-06-09 08:44:22  INFO         OK: 13 wapens
2026-06-09 08:44:22  INFO     
[3/4] RAW-data bouwen vanuit WZ Meta + WZHUB...
2026-06-09 08:44:22  INFO       + WZHUB-only wapen: Mk.78 (LMGs)
2026-06-09 08:44:22  INFO       RAW gebouwd: 28 wapens over 2 games
2026-06-09 08:44:22  INFO     
[4/4] Warzone Playlists scrapen (wzhub.gg/playlist/wz)...
2026-06-09 08:44:22  INFO       Ophalen: https://wzhub.gg/playlist/wz
2026-06-09 08:44:22  INFO       + RESURGENCE (ltm=False, modes=3)
2026-06-09 08:44:22  INFO       + BATTLE ROYALE (ltm=False, modes=2)
2026-06-09 08:44:22  INFO       + RANKED: RESURGENCE (ltm=False, modes=1)
2026-06-09 08:44:22  INFO       + RESURGENCE CASUAL (ltm=False, modes=1)
2026-06-09 08:44:22  INFO       + BATTLE ROYALE CASUAL (ltm=False, modes=1)
2026-06-09 08:44:22  INFO       Totaal: 5 playlists, seizoen: 
2026-06-09 08:44:22  INFO         OK: 5 playlists
2026-06-09 08:44:22  INFO     
[5/5] HTML updaten...
2026-06-09 08:44:22  INFO       [MIGRATIE] HTML succesvol bijgewerkt
2026-06-09 08:44:22  INFO         OK: Bijgewerkt op 09/06/2026 08:44
2026-06-09 08:44:22  INFO     
BuitKing's Loadouts bijgewerkt!
2026-06-09 08:44:22  INFO     =======================================================
2026-06-10 09:03:01  INFO     =======================================================
2026-06-10 09:03:01  INFO     BuitKing's Loadout Updater gestart (v8 - geen TeeP)
2026-06-10 09:03:01  INFO     Datum: 10/06/2026 09:03
2026-06-10 09:03:01  INFO     
[1/4] WZ Meta scrapen (warzoneloadout.games)...
2026-06-10 09:03:01  INFO       Ophalen: https://warzoneloadout.games/warzone-meta/
2026-06-10 09:03:02  INFO       + MXR-17 (S, Assault Rifles, BO7)
2026-06-10 09:03:02  INFO       + DS20 Mirage (S, Assault Rifles, BO7)
2026-06-10 09:03:02  INFO       + Dravec 45 (S, SMGs, BO7)
2026-06-10 09:03:02  INFO       + Carbon 57 (S, SMGs, BO7)
2026-06-10 09:03:02  INFO       + Strider 300 (S, Sniper Rifles, BO7)
2026-06-10 09:03:02  INFO       + AK-27 (A, Assault Rifles, BO7)
2026-06-10 09:03:02  INFO       + MPC-25 (A, SMGs, BO7)
2026-06-10 09:03:02  INFO       + Hawker HX (A, Sniper Rifles, BO7)
2026-06-10 09:03:02  INFO       + Voyak KT-3 (A, Assault Rifles, BO7)
2026-06-10 09:03:02  INFO       + VS Recon (A, Sniper Rifles, BO7)
2026-06-10 09:03:02  INFO       + Kogot-7 (A, SMGs, BO7)
2026-06-10 09:03:02  INFO       + Peacekeeper Mk1 (A, Assault Rifles, BO7)
2026-06-10 09:03:02  INFO       + EGRT-17 (A, Assault Rifles, BO7)
2026-06-10 09:03:02  INFO       + M15 Mod 0 (B, Assault Rifles, BO7)
2026-06-10 09:03:02  INFO       + REV-46 (B, SMGs, BO7)
2026-06-10 09:03:02  INFO       + MK35 ISR (B, Assault Rifles, BO7)
2026-06-10 09:03:02  INFO       + VST (B, SMGs, BO7)
2026-06-10 09:03:02  INFO       + XR-3 Ion (B, Sniper Rifles, BO7)
2026-06-10 09:03:02  INFO       + Sturmwolf 45 (B, SMGs, BO7)
2026-06-10 09:03:02  INFO       + TR2 (B, Marksman Rifles, BO6)
2026-06-10 09:03:02  INFO       + X9 Maverick (B, Assault Rifles, BO7)
2026-06-10 09:03:02  INFO       + Razor 9mm (B, SMGs, BO7)
2026-06-10 09:03:02  INFO       + Ryden 45K (B, SMGs, BO7)
2026-06-10 09:03:02  INFO       + Sokol 545 (B, LMGs, BO7)
2026-06-10 09:03:02  INFO       + CBRS-3 (B, SMGs, BO7)
2026-06-10 09:03:02  INFO       + LC10 (B, SMGs, BO6)
2026-06-10 09:03:02  INFO       + M8A1 (B, Marksman Rifles, BO7)
2026-06-10 09:03:02  INFO       + Swordfish A1 (B, Marksman Rifles, BO7)
2026-06-10 09:03:02  INFO       Totaal: 28 wapens
2026-06-10 09:03:02  INFO         OK: 28 wapens
2026-06-10 09:03:02  INFO     
[2/4] WZHUB Meta scrapen (wzhub.gg)...
2026-06-10 09:03:02  INFO       Browser openen: https://wzhub.gg/loadouts
2026-06-10 09:03:10  INFO       Pagina geladen — parsen...
2026-06-10 09:03:10  INFO       + Voyak Kt-3 (S, )
2026-06-10 09:03:10  INFO       + Vst (S, )
2026-06-10 09:03:10  INFO       + Ds20 Mirage (S, )
2026-06-10 09:03:10  INFO       + Strider 300 (S, )
2026-06-10 09:03:10  INFO       + Razor 9Mm (A, )
2026-06-10 09:03:10  INFO       + Dravec 45 (A, )
2026-06-10 09:03:10  INFO       + Egrt-17 (A, )
2026-06-10 09:03:10  INFO       + Sturmwolf 45 (A, )
2026-06-10 09:03:10  INFO       + Mk35 Isr (A, )
2026-06-10 09:03:10  INFO       + Hawker Hx (A, )
2026-06-10 09:03:10  INFO       + Kogot-7 (A, )
2026-06-10 09:03:10  INFO       + Vs Recon (A, )
2026-06-10 09:03:10  INFO       + Mk.78 (A, )
2026-06-10 09:03:10  INFO       Totaal: 13 wapens van wzhub.gg
2026-06-10 09:03:10  INFO         OK: 13 wapens
2026-06-10 09:03:10  INFO     
[3/4] RAW-data bouwen vanuit WZ Meta + WZHUB...
2026-06-10 09:03:10  INFO       + WZHUB-only wapen: Mk.78 (LMGs)
2026-06-10 09:03:10  INFO       RAW gebouwd: 29 wapens over 2 games
2026-06-10 09:03:10  INFO     
[4/4] Warzone Playlists scrapen (wzhub.gg/playlist/wz)...
2026-06-10 09:03:10  INFO       Ophalen: https://wzhub.gg/playlist/wz
2026-06-10 09:03:11  INFO       + RESURGENCE (ltm=False, modes=3)
2026-06-10 09:03:11  INFO       + BATTLE ROYALE (ltm=False, modes=2)
2026-06-10 09:03:11  INFO       + RANKED: RESURGENCE (ltm=False, modes=1)
2026-06-10 09:03:11  INFO       + RESURGENCE CASUAL (ltm=False, modes=1)
2026-06-10 09:03:11  INFO       + BATTLE ROYALE CASUAL (ltm=False, modes=1)
2026-06-10 09:03:11  INFO       Totaal: 5 playlists, seizoen: 
2026-06-10 09:03:11  INFO         OK: 5 playlists
2026-06-10 09:03:11  INFO     
[5/5] HTML updaten...
2026-06-10 09:03:11  INFO       [MIGRATIE] HTML succesvol bijgewerkt
2026-06-10 09:03:11  INFO         OK: Bijgewerkt op 10/06/2026 09:03
2026-06-10 09:03:11  INFO     
BuitKing's Loadouts bijgewerkt!
2026-06-10 09:03:11  INFO     =======================================================
2026-06-11 09:48:23  INFO     =======================================================
2026-06-11 09:48:23  INFO     BuitKing's Loadout Updater gestart (v8 - geen TeeP)
2026-06-11 09:48:23  INFO     Datum: 11/06/2026 09:48
2026-06-11 09:48:23  INFO     
[1/4] WZ Meta scrapen (warzoneloadout.games)...
2026-06-11 09:48:23  INFO       Ophalen: https://warzoneloadout.games/warzone-meta/
2026-06-11 09:48:24  INFO       + MXR-17 (S, Assault Rifles, BO7)
2026-06-11 09:48:24  INFO       + DS20 Mirage (S, Assault Rifles, BO7)
2026-06-11 09:48:24  INFO       + Dravec 45 (S, SMGs, BO7)
2026-06-11 09:48:24  INFO       + Carbon 57 (S, SMGs, BO7)
2026-06-11 09:48:24  INFO       + Strider 300 (S, Sniper Rifles, BO7)
2026-06-11 09:48:24  INFO       + AK-27 (A, Assault Rifles, BO7)
2026-06-11 09:48:24  INFO       + MPC-25 (A, SMGs, BO7)
2026-06-11 09:48:24  INFO       + Hawker HX (A, Sniper Rifles, BO7)
2026-06-11 09:48:24  INFO       + Voyak KT-3 (A, Assault Rifles, BO7)
2026-06-11 09:48:24  INFO       + VS Recon (A, Sniper Rifles, BO7)
2026-06-11 09:48:24  INFO       + Kogot-7 (A, SMGs, BO7)
2026-06-11 09:48:24  INFO       + Peacekeeper Mk1 (A, Assault Rifles, BO7)
2026-06-11 09:48:24  INFO       + EGRT-17 (A, Assault Rifles, BO7)
2026-06-11 09:48:24  INFO       + M15 Mod 0 (B, Assault Rifles, BO7)
2026-06-11 09:48:24  INFO       + REV-46 (B, SMGs, BO7)
2026-06-11 09:48:24  INFO       + MK35 ISR (B, Assault Rifles, BO7)
2026-06-11 09:48:24  INFO       + VST (B, SMGs, BO7)
2026-06-11 09:48:24  INFO       + XR-3 Ion (B, Sniper Rifles, BO7)
2026-06-11 09:48:24  INFO       + Sturmwolf 45 (B, SMGs, BO7)
2026-06-11 09:48:24  INFO       + TR2 (B, Marksman Rifles, BO6)
2026-06-11 09:48:24  INFO       + X9 Maverick (B, Assault Rifles, BO7)
2026-06-11 09:48:24  INFO       + Razor 9mm (B, SMGs, BO7)
2026-06-11 09:48:24  INFO       + Ryden 45K (B, SMGs, BO7)
2026-06-11 09:48:24  INFO       + Sokol 545 (B, LMGs, BO7)
2026-06-11 09:48:24  INFO       + CBRS-3 (B, SMGs, BO7)
2026-06-11 09:48:24  INFO       + LC10 (B, SMGs, BO6)
2026-06-11 09:48:24  INFO       + M8A1 (B, Marksman Rifles, BO7)
2026-06-11 09:48:24  INFO       + Swordfish A1 (B, Marksman Rifles, BO7)
2026-06-11 09:48:24  INFO       Totaal: 28 wapens
2026-06-11 09:48:24  INFO         OK: 28 wapens
2026-06-11 09:48:24  INFO     
[2/4] WZHUB Meta scrapen (wzhub.gg)...
2026-06-11 09:48:24  INFO       Browser openen: https://wzhub.gg/loadouts
2026-06-11 09:48:36  INFO       Pagina geladen — parsen...
2026-06-11 09:48:37  INFO       + Voyak Kt-3 (S, )
2026-06-11 09:48:37  INFO       + Vst (S, )
2026-06-11 09:48:37  INFO       + Ds20 Mirage (S, )
2026-06-11 09:48:37  INFO       + Strider 300 (S, )
2026-06-11 09:48:37  INFO       + Razor 9Mm (A, )
2026-06-11 09:48:37  INFO       + Dravec 45 (A, )
2026-06-11 09:48:37  INFO       + Egrt-17 (A, )
2026-06-11 09:48:37  INFO       + Sturmwolf 45 (A, )
2026-06-11 09:48:37  INFO       + Mk35 Isr (A, )
2026-06-11 09:48:37  INFO       + Hawker Hx (A, )
2026-06-11 09:48:37  INFO       + Kogot-7 (A, )
2026-06-11 09:48:37  INFO       + Vs Recon (A, )
2026-06-11 09:48:37  INFO       + Mk.78 (A, )
2026-06-11 09:48:37  INFO       Totaal: 13 wapens van wzhub.gg
2026-06-11 09:48:37  INFO         OK: 13 wapens
2026-06-11 09:48:37  INFO     
[3/4] RAW-data bouwen vanuit WZ Meta + WZHUB...
2026-06-11 09:48:37  INFO       + WZHUB-only wapen: Mk.78 (LMGs)
2026-06-11 09:48:37  INFO       RAW gebouwd: 29 wapens over 2 games
2026-06-11 09:48:37  INFO     
[4/4] Warzone Playlists scrapen (wzhub.gg/playlist/wz)...
2026-06-11 09:48:37  INFO       Ophalen: https://wzhub.gg/playlist/wz
2026-06-11 09:48:37  INFO       + RESURGENCE (ltm=False, modes=3)
2026-06-11 09:48:37  INFO       + BATTLE ROYALE (ltm=False, modes=2)
2026-06-11 09:48:37  INFO       + RANKED: RESURGENCE (ltm=False, modes=1)
2026-06-11 09:48:37  INFO       + RESURGENCE CASUAL (ltm=False, modes=1)
2026-06-11 09:48:37  INFO       + BATTLE ROYALE CASUAL (ltm=False, modes=1)
2026-06-11 09:48:37  INFO       Totaal: 5 playlists, seizoen: 
2026-06-11 09:48:37  INFO         OK: 5 playlists
2026-06-11 09:48:37  INFO     
[5/5] HTML updaten...
2026-06-11 09:48:37  INFO       [MIGRATIE] HTML succesvol bijgewerkt
2026-06-11 09:48:37  INFO         OK: Bijgewerkt op 11/06/2026 09:48
2026-06-11 09:48:37  INFO     
BuitKing's Loadouts bijgewerkt!
2026-06-11 09:48:37  INFO     =======================================================
2026-06-12 09:39:53  INFO     =======================================================
2026-06-12 09:39:53  INFO     BuitKing's Loadout Updater gestart (v8 - geen TeeP)
2026-06-12 09:39:53  INFO     Datum: 12/06/2026 09:39
2026-06-12 09:39:53  INFO     
[1/4] WZ Meta scrapen (warzoneloadout.games)...
2026-06-12 09:39:53  INFO       Ophalen: https://warzoneloadout.games/warzone-meta/
2026-06-12 09:39:57  INFO       + MXR-17 (S, Assault Rifles, BO7)
2026-06-12 09:39:57  INFO       + DS20 Mirage (S, Assault Rifles, BO7)
2026-06-12 09:39:57  INFO       + Dravec 45 (S, SMGs, BO7)
2026-06-12 09:39:57  INFO       + Carbon 57 (S, SMGs, BO7)
2026-06-12 09:39:57  INFO       + Strider 300 (S, Sniper Rifles, BO7)
2026-06-12 09:39:57  INFO       + VX Compact (A, Assault Rifles, BO7)
2026-06-12 09:39:57  INFO       + AK-27 (A, Assault Rifles, BO7)
2026-06-12 09:39:57  INFO       + MPC-25 (A, SMGs, BO7)
2026-06-12 09:39:57  INFO       + Hawker HX (A, Sniper Rifles, BO7)
2026-06-12 09:39:57  INFO       + Voyak KT-3 (A, Assault Rifles, BO7)
2026-06-12 09:39:57  INFO       + VS Recon (A, Sniper Rifles, BO7)
2026-06-12 09:39:57  INFO       + Kogot-7 (A, SMGs, BO7)
2026-06-12 09:39:57  INFO       + Peacekeeper Mk1 (A, Assault Rifles, BO7)
2026-06-12 09:39:57  INFO       + EGRT-17 (A, Assault Rifles, BO7)
2026-06-12 09:39:57  INFO       + M15 Mod 0 (B, Assault Rifles, BO7)
2026-06-12 09:39:57  INFO       + REV-46 (B, SMGs, BO7)
2026-06-12 09:39:57  INFO       + MK35 ISR (B, Assault Rifles, BO7)
2026-06-12 09:39:57  INFO       + VST (B, SMGs, BO7)
2026-06-12 09:39:57  INFO       + XR-3 Ion (B, Sniper Rifles, BO7)
2026-06-12 09:39:57  INFO       + Sturmwolf 45 (B, SMGs, BO7)
2026-06-12 09:39:57  INFO       + TR2 (B, Marksman Rifles, BO6)
2026-06-12 09:39:57  INFO       + X9 Maverick (B, Assault Rifles, BO7)
2026-06-12 09:39:57  INFO       + Razor 9mm (B, SMGs, BO7)
2026-06-12 09:39:57  INFO       + Ryden 45K (B, SMGs, BO7)
2026-06-12 09:39:57  INFO       + Sokol 545 (B, LMGs, BO7)
2026-06-12 09:39:57  INFO       + CBRS-3 (B, SMGs, BO7)
2026-06-12 09:39:57  INFO       + LC10 (B, SMGs, BO6)
2026-06-12 09:39:57  INFO       + M8A1 (B, Marksman Rifles, BO7)
2026-06-12 09:39:57  INFO       + Swordfish A1 (B, Marksman Rifles, BO7)
2026-06-12 09:39:57  INFO       Totaal: 29 wapens
2026-06-12 09:39:57  INFO         OK: 29 wapens
2026-06-12 09:39:57  INFO     
[2/4] WZHUB Meta scrapen (wzhub.gg)...
2026-06-12 09:39:57  INFO       Browser openen: https://wzhub.gg/loadouts
2026-06-12 09:40:07  INFO       Pagina geladen — parsen...
2026-06-12 09:40:08  INFO       + Mxr-17 (S, )
2026-06-12 09:40:08  INFO       + Ds20 Mirage (S, )
2026-06-12 09:40:08  INFO       + Dravec 45 (S, )
2026-06-12 09:40:08  INFO       + Carbon 57 (S, )
2026-06-12 09:40:08  INFO       + Strider 300 (S, )
2026-06-12 09:40:08  INFO       + Voyak Kt-3 (A, )
2026-06-12 09:40:08  INFO       + Egrt-17 (A, )
2026-06-12 09:40:08  INFO       + Hawker Hx (A, )
2026-06-12 09:40:08  INFO       + Kogot-7 (A, )
2026-06-12 09:40:08  INFO       + Vs Recon (A, )
2026-06-12 09:40:08  INFO       Totaal: 10 wapens van wzhub.gg
2026-06-12 09:40:08  INFO         OK: 10 wapens
2026-06-12 09:40:08  INFO     
[3/4] RAW-data bouwen vanuit WZ Meta + WZHUB...
2026-06-12 09:40:08  INFO       RAW gebouwd: 29 wapens over 2 games
2026-06-12 09:40:08  INFO     
[4/4] Warzone Playlists scrapen (wzhub.gg/playlist/wz)...
2026-06-12 09:40:08  INFO       Ophalen: https://wzhub.gg/playlist/wz
2026-06-12 09:40:08  INFO       + RESURGENCE (ltm=False, modes=3)
2026-06-12 09:40:08  INFO       + BATTLE ROYALE (ltm=False, modes=2)
2026-06-12 09:40:08  INFO       + RANKED: RESURGENCE (ltm=False, modes=1)
2026-06-12 09:40:08  INFO       + RESURGENCE CASUAL (ltm=False, modes=1)
2026-06-12 09:40:08  INFO       + BATTLE ROYALE CASUAL (ltm=False, modes=1)
2026-06-12 09:40:08  INFO       Totaal: 5 playlists, seizoen: 
2026-06-12 09:40:08  INFO         OK: 5 playlists
2026-06-12 09:40:08  INFO     
[5/5] HTML updaten...
2026-06-12 09:40:08  INFO       [MIGRATIE] HTML succesvol bijgewerkt
2026-06-12 09:40:08  INFO         OK: Bijgewerkt op 12/06/2026 09:39
2026-06-12 09:40:08  INFO     
BuitKing's Loadouts bijgewerkt!
2026-06-12 09:40:08  INFO     =======================================================
2026-06-13 08:34:59  INFO     =======================================================
2026-06-13 08:34:59  INFO     BuitKing's Loadout Updater gestart (v8 - geen TeeP)
2026-06-13 08:34:59  INFO     Datum: 13/06/2026 08:34
2026-06-13 08:34:59  INFO     
[1/4] WZ Meta scrapen (warzoneloadout.games)...
2026-06-13 08:34:59  INFO       Ophalen: https://warzoneloadout.games/warzone-meta/
2026-06-13 08:35:00  INFO       + MXR-17 (S, Assault Rifles, BO7)
2026-06-13 08:35:00  INFO       + DS20 Mirage (S, Assault Rifles, BO7)
2026-06-13 08:35:00  INFO       + Dravec 45 (S, SMGs, BO7)
2026-06-13 08:35:00  INFO       + Carbon 57 (S, SMGs, BO7)
2026-06-13 08:35:00  INFO       + Strider 300 (S, Sniper Rifles, BO7)
2026-06-13 08:35:00  INFO       + VX Compact (A, Assault Rifles, BO7)
2026-06-13 08:35:00  INFO       + AK-27 (A, Assault Rifles, BO7)
2026-06-13 08:35:00  INFO       + MPC-25 (A, SMGs, BO7)
2026-06-13 08:35:00  INFO       + Hawker HX (A, Sniper Rifles, BO7)
2026-06-13 08:35:00  INFO       + Voyak KT-3 (A, Assault Rifles, BO7)
2026-06-13 08:35:00  INFO       + VS Recon (A, Sniper Rifles, BO7)
2026-06-13 08:35:00  INFO       + Kogot-7 (A, SMGs, BO7)
2026-06-13 08:35:00  INFO       + Peacekeeper Mk1 (A, Assault Rifles, BO7)
2026-06-13 08:35:00  INFO       + EGRT-17 (A, Assault Rifles, BO7)
2026-06-13 08:35:00  INFO       + M15 Mod 0 (B, Assault Rifles, BO7)
2026-06-13 08:35:00  INFO       + REV-46 (B, SMGs, BO7)
2026-06-13 08:35:00  INFO       + MK35 ISR (B, Assault Rifles, BO7)
2026-06-13 08:35:00  INFO       + VST (B, SMGs, BO7)
2026-06-13 08:35:00  INFO       + XR-3 Ion (B, Sniper Rifles, BO7)
2026-06-13 08:35:00  INFO       + Sturmwolf 45 (B, SMGs, BO7)
2026-06-13 08:35:00  INFO       + TR2 (B, Marksman Rifles, BO6)
2026-06-13 08:35:00  INFO       + X9 Maverick (B, Assault Rifles, BO7)
2026-06-13 08:35:00  INFO       + Razor 9mm (B, SMGs, BO7)
2026-06-13 08:35:00  INFO       + Ryden 45K (B, SMGs, BO7)
2026-06-13 08:35:00  INFO       + Sokol 545 (B, LMGs, BO7)
2026-06-13 08:35:00  INFO       + CBRS-3 (B, SMGs, BO7)
2026-06-13 08:35:00  INFO       + LC10 (B, SMGs, BO6)
2026-06-13 08:35:00  INFO       + M8A1 (B, Marksman Rifles, BO7)
2026-06-13 08:35:00  INFO       + Swordfish A1 (B, Marksman Rifles, BO7)
2026-06-13 08:35:00  INFO       Totaal: 29 wapens
2026-06-13 08:35:00  INFO         OK: 29 wapens
2026-06-13 08:35:00  INFO     
[2/4] WZHUB Meta scrapen (wzhub.gg)...
2026-06-13 08:35:00  INFO       Browser openen: https://wzhub.gg/loadouts
2026-06-13 08:35:08  INFO       Pagina geladen — parsen...
2026-06-13 08:35:08  INFO       + Mxr-17 (S, )
2026-06-13 08:35:08  INFO       + Ds20 Mirage (S, )
2026-06-13 08:35:08  INFO       + Dravec 45 (S, )
2026-06-13 08:35:08  INFO       + Carbon 57 (S, )
2026-06-13 08:35:08  INFO       + Strider 300 (S, )
2026-06-13 08:35:08  INFO       + Voyak Kt-3 (A, )
2026-06-13 08:35:08  INFO       + Egrt-17 (A, )
2026-06-13 08:35:08  INFO       + Hawker Hx (A, )
2026-06-13 08:35:08  INFO       + Kogot-7 (A, )
2026-06-13 08:35:08  INFO       + Vs Recon (A, )
2026-06-13 08:35:08  INFO       Totaal: 10 wapens van wzhub.gg
2026-06-13 08:35:08  INFO         OK: 10 wapens
2026-06-13 08:35:08  INFO     
[3/4] RAW-data bouwen vanuit WZ Meta + WZHUB...
2026-06-13 08:35:08  INFO       RAW gebouwd: 29 wapens over 2 games
2026-06-13 08:35:08  INFO     
[4/4] Warzone Playlists scrapen (wzhub.gg/playlist/wz)...
2026-06-13 08:35:08  INFO       Ophalen: https://wzhub.gg/playlist/wz
2026-06-13 08:35:08  INFO       + RESURGENCE (ltm=False, modes=3)
2026-06-13 08:35:08  INFO       + BATTLE ROYALE (ltm=False, modes=2)
2026-06-13 08:35:08  INFO       + RANKED: RESURGENCE (ltm=False, modes=1)
2026-06-13 08:35:08  INFO       + RESURGENCE CASUAL (ltm=False, modes=1)
2026-06-13 08:35:08  INFO       + BATTLE ROYALE CASUAL (ltm=False, modes=1)
2026-06-13 08:35:08  INFO       Totaal: 5 playlists, seizoen: 
2026-06-13 08:35:08  INFO         OK: 5 playlists
2026-06-13 08:35:08  INFO     
[5/5] HTML updaten...
2026-06-13 08:35:08  INFO       [MIGRATIE] HTML succesvol bijgewerkt
2026-06-13 08:35:08  INFO         OK: Bijgewerkt op 13/06/2026 08:34
2026-06-13 08:35:08  INFO     
BuitKing's Loadouts bijgewerkt!
2026-06-13 08:35:08  INFO     =======================================================
2026-06-14 08:52:36  INFO     =======================================================
2026-06-14 08:52:36  INFO     BuitKing's Loadout Updater gestart (v8 - geen TeeP)
2026-06-14 08:52:36  INFO     Datum: 14/06/2026 08:52
2026-06-14 08:52:36  INFO     
[1/4] WZ Meta scrapen (warzoneloadout.games)...
2026-06-14 08:52:36  INFO       Ophalen: https://warzoneloadout.games/warzone-meta/
2026-06-14 08:52:37  INFO       + MXR-17 (S, Assault Rifles, BO7)
2026-06-14 08:52:37  INFO       + DS20 Mirage (S, Assault Rifles, BO7)
2026-06-14 08:52:37  INFO       + Dravec 45 (S, SMGs, BO7)
2026-06-14 08:52:37  INFO       + Carbon 57 (S, SMGs, BO7)
2026-06-14 08:52:37  INFO       + Strider 300 (S, Sniper Rifles, BO7)
2026-06-14 08:52:37  INFO       + VX Compact (A, Assault Rifles, BO7)
2026-06-14 08:52:37  INFO       + AK-27 (A, Assault Rifles, BO7)
2026-06-14 08:52:37  INFO       + MPC-25 (A, SMGs, BO7)
2026-06-14 08:52:37  INFO       + Hawker HX (A, Sniper Rifles, BO7)
2026-06-14 08:52:37  INFO       + Voyak KT-3 (A, Assault Rifles, BO7)
2026-06-14 08:52:37  INFO       + VS Recon (A, Sniper Rifles, BO7)
2026-06-14 08:52:37  INFO       + Kogot-7 (A, SMGs, BO7)
2026-06-14 08:52:37  INFO       + Peacekeeper Mk1 (A, Assault Rifles, BO7)
2026-06-14 08:52:37  INFO       + EGRT-17 (A, Assault Rifles, BO7)
2026-06-14 08:52:37  INFO       + M15 Mod 0 (B, Assault Rifles, BO7)
2026-06-14 08:52:37  INFO       + REV-46 (B, SMGs, BO7)
2026-06-14 08:52:37  INFO       + MK35 ISR (B, Assault Rifles, BO7)
2026-06-14 08:52:37  INFO       + VST (B, SMGs, BO7)
2026-06-14 08:52:37  INFO       + XR-3 Ion (B, Sniper Rifles, BO7)
2026-06-14 08:52:37  INFO       + Sturmwolf 45 (B, SMGs, BO7)
2026-06-14 08:52:37  INFO       + TR2 (B, Marksman Rifles, BO6)
2026-06-14 08:52:37  INFO       + X9 Maverick (B, Assault Rifles, BO7)
2026-06-14 08:52:37  INFO       + Razor 9mm (B, SMGs, BO7)
2026-06-14 08:52:37  INFO       + Ryden 45K (B, SMGs, BO7)
2026-06-14 08:52:37  INFO       + Sokol 545 (B, LMGs, BO7)
2026-06-14 08:52:37  INFO       + CBRS-3 (B, SMGs, BO7)
2026-06-14 08:52:37  INFO       + LC10 (B, SMGs, BO6)
2026-06-14 08:52:37  INFO       + M8A1 (B, Marksman Rifles, BO7)
2026-06-14 08:52:37  INFO       + Swordfish A1 (B, Marksman Rifles, BO7)
2026-06-14 08:52:37  INFO       Totaal: 29 wapens
2026-06-14 08:52:37  INFO         OK: 29 wapens
2026-06-14 08:52:37  INFO     
[2/4] WZHUB Meta scrapen (wzhub.gg)...
2026-06-14 08:52:38  INFO       Browser openen: https://wzhub.gg/loadouts
2026-06-14 08:52:44  INFO       Pagina geladen — parsen...
2026-06-14 08:52:45  INFO       + Mxr-17 (S, )
2026-06-14 08:52:45  INFO       + Ds20 Mirage (S, )
2026-06-14 08:52:45  INFO       + Dravec 45 (S, )
2026-06-14 08:52:45  INFO       + Carbon 57 (S, )
2026-06-14 08:52:45  INFO       + Strider 300 (S, )
2026-06-14 08:52:45  INFO       + Voyak Kt-3 (A, )
2026-06-14 08:52:45  INFO       + Egrt-17 (A, )
2026-06-14 08:52:45  INFO       + Hawker Hx (A, )
2026-06-14 08:52:45  INFO       + Kogot-7 (A, )
2026-06-14 08:52:45  INFO       + Vs Recon (A, )
2026-06-14 08:52:45  INFO       Totaal: 10 wapens van wzhub.gg
2026-06-14 08:52:45  INFO         OK: 10 wapens
2026-06-14 08:52:45  INFO     
[3/4] RAW-data bouwen vanuit WZ Meta + WZHUB...
2026-06-14 08:52:45  INFO       RAW gebouwd: 29 wapens over 2 games
2026-06-14 08:52:45  INFO     
[4/4] Warzone Playlists scrapen (wzhub.gg/playlist/wz)...
2026-06-14 08:52:45  INFO       Ophalen: https://wzhub.gg/playlist/wz
2026-06-14 08:52:45  INFO       + RESURGENCE (ltm=False, modes=3)
2026-06-14 08:52:45  INFO       + BATTLE ROYALE (ltm=False, modes=2)
2026-06-14 08:52:45  INFO       + RANKED: RESURGENCE (ltm=False, modes=1)
2026-06-14 08:52:45  INFO       + RESURGENCE CASUAL (ltm=False, modes=1)
2026-06-14 08:52:45  INFO       + BATTLE ROYALE CASUAL (ltm=False, modes=1)
2026-06-14 08:52:45  INFO       Totaal: 5 playlists, seizoen: 
2026-06-14 08:52:45  INFO         OK: 5 playlists
2026-06-14 08:52:45  INFO     
[5/5] HTML updaten...
2026-06-14 08:52:45  INFO       [MIGRATIE] HTML succesvol bijgewerkt
2026-06-14 08:52:45  INFO         OK: Bijgewerkt op 14/06/2026 08:52
2026-06-14 08:52:45  INFO     
BuitKing's Loadouts bijgewerkt!
2026-06-14 08:52:45  INFO     =======================================================
2026-06-15 11:25:45  INFO     =======================================================
2026-06-15 11:25:45  INFO     BuitKing's Loadout Updater gestart (v8 - geen TeeP)
2026-06-15 11:25:45  INFO     Datum: 15/06/2026 11:25
2026-06-15 11:25:45  INFO     
[1/4] WZ Meta scrapen (warzoneloadout.games)...
2026-06-15 11:25:45  INFO       Ophalen: https://warzoneloadout.games/warzone-meta/
2026-06-15 11:25:45  INFO       + MXR-17 (S, Assault Rifles, BO7)
2026-06-15 11:25:45  INFO       + DS20 Mirage (S, Assault Rifles, BO7)
2026-06-15 11:25:45  INFO       + Dravec 45 (S, SMGs, BO7)
2026-06-15 11:25:45  INFO       + Carbon 57 (S, SMGs, BO7)
2026-06-15 11:25:45  INFO       + Strider 300 (S, Sniper Rifles, BO7)
2026-06-15 11:25:45  INFO       + VX Compact (A, Assault Rifles, BO7)
2026-06-15 11:25:45  INFO       + AK-27 (A, Assault Rifles, BO7)
2026-06-15 11:25:45  INFO       + MPC-25 (A, SMGs, BO7)
2026-06-15 11:25:45  INFO       + Hawker HX (A, Sniper Rifles, BO7)
2026-06-15 11:25:45  INFO       + Voyak KT-3 (A, Assault Rifles, BO7)
2026-06-15 11:25:45  INFO       + VS Recon (A, Sniper Rifles, BO7)
2026-06-15 11:25:45  INFO       + Kogot-7 (A, SMGs, BO7)
2026-06-15 11:25:45  INFO       + Peacekeeper Mk1 (A, Assault Rifles, BO7)
2026-06-15 11:25:45  INFO       + EGRT-17 (A, Assault Rifles, BO7)
2026-06-15 11:25:45  INFO       + M15 Mod 0 (B, Assault Rifles, BO7)
2026-06-15 11:25:45  INFO       + REV-46 (B, SMGs, BO7)
2026-06-15 11:25:45  INFO       + MK35 ISR (B, Assault Rifles, BO7)
2026-06-15 11:25:45  INFO       + VST (B, SMGs, BO7)
2026-06-15 11:25:45  INFO       + XR-3 Ion (B, Sniper Rifles, BO7)
2026-06-15 11:25:45  INFO       + Sturmwolf 45 (B, SMGs, BO7)
2026-06-15 11:25:45  INFO       + TR2 (B, Marksman Rifles, BO6)
2026-06-15 11:25:45  INFO       + X9 Maverick (B, Assault Rifles, BO7)
2026-06-15 11:25:45  INFO       + Razor 9mm (B, SMGs, BO7)
2026-06-15 11:25:45  INFO       + Ryden 45K (B, SMGs, BO7)
2026-06-15 11:25:45  INFO       + Sokol 545 (B, LMGs, BO7)
2026-06-15 11:25:45  INFO       + CBRS-3 (B, SMGs, BO7)
2026-06-15 11:25:45  INFO       + LC10 (B, SMGs, BO6)
2026-06-15 11:25:45  INFO       + M8A1 (B, Marksman Rifles, BO7)
2026-06-15 11:25:45  INFO       + Swordfish A1 (B, Marksman Rifles, BO7)
2026-06-15 11:25:45  INFO       Totaal: 29 wapens
2026-06-15 11:25:45  INFO         OK: 29 wapens
2026-06-15 11:25:45  INFO     
[2/4] WZHUB Meta scrapen (wzhub.gg)...
2026-06-15 11:25:46  INFO       Browser openen: https://wzhub.gg/loadouts
2026-06-15 11:25:53  INFO       Pagina geladen — parsen...
2026-06-15 11:25:53  INFO       + Mxr-17 (S, )
2026-06-15 11:25:53  INFO       + Ds20 Mirage (S, )
2026-06-15 11:25:53  INFO       + Dravec 45 (S, )
2026-06-15 11:25:53  INFO       + Carbon 57 (S, )
2026-06-15 11:25:53  INFO       + Strider 300 (S, )
2026-06-15 11:25:53  INFO       + Voyak Kt-3 (A, )
2026-06-15 11:25:53  INFO       + Egrt-17 (A, )
2026-06-15 11:25:53  INFO       + Hawker Hx (A, )
2026-06-15 11:25:53  INFO       + Kogot-7 (A, )
2026-06-15 11:25:53  INFO       + Vs Recon (A, )
2026-06-15 11:25:53  INFO       Totaal: 10 wapens van wzhub.gg
2026-06-15 11:25:53  INFO         OK: 10 wapens
2026-06-15 11:25:53  INFO     
[3/4] RAW-data bouwen vanuit WZ Meta + WZHUB...
2026-06-15 11:25:53  INFO       RAW gebouwd: 29 wapens over 2 games
2026-06-15 11:25:53  INFO     
[4/4] Warzone Playlists scrapen (wzhub.gg/playlist/wz)...
2026-06-15 11:25:53  INFO       Ophalen: https://wzhub.gg/playlist/wz
2026-06-15 11:25:54  INFO       + RESURGENCE (ltm=False, modes=3)
2026-06-15 11:25:54  INFO       + BATTLE ROYALE (ltm=False, modes=2)
2026-06-15 11:25:54  INFO       + RANKED: RESURGENCE (ltm=False, modes=1)
2026-06-15 11:25:54  INFO       + RESURGENCE CASUAL (ltm=False, modes=1)
2026-06-15 11:25:54  INFO       + BATTLE ROYALE CASUAL (ltm=False, modes=1)
2026-06-15 11:25:54  INFO       Totaal: 5 playlists, seizoen: 
2026-06-15 11:25:54  INFO         OK: 5 playlists
2026-06-15 11:25:54  INFO     
[5/5] HTML updaten...
2026-06-15 11:25:54  INFO       [MIGRATIE] HTML succesvol bijgewerkt
2026-06-15 11:25:54  INFO         OK: Bijgewerkt op 15/06/2026 11:25
2026-06-15 11:25:54  INFO     
BuitKing's Loadouts bijgewerkt!
2026-06-15 11:25:54  INFO     =======================================================
2026-06-16 10:22:58  INFO     =======================================================
2026-06-16 10:22:58  INFO     BuitKing's Loadout Updater gestart (v8 - geen TeeP)
2026-06-16 10:22:58  INFO     Datum: 16/06/2026 10:22
2026-06-16 10:22:58  INFO     
[1/4] WZ Meta scrapen (warzoneloadout.games)...
2026-06-16 10:22:58  INFO       Ophalen: https://warzoneloadout.games/warzone-meta/
2026-06-16 10:22:59  INFO       + MXR-17 (S, Assault Rifles, BO7)
2026-06-16 10:22:59  INFO       + DS20 Mirage (S, Assault Rifles, BO7)
2026-06-16 10:22:59  INFO       + Dravec 45 (S, SMGs, BO7)
2026-06-16 10:22:59  INFO       + Carbon 57 (S, SMGs, BO7)
2026-06-16 10:22:59  INFO       + Strider 300 (S, Sniper Rifles, BO7)
2026-06-16 10:22:59  INFO       + VX Compact (A, Assault Rifles, BO7)
2026-06-16 10:22:59  INFO       + AK-27 (A, Assault Rifles, BO7)
2026-06-16 10:22:59  INFO       + MPC-25 (A, SMGs, BO7)
2026-06-16 10:22:59  INFO       + Hawker HX (A, Sniper Rifles, BO7)
2026-06-16 10:22:59  INFO       + Voyak KT-3 (A, Assault Rifles, BO7)
2026-06-16 10:22:59  INFO       + VS Recon (A, Sniper Rifles, BO7)
2026-06-16 10:22:59  INFO       + Kogot-7 (A, SMGs, BO7)
2026-06-16 10:22:59  INFO       + Peacekeeper Mk1 (A, Assault Rifles, BO7)
2026-06-16 10:22:59  INFO       + EGRT-17 (A, Assault Rifles, BO7)
2026-06-16 10:22:59  INFO       + M15 Mod 0 (B, Assault Rifles, BO7)
2026-06-16 10:22:59  INFO       + REV-46 (B, SMGs, BO7)
2026-06-16 10:22:59  INFO       + MK35 ISR (B, Assault Rifles, BO7)
2026-06-16 10:22:59  INFO       + VST (B, SMGs, BO7)
2026-06-16 10:22:59  INFO       + XR-3 Ion (B, Sniper Rifles, BO7)
2026-06-16 10:22:59  INFO       + Sturmwolf 45 (B, SMGs, BO7)
2026-06-16 10:22:59  INFO       + TR2 (B, Marksman Rifles, BO6)
2026-06-16 10:22:59  INFO       + X9 Maverick (B, Assault Rifles, BO7)
2026-06-16 10:22:59  INFO       + Razor 9mm (B, SMGs, BO7)
2026-06-16 10:22:59  INFO       + Ryden 45K (B, SMGs, BO7)
2026-06-16 10:22:59  INFO       + Sokol 545 (B, LMGs, BO7)
2026-06-16 10:22:59  INFO       + CBRS-3 (B, SMGs, BO7)
2026-06-16 10:22:59  INFO       + LC10 (B, SMGs, BO6)
2026-06-16 10:22:59  INFO       + M8A1 (B, Marksman Rifles, BO7)
2026-06-16 10:22:59  INFO       + Swordfish A1 (B, Marksman Rifles, BO7)
2026-06-16 10:22:59  INFO       Totaal: 29 wapens
2026-06-16 10:22:59  INFO         OK: 29 wapens
2026-06-16 10:22:59  INFO     
[2/4] WZHUB Meta scrapen (wzhub.gg)...
2026-06-16 10:23:00  INFO       Browser openen: https://wzhub.gg/loadouts
2026-06-16 10:23:08  INFO       Pagina geladen — parsen...
2026-06-16 10:23:08  INFO       + Mxr-17 (S, )
2026-06-16 10:23:08  INFO       + Ds20 Mirage (S, )
2026-06-16 10:23:08  INFO       + Dravec 45 (S, )
2026-06-16 10:23:08  INFO       + Carbon 57 (S, )
2026-06-16 10:23:08  INFO       + Strider 300 (S, )
2026-06-16 10:23:08  INFO       + Voyak Kt-3 (A, )
2026-06-16 10:23:08  INFO       + Egrt-17 (A, )
2026-06-16 10:23:08  INFO       + Hawker Hx (A, )
2026-06-16 10:23:08  INFO       + Kogot-7 (A, )
2026-06-16 10:23:08  INFO       + Vs Recon (A, )
2026-06-16 10:23:08  INFO       Totaal: 10 wapens van wzhub.gg
2026-06-16 10:23:08  INFO         OK: 10 wapens
2026-06-16 10:23:08  INFO     
[3/4] RAW-data bouwen vanuit WZ Meta + WZHUB...
2026-06-16 10:23:08  INFO       RAW gebouwd: 29 wapens over 2 games
2026-06-16 10:23:08  INFO     
[4/4] Warzone Playlists scrapen (wzhub.gg/playlist/wz)...
2026-06-16 10:23:08  INFO       Ophalen: https://wzhub.gg/playlist/wz
2026-06-16 10:23:08  INFO       + RESURGENCE (ltm=False, modes=3)
2026-06-16 10:23:08  INFO       + BATTLE ROYALE (ltm=False, modes=2)
2026-06-16 10:23:08  INFO       + RANKED: RESURGENCE (ltm=False, modes=1)
2026-06-16 10:23:08  INFO       + RESURGENCE CASUAL (ltm=False, modes=1)
2026-06-16 10:23:08  INFO       + BATTLE ROYALE CASUAL (ltm=False, modes=1)
2026-06-16 10:23:08  INFO       Totaal: 5 playlists, seizoen: 
2026-06-16 10:23:08  INFO         OK: 5 playlists
2026-06-16 10:23:08  INFO     
[5/5] HTML updaten...
2026-06-16 10:23:08  INFO       [MIGRATIE] HTML succesvol bijgewerkt
2026-06-16 10:23:08  INFO         OK: Bijgewerkt op 16/06/2026 10:22
2026-06-16 10:23:08  INFO     
BuitKing's Loadouts bijgewerkt!
2026-06-16 10:23:08  INFO     =======================================================
2026-06-17 10:11:22  INFO     =======================================================
2026-06-17 10:11:22  INFO     BuitKing's Loadout Updater gestart (v8 - geen TeeP)
2026-06-17 10:11:22  INFO     Datum: 17/06/2026 10:11
2026-06-17 10:11:22  INFO     
[1/4] WZ Meta scrapen (warzoneloadout.games)...
2026-06-17 10:11:22  INFO       Ophalen: https://warzoneloadout.games/warzone-meta/
2026-06-17 10:11:23  INFO       + MXR-17 (S, Assault Rifles, BO7)
2026-06-17 10:11:23  INFO       + DS20 Mirage (S, Assault Rifles, BO7)
2026-06-17 10:11:23  INFO       + Dravec 45 (S, SMGs, BO7)
2026-06-17 10:11:23  INFO       + Carbon 57 (S, SMGs, BO7)
2026-06-17 10:11:23  INFO       + Strider 300 (S, Sniper Rifles, BO7)
2026-06-17 10:11:23  INFO       + VX Compact (A, Assault Rifles, BO7)
2026-06-17 10:11:23  INFO       + AK-27 (A, Assault Rifles, BO7)
2026-06-17 10:11:23  INFO       + MPC-25 (A, SMGs, BO7)
2026-06-17 10:11:23  INFO       + Hawker HX (A, Sniper Rifles, BO7)
2026-06-17 10:11:23  INFO       + Voyak KT-3 (A, Assault Rifles, BO7)
2026-06-17 10:11:23  INFO       + VS Recon (A, Sniper Rifles, BO7)
2026-06-17 10:11:23  INFO       + Kogot-7 (A, SMGs, BO7)
2026-06-17 10:11:23  INFO       + Peacekeeper Mk1 (A, Assault Rifles, BO7)
2026-06-17 10:11:23  INFO       + EGRT-17 (A, Assault Rifles, BO7)
2026-06-17 10:11:23  INFO       + M15 Mod 0 (B, Assault Rifles, BO7)
2026-06-17 10:11:23  INFO       + REV-46 (B, SMGs, BO7)
2026-06-17 10:11:23  INFO       + MK35 ISR (B, Assault Rifles, BO7)
2026-06-17 10:11:23  INFO       + VST (B, SMGs, BO7)
2026-06-17 10:11:23  INFO       + XR-3 Ion (B, Sniper Rifles, BO7)
2026-06-17 10:11:23  INFO       + Sturmwolf 45 (B, SMGs, BO7)
2026-06-17 10:11:23  INFO       + TR2 (B, Marksman Rifles, BO6)
2026-06-17 10:11:23  INFO       + X9 Maverick (B, Assault Rifles, BO7)
2026-06-17 10:11:23  INFO       + Razor 9mm (B, SMGs, BO7)
2026-06-17 10:11:23  INFO       + Ryden 45K (B, SMGs, BO7)
2026-06-17 10:11:23  INFO       + Sokol 545 (B, LMGs, BO7)
2026-06-17 10:11:23  INFO       + CBRS-3 (B, SMGs, BO7)
2026-06-17 10:11:23  INFO       + LC10 (B, SMGs, BO6)
2026-06-17 10:11:23  INFO       + M8A1 (B, Marksman Rifles, BO7)
2026-06-17 10:11:23  INFO       + Swordfish A1 (B, Marksman Rifles, BO7)
2026-06-17 10:11:23  INFO       Totaal: 29 wapens
2026-06-17 10:11:23  INFO         OK: 29 wapens
2026-06-17 10:11:23  INFO     
[2/4] WZHUB Meta scrapen (wzhub.gg)...
2026-06-17 10:11:23  INFO       Browser openen: https://wzhub.gg/loadouts
2026-06-17 10:11:31  INFO       Pagina geladen — parsen...
2026-06-17 10:11:32  INFO       + Mxr-17 (S, )
2026-06-17 10:11:32  INFO       + Ds20 Mirage (S, )
2026-06-17 10:11:32  INFO       + Dravec 45 (S, )
2026-06-17 10:11:32  INFO       + Carbon 57 (S, )
2026-06-17 10:11:32  INFO       + Strider 300 (S, )
2026-06-17 10:11:32  INFO       + Voyak Kt-3 (A, )
2026-06-17 10:11:32  INFO       + Egrt-17 (A, )
2026-06-17 10:11:32  INFO       + Hawker Hx (A, )
2026-06-17 10:11:32  INFO       + Kogot-7 (A, )
2026-06-17 10:11:32  INFO       + Vs Recon (A, )
2026-06-17 10:11:32  INFO       Totaal: 10 wapens van wzhub.gg
2026-06-17 10:11:32  INFO         OK: 10 wapens
2026-06-17 10:11:32  INFO     
[3/4] RAW-data bouwen vanuit WZ Meta + WZHUB...
2026-06-17 10:11:32  INFO       RAW gebouwd: 29 wapens over 2 games
2026-06-17 10:11:32  INFO     
[4/4] Warzone Playlists scrapen (wzhub.gg/playlist/wz)...
2026-06-17 10:11:32  INFO       Ophalen: https://wzhub.gg/playlist/wz
2026-06-17 10:11:32  INFO       + RESURGENCE (ltm=False, modes=3)
2026-06-17 10:11:32  INFO       + BATTLE ROYALE (ltm=False, modes=2)
2026-06-17 10:11:32  INFO       + RANKED: RESURGENCE (ltm=False, modes=1)
2026-06-17 10:11:32  INFO       + RESURGENCE CASUAL (ltm=False, modes=1)
2026-06-17 10:11:32  INFO       + BATTLE ROYALE CASUAL (ltm=False, modes=1)
2026-06-17 10:11:32  INFO       Totaal: 5 playlists, seizoen: 
2026-06-17 10:11:32  INFO         OK: 5 playlists
2026-06-17 10:11:32  INFO     
[5/5] HTML updaten...
2026-06-17 10:11:32  INFO       [MIGRATIE] HTML succesvol bijgewerkt
2026-06-17 10:11:32  INFO         OK: Bijgewerkt op 17/06/2026 10:11
2026-06-17 10:11:32  INFO     
BuitKing's Loadouts bijgewerkt!
2026-06-17 10:11:32  INFO     =======================================================
2026-06-18 09:49:42  INFO     =======================================================
2026-06-18 09:49:42  INFO     BuitKing's Loadout Updater gestart (v8 - geen TeeP)
2026-06-18 09:49:42  INFO     Datum: 18/06/2026 09:49
2026-06-18 09:49:42  INFO     
[1/4] WZ Meta scrapen (warzoneloadout.games)...
2026-06-18 09:49:42  INFO       Ophalen: https://warzoneloadout.games/warzone-meta/
2026-06-18 09:49:47  INFO       + MXR-17 (S, Assault Rifles, BO7)
2026-06-18 09:49:47  INFO       + DS20 Mirage (S, Assault Rifles, BO7)
2026-06-18 09:49:47  INFO       + Dravec 45 (S, SMGs, BO7)
2026-06-18 09:49:47  INFO       + Carbon 57 (S, SMGs, BO7)
2026-06-18 09:49:47  INFO       + Strider 300 (S, Sniper Rifles, BO7)
2026-06-18 09:49:47  INFO       + VX Compact (A, Assault Rifles, BO7)
2026-06-18 09:49:47  INFO       + AK-27 (A, Assault Rifles, BO7)
2026-06-18 09:49:47  INFO       + MPC-25 (A, SMGs, BO7)
2026-06-18 09:49:47  INFO       + Hawker HX (A, Sniper Rifles, BO7)
2026-06-18 09:49:47  INFO       + Voyak KT-3 (A, Assault Rifles, BO7)
2026-06-18 09:49:47  INFO       + VS Recon (A, Sniper Rifles, BO7)
2026-06-18 09:49:47  INFO       + Kogot-7 (A, SMGs, BO7)
2026-06-18 09:49:47  INFO       + Peacekeeper Mk1 (A, Assault Rifles, BO7)
2026-06-18 09:49:47  INFO       + EGRT-17 (A, Assault Rifles, BO7)
2026-06-18 09:49:47  INFO       + M15 Mod 0 (B, Assault Rifles, BO7)
2026-06-18 09:49:47  INFO       + REV-46 (B, SMGs, BO7)
2026-06-18 09:49:47  INFO       + MK35 ISR (B, Assault Rifles, BO7)
2026-06-18 09:49:47  INFO       + VST (B, SMGs, BO7)
2026-06-18 09:49:47  INFO       + XR-3 Ion (B, Sniper Rifles, BO7)
2026-06-18 09:49:47  INFO       + Sturmwolf 45 (B, SMGs, BO7)
2026-06-18 09:49:47  INFO       + TR2 (B, Marksman Rifles, BO6)
2026-06-18 09:49:47  INFO       + X9 Maverick (B, Assault Rifles, BO7)
2026-06-18 09:49:47  INFO       + Razor 9mm (B, SMGs, BO7)
2026-06-18 09:49:47  INFO       + Ryden 45K (B, SMGs, BO7)
2026-06-18 09:49:47  INFO       + Sokol 545 (B, LMGs, BO7)
2026-06-18 09:49:47  INFO       + CBRS-3 (B, SMGs, BO7)
2026-06-18 09:49:47  INFO       + LC10 (B, SMGs, BO6)
2026-06-18 09:49:47  INFO       + M8A1 (B, Marksman Rifles, BO7)
2026-06-18 09:49:47  INFO       + Swordfish A1 (B, Marksman Rifles, BO7)
2026-06-18 09:49:47  INFO       Totaal: 29 wapens
2026-06-18 09:49:47  INFO         OK: 29 wapens
2026-06-18 09:49:47  INFO     
[2/4] WZHUB Meta scrapen (wzhub.gg)...
2026-06-18 09:49:47  INFO       Browser openen: https://wzhub.gg/loadouts
2026-06-18 09:49:53  INFO       Pagina geladen — parsen...
2026-06-18 09:49:54  INFO       + Mxr-17 (S, )
2026-06-18 09:49:54  INFO       + Ds20 Mirage (S, )
2026-06-18 09:49:54  INFO       + Dravec 45 (S, )
2026-06-18 09:49:54  INFO       + Carbon 57 (S, )
2026-06-18 09:49:54  INFO       + Strider 300 (S, )
2026-06-18 09:49:54  INFO       + Voyak Kt-3 (A, )
2026-06-18 09:49:54  INFO       + Egrt-17 (A, )
2026-06-18 09:49:54  INFO       + Hawker Hx (A, )
2026-06-18 09:49:54  INFO       + Kogot-7 (A, )
2026-06-18 09:49:54  INFO       + Vs Recon (A, )
2026-06-18 09:49:54  INFO       Totaal: 10 wapens van wzhub.gg
2026-06-18 09:49:54  INFO         OK: 10 wapens
2026-06-18 09:49:54  INFO     
[3/4] RAW-data bouwen vanuit WZ Meta + WZHUB...
2026-06-18 09:49:54  INFO       RAW gebouwd: 29 wapens over 2 games
2026-06-18 09:49:54  INFO     
[4/4] Warzone Playlists scrapen (wzhub.gg/playlist/wz)...
2026-06-18 09:49:54  INFO       Ophalen: https://wzhub.gg/playlist/wz
2026-06-18 09:49:54  INFO       + RESURGENCE (ltm=False, modes=3)
2026-06-18 09:49:54  INFO       + BATTLE ROYALE (ltm=False, modes=2)
2026-06-18 09:49:54  INFO       + RANKED: RESURGENCE (ltm=False, modes=1)
2026-06-18 09:49:54  INFO       + RESURGENCE CASUAL (ltm=False, modes=1)
2026-06-18 09:49:54  INFO       + BATTLE ROYALE CASUAL (ltm=False, modes=1)
2026-06-18 09:49:54  INFO       Totaal: 5 playlists, seizoen: 
2026-06-18 09:49:54  INFO         OK: 5 playlists
2026-06-18 09:49:54  INFO     
[5/5] HTML updaten...
2026-06-18 09:49:54  INFO       [MIGRATIE] HTML succesvol bijgewerkt
2026-06-18 09:49:54  INFO         OK: Bijgewerkt op 18/06/2026 09:49
2026-06-18 09:49:54  INFO     
BuitKing's Loadouts bijgewerkt!
2026-06-18 09:49:54  INFO     =======================================================
2026-06-19 09:56:32  INFO     =======================================================
2026-06-19 09:56:32  INFO     BuitKing's Loadout Updater gestart (v8 - geen TeeP)
2026-06-19 09:56:32  INFO     Datum: 19/06/2026 09:56
2026-06-19 09:56:32  INFO     
[1/4] WZ Meta scrapen (warzoneloadout.games)...
2026-06-19 09:56:32  INFO       Ophalen: https://warzoneloadout.games/warzone-meta/
2026-06-19 09:56:33  INFO       + MXR-17 (S, Assault Rifles, BO7)
2026-06-19 09:56:33  INFO       + DS20 Mirage (S, Assault Rifles, BO7)
2026-06-19 09:56:33  INFO       + Dravec 45 (S, SMGs, BO7)
2026-06-19 09:56:33  INFO       + Carbon 57 (S, SMGs, BO7)
2026-06-19 09:56:33  INFO       + Strider 300 (S, Sniper Rifles, BO7)
2026-06-19 09:56:33  INFO       + VX Compact (A, Assault Rifles, BO7)
2026-06-19 09:56:33  INFO       + AK-27 (A, Assault Rifles, BO7)
2026-06-19 09:56:33  INFO       + MPC-25 (A, SMGs, BO7)
2026-06-19 09:56:33  INFO       + Hawker HX (A, Sniper Rifles, BO7)
2026-06-19 09:56:33  INFO       + Voyak KT-3 (A, Assault Rifles, BO7)
2026-06-19 09:56:33  INFO       + VS Recon (A, Sniper Rifles, BO7)
2026-06-19 09:56:33  INFO       + Kogot-7 (A, SMGs, BO7)
2026-06-19 09:56:33  INFO       + Peacekeeper Mk1 (A, Assault Rifles, BO7)
2026-06-19 09:56:33  INFO       + EGRT-17 (A, Assault Rifles, BO7)
2026-06-19 09:56:33  INFO       + M15 Mod 0 (B, Assault Rifles, BO7)
2026-06-19 09:56:33  INFO       + REV-46 (B, SMGs, BO7)
2026-06-19 09:56:33  INFO       + MK35 ISR (B, Assault Rifles, BO7)
2026-06-19 09:56:33  INFO       + VST (B, SMGs, BO7)
2026-06-19 09:56:33  INFO       + XR-3 Ion (B, Sniper Rifles, BO7)
2026-06-19 09:56:33  INFO       + Sturmwolf 45 (B, SMGs, BO7)
2026-06-19 09:56:33  INFO       + TR2 (B, Marksman Rifles, BO6)
2026-06-19 09:56:33  INFO       + X9 Maverick (B, Assault Rifles, BO7)
2026-06-19 09:56:33  INFO       + Razor 9mm (B, SMGs, BO7)
2026-06-19 09:56:33  INFO       + Ryden 45K (B, SMGs, BO7)
2026-06-19 09:56:33  INFO       + Sokol 545 (B, LMGs, BO7)
2026-06-19 09:56:33  INFO       + CBRS-3 (B, SMGs, BO7)
2026-06-19 09:56:33  INFO       + LC10 (B, SMGs, BO6)
2026-06-19 09:56:33  INFO       + M8A1 (B, Marksman Rifles, BO7)
2026-06-19 09:56:33  INFO       + Swordfish A1 (B, Marksman Rifles, BO7)
2026-06-19 09:56:33  INFO       Totaal: 29 wapens
2026-06-19 09:56:33  INFO         OK: 29 wapens
2026-06-19 09:56:33  INFO     
[2/4] WZHUB Meta scrapen (wzhub.gg)...
2026-06-19 09:56:33  INFO       Browser openen: https://wzhub.gg/loadouts
2026-06-19 09:56:35  INFO       Pagina geladen — parsen...
2026-06-19 09:56:36  INFO       + Mxr-17 (S, )
2026-06-19 09:56:36  INFO       + Ds20 Mirage (S, )
2026-06-19 09:56:36  INFO       + Dravec 45 (S, )
2026-06-19 09:56:36  INFO       + Carbon 57 (S, )
2026-06-19 09:56:36  INFO       + Strider 300 (S, )
2026-06-19 09:56:36  INFO       + Voyak Kt-3 (A, )
2026-06-19 09:56:36  INFO       + Egrt-17 (A, )
2026-06-19 09:56:36  INFO       + Hawker Hx (A, )
2026-06-19 09:56:36  INFO       + Kogot-7 (A, )
2026-06-19 09:56:36  INFO       + Vs Recon (A, )
2026-06-19 09:56:36  INFO       Totaal: 10 wapens van wzhub.gg
2026-06-19 09:56:36  INFO         OK: 10 wapens
2026-06-19 09:56:36  INFO     
[3/4] RAW-data bouwen vanuit WZ Meta + WZHUB...
2026-06-19 09:56:36  INFO       RAW gebouwd: 29 wapens over 2 games
2026-06-19 09:56:36  INFO     
[4/4] Warzone Playlists scrapen (wzhub.gg/playlist/wz)...
2026-06-19 09:56:36  INFO       Ophalen: https://wzhub.gg/playlist/wz
2026-06-19 09:56:36  INFO       + RESURGENCE (ltm=False, modes=3)
2026-06-19 09:56:36  INFO       + BATTLE ROYALE (ltm=False, modes=2)
2026-06-19 09:56:36  INFO       + RANKED: RESURGENCE (ltm=False, modes=1)
2026-06-19 09:56:36  INFO       + RESURGENCE CASUAL (ltm=False, modes=1)
2026-06-19 09:56:36  INFO       + BATTLE ROYALE CASUAL (ltm=False, modes=1)
2026-06-19 09:56:36  INFO       Totaal: 5 playlists, seizoen: 
2026-06-19 09:56:36  INFO         OK: 5 playlists
2026-06-19 09:56:36  INFO     
[5/5] HTML updaten...
2026-06-19 09:56:36  INFO       [MIGRATIE] HTML succesvol bijgewerkt
2026-06-19 09:56:36  INFO         OK: Bijgewerkt op 19/06/2026 09:56
2026-06-19 09:56:36  INFO     
BuitKing's Loadouts bijgewerkt!
2026-06-19 09:56:36  INFO     =======================================================
2026-06-20 08:30:01  INFO     =======================================================
2026-06-20 08:30:01  INFO     BuitKing's Loadout Updater gestart (v8 - geen TeeP)
2026-06-20 08:30:01  INFO     Datum: 20/06/2026 08:30
2026-06-20 08:30:01  INFO     
[1/4] WZ Meta scrapen (warzoneloadout.games)...
2026-06-20 08:30:01  INFO       Ophalen: https://warzoneloadout.games/warzone-meta/
2026-06-20 08:30:05  INFO       + MXR-17 (S, Assault Rifles, BO7)
2026-06-20 08:30:05  INFO       + DS20 Mirage (S, Assault Rifles, BO7)
2026-06-20 08:30:05  INFO       + Dravec 45 (S, SMGs, BO7)
2026-06-20 08:30:05  INFO       + Carbon 57 (S, SMGs, BO7)
2026-06-20 08:30:05  INFO       + Strider 300 (S, Sniper Rifles, BO7)
2026-06-20 08:30:05  INFO       + VX Compact (A, Assault Rifles, BO7)
2026-06-20 08:30:05  INFO       + AK-27 (A, Assault Rifles, BO7)
2026-06-20 08:30:05  INFO       + MPC-25 (A, SMGs, BO7)
2026-06-20 08:30:05  INFO       + Hawker HX (A, Sniper Rifles, BO7)
2026-06-20 08:30:05  INFO       + Voyak KT-3 (A, Assault Rifles, BO7)
2026-06-20 08:30:05  INFO       + VS Recon (A, Sniper Rifles, BO7)
2026-06-20 08:30:05  INFO       + Kogot-7 (A, SMGs, BO7)
2026-06-20 08:30:05  INFO       + Peacekeeper Mk1 (A, Assault Rifles, BO7)
2026-06-20 08:30:05  INFO       + EGRT-17 (A, Assault Rifles, BO7)
2026-06-20 08:30:05  INFO       + M15 Mod 0 (B, Assault Rifles, BO7)
2026-06-20 08:30:05  INFO       + REV-46 (B, SMGs, BO7)
2026-06-20 08:30:05  INFO       + MK35 ISR (B, Assault Rifles, BO7)
2026-06-20 08:30:05  INFO       + VST (B, SMGs, BO7)
2026-06-20 08:30:05  INFO       + XR-3 Ion (B, Sniper Rifles, BO7)
2026-06-20 08:30:05  INFO       + Sturmwolf 45 (B, SMGs, BO7)
2026-06-20 08:30:05  INFO       + TR2 (B, Marksman Rifles, BO6)
2026-06-20 08:30:05  INFO       + X9 Maverick (B, Assault Rifles, BO7)
2026-06-20 08:30:05  INFO       + Razor 9mm (B, SMGs, BO7)
2026-06-20 08:30:05  INFO       + Ryden 45K (B, SMGs, BO7)
2026-06-20 08:30:05  INFO       + Sokol 545 (B, LMGs, BO7)
2026-06-20 08:30:05  INFO       + CBRS-3 (B, SMGs, BO7)
2026-06-20 08:30:05  INFO       + LC10 (B, SMGs, BO6)
2026-06-20 08:30:05  INFO       + M8A1 (B, Marksman Rifles, BO7)
2026-06-20 08:30:05  INFO       + Swordfish A1 (B, Marksman Rifles, BO7)
2026-06-20 08:30:05  INFO       Totaal: 29 wapens
2026-06-20 08:30:05  INFO         OK: 29 wapens
2026-06-20 08:30:05  INFO     
[2/4] WZHUB Meta scrapen (wzhub.gg)...
2026-06-20 08:30:05  INFO       Browser openen: https://wzhub.gg/loadouts
2026-06-20 08:30:08  INFO       Pagina geladen — parsen...
2026-06-20 08:30:08  INFO       + Mxr-17 (S, )
2026-06-20 08:30:08  INFO       + Ds20 Mirage (S, )
2026-06-20 08:30:08  INFO       + Dravec 45 (S, )
2026-06-20 08:30:08  INFO       + Carbon 57 (S, )
2026-06-20 08:30:08  INFO       + Strider 300 (S, )
2026-06-20 08:30:08  INFO       + Voyak Kt-3 (A, )
2026-06-20 08:30:08  INFO       + Egrt-17 (A, )
2026-06-20 08:30:08  INFO       + Hawker Hx (A, )
2026-06-20 08:30:08  INFO       + Kogot-7 (A, )
2026-06-20 08:30:08  INFO       + Vs Recon (A, )
2026-06-20 08:30:08  INFO       Totaal: 10 wapens van wzhub.gg
2026-06-20 08:30:08  INFO         OK: 10 wapens
2026-06-20 08:30:08  INFO     
[3/4] RAW-data bouwen vanuit WZ Meta + WZHUB...
2026-06-20 08:30:08  INFO       RAW gebouwd: 29 wapens over 2 games
2026-06-20 08:30:08  INFO     
[4/4] Warzone Playlists scrapen (wzhub.gg/playlist/wz)...
2026-06-20 08:30:08  INFO       Ophalen: https://wzhub.gg/playlist/wz
2026-06-20 08:30:08  INFO       + RESURGENCE (ltm=False, modes=3)
2026-06-20 08:30:08  INFO       + BATTLE ROYALE (ltm=False, modes=2)
2026-06-20 08:30:08  INFO       + RANKED: RESURGENCE (ltm=False, modes=1)
2026-06-20 08:30:08  INFO       + RESURGENCE CASUAL (ltm=False, modes=1)
2026-06-20 08:30:08  INFO       + BATTLE ROYALE CASUAL (ltm=False, modes=1)
2026-06-20 08:30:08  INFO       Totaal: 5 playlists, seizoen: 
2026-06-20 08:30:08  INFO         OK: 5 playlists
2026-06-20 08:30:08  INFO     
[5/5] HTML updaten...
2026-06-20 08:30:08  INFO       [MIGRATIE] HTML succesvol bijgewerkt
2026-06-20 08:30:08  INFO         OK: Bijgewerkt op 20/06/2026 08:30
2026-06-20 08:30:08  INFO     
BuitKing's Loadouts bijgewerkt!
2026-06-20 08:30:08  INFO     =======================================================
2026-06-21 09:05:48  INFO     =======================================================
2026-06-21 09:05:48  INFO     BuitKing's Loadout Updater gestart (v8 - geen TeeP)
2026-06-21 09:05:48  INFO     Datum: 21/06/2026 09:05
2026-06-21 09:05:48  INFO     
[1/4] WZ Meta scrapen (warzoneloadout.games)...
2026-06-21 09:05:48  INFO       Ophalen: https://warzoneloadout.games/warzone-meta/
2026-06-21 09:05:49  INFO       + MXR-17 (S, Assault Rifles, BO7)
2026-06-21 09:05:49  INFO       + DS20 Mirage (S, Assault Rifles, BO7)
2026-06-21 09:05:49  INFO       + Carbon 57 (S, SMGs, BO7)
2026-06-21 09:05:49  INFO       + Dravec 45 (S, SMGs, BO7)
2026-06-21 09:05:49  INFO       + Strider 300 (S, Sniper Rifles, BO7)
2026-06-21 09:05:49  INFO       + VX Compact (A, Assault Rifles, BO7)
2026-06-21 09:05:49  INFO       + AK-27 (A, Assault Rifles, BO7)
2026-06-21 09:05:49  INFO       + MPC-25 (A, SMGs, BO7)
2026-06-21 09:05:49  INFO       + Hawker HX (A, Sniper Rifles, BO7)
2026-06-21 09:05:49  INFO       + Voyak KT-3 (A, Assault Rifles, BO7)
2026-06-21 09:05:49  INFO       + VS Recon (A, Sniper Rifles, BO7)
2026-06-21 09:05:49  INFO       + Kogot-7 (A, SMGs, BO7)
2026-06-21 09:05:49  INFO       + Peacekeeper Mk1 (A, Assault Rifles, BO7)
2026-06-21 09:05:49  INFO       + EGRT-17 (A, Assault Rifles, BO7)
2026-06-21 09:05:49  INFO       + M15 Mod 0 (B, Assault Rifles, BO7)
2026-06-21 09:05:49  INFO       + REV-46 (B, SMGs, BO7)
2026-06-21 09:05:49  INFO       + MK35 ISR (B, Assault Rifles, BO7)
2026-06-21 09:05:49  INFO       + VST (B, SMGs, BO7)
2026-06-21 09:05:49  INFO       + XR-3 Ion (B, Sniper Rifles, BO7)
2026-06-21 09:05:49  INFO       + Sturmwolf 45 (B, SMGs, BO7)
2026-06-21 09:05:49  INFO       + TR2 (B, Marksman Rifles, BO6)
2026-06-21 09:05:49  INFO       + X9 Maverick (B, Assault Rifles, BO7)
2026-06-21 09:05:49  INFO       + Razor 9mm (B, SMGs, BO7)
2026-06-21 09:05:49  INFO       + Ryden 45K (B, SMGs, BO7)
2026-06-21 09:05:49  INFO       + Sokol 545 (B, LMGs, BO7)
2026-06-21 09:05:49  INFO       + CBRS-3 (B, SMGs, BO7)
2026-06-21 09:05:49  INFO       + LC10 (B, SMGs, BO6)
2026-06-21 09:05:49  INFO       + M8A1 (B, Marksman Rifles, BO7)
2026-06-21 09:05:49  INFO       + Swordfish A1 (B, Marksman Rifles, BO7)
2026-06-21 09:05:49  INFO       Totaal: 29 wapens
2026-06-21 09:05:49  INFO         OK: 29 wapens
2026-06-21 09:05:49  INFO     
[2/4] WZHUB Meta scrapen (wzhub.gg)...
2026-06-21 09:05:49  INFO       Browser openen: https://wzhub.gg/loadouts
2026-06-21 09:05:55  INFO       Pagina geladen — parsen...
2026-06-21 09:05:56  INFO       + Mxr-17 (S, )
2026-06-21 09:05:56  INFO       + Ds20 Mirage (S, )
2026-06-21 09:05:56  INFO       + Dravec 45 (S, )
2026-06-21 09:05:56  INFO       + Carbon 57 (S, )
2026-06-21 09:05:56  INFO       + Strider 300 (S, )
2026-06-21 09:05:56  INFO       + Voyak Kt-3 (A, )
2026-06-21 09:05:56  INFO       + Egrt-17 (A, )
2026-06-21 09:05:56  INFO       + Hawker Hx (A, )
2026-06-21 09:05:56  INFO       + Kogot-7 (A, )
2026-06-21 09:05:56  INFO       + Vs Recon (A, )
2026-06-21 09:05:56  INFO       Totaal: 10 wapens van wzhub.gg
2026-06-21 09:05:56  INFO         OK: 10 wapens
2026-06-21 09:05:56  INFO     
[3/4] RAW-data bouwen vanuit WZ Meta + WZHUB...
2026-06-21 09:05:56  INFO       RAW gebouwd: 29 wapens over 2 games
2026-06-21 09:05:56  INFO     
[4/4] Warzone Playlists scrapen (wzhub.gg/playlist/wz)...
2026-06-21 09:05:56  INFO       Ophalen: https://wzhub.gg/playlist/wz
2026-06-21 09:05:56  INFO       + RESURGENCE (ltm=False, modes=3)
2026-06-21 09:05:56  INFO       + BATTLE ROYALE (ltm=False, modes=2)
2026-06-21 09:05:56  INFO       + RANKED: RESURGENCE (ltm=False, modes=1)
2026-06-21 09:05:56  INFO       + RESURGENCE CASUAL (ltm=False, modes=1)
2026-06-21 09:05:56  INFO       + BATTLE ROYALE CASUAL (ltm=False, modes=1)
2026-06-21 09:05:56  INFO       Totaal: 5 playlists, seizoen: 
2026-06-21 09:05:56  INFO         OK: 5 playlists
2026-06-21 09:05:56  INFO     
[5/5] HTML updaten...
2026-06-21 09:05:56  INFO       [MIGRATIE] HTML succesvol bijgewerkt
2026-06-21 09:05:56  INFO         OK: Bijgewerkt op 21/06/2026 09:05
2026-06-21 09:05:56  INFO     
BuitKing's Loadouts bijgewerkt!
2026-06-21 09:05:56  INFO     =======================================================
2026-06-22 11:09:56  INFO     =======================================================
2026-06-22 11:09:56  INFO     BuitKing's Loadout Updater gestart (v8 - geen TeeP)
2026-06-22 11:09:56  INFO     Datum: 22/06/2026 11:09
2026-06-22 11:09:56  INFO     
[1/4] WZ Meta scrapen (warzoneloadout.games)...
2026-06-22 11:09:56  INFO       Ophalen: https://warzoneloadout.games/warzone-meta/
2026-06-22 11:10:01  INFO       + MXR-17 (S, Assault Rifles, BO7)
2026-06-22 11:10:01  INFO       + DS20 Mirage (S, Assault Rifles, BO7)
2026-06-22 11:10:01  INFO       + Carbon 57 (S, SMGs, BO7)
2026-06-22 11:10:01  INFO       + Dravec 45 (S, SMGs, BO7)
2026-06-22 11:10:01  INFO       + Strider 300 (S, Sniper Rifles, BO7)
2026-06-22 11:10:01  INFO       + VX Compact (A, Assault Rifles, BO7)
2026-06-22 11:10:01  INFO       + AK-27 (A, Assault Rifles, BO7)
2026-06-22 11:10:01  INFO       + MPC-25 (A, SMGs, BO7)
2026-06-22 11:10:01  INFO       + Hawker HX (A, Sniper Rifles, BO7)
2026-06-22 11:10:01  INFO       + Voyak KT-3 (A, Assault Rifles, BO7)
2026-06-22 11:10:01  INFO       + VS Recon (A, Sniper Rifles, BO7)
2026-06-22 11:10:01  INFO       + Kogot-7 (A, SMGs, BO7)
2026-06-22 11:10:01  INFO       + Peacekeeper Mk1 (A, Assault Rifles, BO7)
2026-06-22 11:10:01  INFO       + EGRT-17 (A, Assault Rifles, BO7)
2026-06-22 11:10:01  INFO       + M15 Mod 0 (B, Assault Rifles, BO7)
2026-06-22 11:10:01  INFO       + REV-46 (B, SMGs, BO7)
2026-06-22 11:10:01  INFO       + MK35 ISR (B, Assault Rifles, BO7)
2026-06-22 11:10:01  INFO       + VST (B, SMGs, BO7)
2026-06-22 11:10:01  INFO       + XR-3 Ion (B, Sniper Rifles, BO7)
2026-06-22 11:10:01  INFO       + Sturmwolf 45 (B, SMGs, BO7)
2026-06-22 11:10:01  INFO       + TR2 (B, Marksman Rifles, BO6)
2026-06-22 11:10:01  INFO       + X9 Maverick (B, Assault Rifles, BO7)
2026-06-22 11:10:01  INFO       + Razor 9mm (B, SMGs, BO7)
2026-06-22 11:10:01  INFO       + Ryden 45K (B, SMGs, BO7)
2026-06-22 11:10:01  INFO       + Sokol 545 (B, LMGs, BO7)
2026-06-22 11:10:01  INFO       + CBRS-3 (B, SMGs, BO7)
2026-06-22 11:10:01  INFO       + LC10 (B, SMGs, BO6)
2026-06-22 11:10:01  INFO       + M8A1 (B, Marksman Rifles, BO7)
2026-06-22 11:10:01  INFO       + Swordfish A1 (B, Marksman Rifles, BO7)
2026-06-22 11:10:01  INFO       Totaal: 29 wapens
2026-06-22 11:10:01  INFO         OK: 29 wapens
2026-06-22 11:10:01  INFO     
[2/4] WZHUB Meta scrapen (wzhub.gg)...
2026-06-22 11:10:01  INFO       Browser openen: https://wzhub.gg/loadouts
2026-06-22 11:10:09  INFO       Pagina geladen — parsen...
2026-06-22 11:10:09  INFO       + Mxr-17 (S, )
2026-06-22 11:10:09  INFO       + Ds20 Mirage (S, )
2026-06-22 11:10:09  INFO       + Dravec 45 (S, )
2026-06-22 11:10:09  INFO       + Carbon 57 (S, )
2026-06-22 11:10:09  INFO       + Strider 300 (S, )
2026-06-22 11:10:09  INFO       + Voyak Kt-3 (A, )
2026-06-22 11:10:09  INFO       + Egrt-17 (A, )
2026-06-22 11:10:09  INFO       + Hawker Hx (A, )
2026-06-22 11:10:09  INFO       + Kogot-7 (A, )
2026-06-22 11:10:09  INFO       + Vs Recon (A, )
2026-06-22 11:10:09  INFO       Totaal: 10 wapens van wzhub.gg
2026-06-22 11:10:09  INFO         OK: 10 wapens
2026-06-22 11:10:09  INFO     
[3/4] RAW-data bouwen vanuit WZ Meta + WZHUB...
2026-06-22 11:10:09  INFO       RAW gebouwd: 29 wapens over 2 games
2026-06-22 11:10:09  INFO     
[4/4] Warzone Playlists scrapen (wzhub.gg/playlist/wz)...
2026-06-22 11:10:09  INFO       Ophalen: https://wzhub.gg/playlist/wz
2026-06-22 11:10:10  INFO       + RESURGENCE (ltm=False, modes=3)
2026-06-22 11:10:10  INFO       + BATTLE ROYALE (ltm=False, modes=2)
2026-06-22 11:10:10  INFO       + RANKED: RESURGENCE (ltm=False, modes=1)
2026-06-22 11:10:10  INFO       + RESURGENCE CASUAL (ltm=False, modes=1)
2026-06-22 11:10:10  INFO       + BATTLE ROYALE CASUAL (ltm=False, modes=1)
2026-06-22 11:10:10  INFO       Totaal: 5 playlists, seizoen: 
2026-06-22 11:10:10  INFO         OK: 5 playlists
2026-06-22 11:10:10  INFO     
[5/5] HTML updaten...
2026-06-22 11:10:10  INFO       [MIGRATIE] HTML succesvol bijgewerkt
2026-06-22 11:10:10  INFO         OK: Bijgewerkt op 22/06/2026 11:09
2026-06-22 11:10:10  INFO     
BuitKing's Loadouts bijgewerkt!
2026-06-22 11:10:10  INFO     =======================================================
2026-06-23 08:40:27  INFO     =======================================================
2026-06-23 08:40:27  INFO     BuitKing's Loadout Updater gestart (v8 - geen TeeP)
2026-06-23 08:40:27  INFO     Datum: 23/06/2026 08:40
2026-06-23 08:40:27  INFO     
[1/4] WZ Meta scrapen (warzoneloadout.games)...
2026-06-23 08:40:27  INFO       Ophalen: https://warzoneloadout.games/warzone-meta/
2026-06-23 08:40:28  INFO       + MXR-17 (S, Assault Rifles, BO7)
2026-06-23 08:40:28  INFO       + DS20 Mirage (S, Assault Rifles, BO7)
2026-06-23 08:40:28  INFO       + Carbon 57 (S, SMGs, BO7)
2026-06-23 08:40:28  INFO       + Dravec 45 (S, SMGs, BO7)
2026-06-23 08:40:28  INFO       + Strider 300 (S, Sniper Rifles, BO7)
2026-06-23 08:40:28  INFO       + VX Compact (A, Assault Rifles, BO7)
2026-06-23 08:40:28  INFO       + AK-27 (A, Assault Rifles, BO7)
2026-06-23 08:40:28  INFO       + MPC-25 (A, SMGs, BO7)
2026-06-23 08:40:28  INFO       + Hawker HX (A, Sniper Rifles, BO7)
2026-06-23 08:40:28  INFO       + Voyak KT-3 (A, Assault Rifles, BO7)
2026-06-23 08:40:28  INFO       + VS Recon (A, Sniper Rifles, BO7)
2026-06-23 08:40:28  INFO       + Kogot-7 (A, SMGs, BO7)
2026-06-23 08:40:28  INFO       + Peacekeeper Mk1 (A, Assault Rifles, BO7)
2026-06-23 08:40:28  INFO       + EGRT-17 (A, Assault Rifles, BO7)
2026-06-23 08:40:28  INFO       + M15 Mod 0 (B, Assault Rifles, BO7)
2026-06-23 08:40:28  INFO       + REV-46 (B, SMGs, BO7)
2026-06-23 08:40:28  INFO       + MK35 ISR (B, Assault Rifles, BO7)
2026-06-23 08:40:28  INFO       + VST (B, SMGs, BO7)
2026-06-23 08:40:28  INFO       + XR-3 Ion (B, Sniper Rifles, BO7)
2026-06-23 08:40:28  INFO       + Sturmwolf 45 (B, SMGs, BO7)
2026-06-23 08:40:28  INFO       + TR2 (B, Marksman Rifles, BO6)
2026-06-23 08:40:28  INFO       + X9 Maverick (B, Assault Rifles, BO7)
2026-06-23 08:40:28  INFO       + Razor 9mm (B, SMGs, BO7)
2026-06-23 08:40:28  INFO       + Ryden 45K (B, SMGs, BO7)
2026-06-23 08:40:28  INFO       + Sokol 545 (B, LMGs, BO7)
2026-06-23 08:40:28  INFO       + CBRS-3 (B, SMGs, BO7)
2026-06-23 08:40:28  INFO       + LC10 (B, SMGs, BO6)
2026-06-23 08:40:28  INFO       + M8A1 (B, Marksman Rifles, BO7)
2026-06-23 08:40:28  INFO       + Swordfish A1 (B, Marksman Rifles, BO7)
2026-06-23 08:40:28  INFO       Totaal: 29 wapens
2026-06-23 08:40:28  INFO         OK: 29 wapens
2026-06-23 08:40:28  INFO     
[2/4] WZHUB Meta scrapen (wzhub.gg)...
2026-06-23 08:40:28  INFO       Browser openen: https://wzhub.gg/loadouts
2026-06-23 08:40:36  INFO       Pagina geladen — parsen...
2026-06-23 08:40:37  INFO       + Mxr-17 (S, )
2026-06-23 08:40:37  INFO       + Ds20 Mirage (S, )
2026-06-23 08:40:37  INFO       + Dravec 45 (S, )
2026-06-23 08:40:37  INFO       + Carbon 57 (S, )
2026-06-23 08:40:37  INFO       + Strider 300 (S, )
2026-06-23 08:40:37  INFO       + Voyak Kt-3 (A, )
2026-06-23 08:40:37  INFO       + Egrt-17 (A, )
2026-06-23 08:40:37  INFO       + Hawker Hx (A, )
2026-06-23 08:40:37  INFO       + Kogot-7 (A, )
2026-06-23 08:40:37  INFO       + Vs Recon (A, )
2026-06-23 08:40:37  INFO       Totaal: 10 wapens van wzhub.gg
2026-06-23 08:40:37  INFO         OK: 10 wapens
2026-06-23 08:40:37  INFO     
[3/4] RAW-data bouwen vanuit WZ Meta + WZHUB...
2026-06-23 08:40:37  INFO       RAW gebouwd: 29 wapens over 2 games
2026-06-23 08:40:37  INFO     
[4/4] Warzone Playlists scrapen (wzhub.gg/playlist/wz)...
2026-06-23 08:40:37  INFO       Ophalen: https://wzhub.gg/playlist/wz
2026-06-23 08:40:37  INFO       + RESURGENCE (ltm=False, modes=3)
2026-06-23 08:40:37  INFO       + BATTLE ROYALE (ltm=False, modes=2)
2026-06-23 08:40:37  INFO       + RANKED: RESURGENCE (ltm=False, modes=1)
2026-06-23 08:40:37  INFO       + RESURGENCE CASUAL (ltm=False, modes=1)
2026-06-23 08:40:37  INFO       + BATTLE ROYALE CASUAL (ltm=False, modes=1)
2026-06-23 08:40:37  INFO       Totaal: 5 playlists, seizoen: 
2026-06-23 08:40:37  INFO         OK: 5 playlists
2026-06-23 08:40:37  INFO     
[5/5] HTML updaten...
2026-06-23 08:40:37  INFO       [MIGRATIE] HTML succesvol bijgewerkt
2026-06-23 08:40:37  INFO         OK: Bijgewerkt op 23/06/2026 08:40
2026-06-23 08:40:37  INFO     
BuitKing's Loadouts bijgewerkt!
2026-06-23 08:40:37  INFO     =======================================================
2026-06-24 08:37:44  INFO     =======================================================
2026-06-24 08:37:44  INFO     BuitKing's Loadout Updater gestart (v8 - geen TeeP)
2026-06-24 08:37:44  INFO     Datum: 24/06/2026 08:37
2026-06-24 08:37:44  INFO     
[1/4] WZ Meta scrapen (warzoneloadout.games)...
2026-06-24 08:37:44  INFO       Ophalen: https://warzoneloadout.games/warzone-meta/
2026-06-24 08:37:45  INFO       + MXR-17 (S, Assault Rifles, BO7)
2026-06-24 08:37:45  INFO       + DS20 Mirage (S, Assault Rifles, BO7)
2026-06-24 08:37:45  INFO       + Carbon 57 (S, SMGs, BO7)
2026-06-24 08:37:45  INFO       + Dravec 45 (S, SMGs, BO7)
2026-06-24 08:37:45  INFO       + Strider 300 (S, Sniper Rifles, BO7)
2026-06-24 08:37:45  INFO       + VX Compact (A, Assault Rifles, BO7)
2026-06-24 08:37:45  INFO       + AK-27 (A, Assault Rifles, BO7)
2026-06-24 08:37:45  INFO       + MPC-25 (A, SMGs, BO7)
2026-06-24 08:37:45  INFO       + Hawker HX (A, Sniper Rifles, BO7)
2026-06-24 08:37:45  INFO       + Voyak KT-3 (A, Assault Rifles, BO7)
2026-06-24 08:37:45  INFO       + VS Recon (A, Sniper Rifles, BO7)
2026-06-24 08:37:45  INFO       + Kogot-7 (A, SMGs, BO7)
2026-06-24 08:37:45  INFO       + Peacekeeper Mk1 (A, Assault Rifles, BO7)
2026-06-24 08:37:45  INFO       + EGRT-17 (A, Assault Rifles, BO7)
2026-06-24 08:37:45  INFO       + M15 Mod 0 (B, Assault Rifles, BO7)
2026-06-24 08:37:45  INFO       + REV-46 (B, SMGs, BO7)
2026-06-24 08:37:45  INFO       + MK35 ISR (B, Assault Rifles, BO7)
2026-06-24 08:37:45  INFO       + VST (B, SMGs, BO7)
2026-06-24 08:37:45  INFO       + XR-3 Ion (B, Sniper Rifles, BO7)
2026-06-24 08:37:45  INFO       + Sturmwolf 45 (B, SMGs, BO7)
2026-06-24 08:37:45  INFO       + TR2 (B, Marksman Rifles, BO6)
2026-06-24 08:37:45  INFO       + X9 Maverick (B, Assault Rifles, BO7)
2026-06-24 08:37:45  INFO       + Razor 9mm (B, SMGs, BO7)
2026-06-24 08:37:45  INFO       + Ryden 45K (B, SMGs, BO7)
2026-06-24 08:37:45  INFO       + Sokol 545 (B, LMGs, BO7)
2026-06-24 08:37:45  INFO       + CBRS-3 (B, SMGs, BO7)
2026-06-24 08:37:45  INFO       + LC10 (B, SMGs, BO6)
2026-06-24 08:37:45  INFO       + M8A1 (B, Marksman Rifles, BO7)
2026-06-24 08:37:45  INFO       + Swordfish A1 (B, Marksman Rifles, BO7)
2026-06-24 08:37:45  INFO       Totaal: 29 wapens
2026-06-24 08:37:45  INFO         OK: 29 wapens
2026-06-24 08:37:45  INFO     
[2/4] WZHUB Meta scrapen (wzhub.gg)...
2026-06-24 08:37:45  INFO       Browser openen: https://wzhub.gg/loadouts
2026-06-24 08:37:54  INFO       Pagina geladen — parsen...
2026-06-24 08:37:55  INFO       + Mxr-17 (S, )
2026-06-24 08:37:55  INFO       + Ds20 Mirage (S, )
2026-06-24 08:37:55  INFO       + Dravec 45 (S, )
2026-06-24 08:37:55  INFO       + Carbon 57 (S, )
2026-06-24 08:37:55  INFO       + Strider 300 (S, )
2026-06-24 08:37:55  INFO       + Voyak Kt-3 (A, )
2026-06-24 08:37:55  INFO       + Egrt-17 (A, )
2026-06-24 08:37:55  INFO       + Hawker Hx (A, )
2026-06-24 08:37:55  INFO       + Kogot-7 (A, )
2026-06-24 08:37:55  INFO       + Vs Recon (A, )
2026-06-24 08:37:55  INFO       Totaal: 10 wapens van wzhub.gg
2026-06-24 08:37:55  INFO         OK: 10 wapens
2026-06-24 08:37:55  INFO     
[3/4] RAW-data bouwen vanuit WZ Meta + WZHUB...
2026-06-24 08:37:55  INFO       RAW gebouwd: 29 wapens over 2 games
2026-06-24 08:37:55  INFO     
[4/4] Warzone Playlists scrapen (wzhub.gg/playlist/wz)...
2026-06-24 08:37:55  INFO       Ophalen: https://wzhub.gg/playlist/wz
2026-06-24 08:37:55  INFO       + RESURGENCE (ltm=False, modes=3)
2026-06-24 08:37:55  INFO       + BATTLE ROYALE (ltm=False, modes=2)
2026-06-24 08:37:55  INFO       + RANKED: RESURGENCE (ltm=False, modes=1)
2026-06-24 08:37:55  INFO       + RESURGENCE CASUAL (ltm=False, modes=1)
2026-06-24 08:37:55  INFO       + BATTLE ROYALE CASUAL (ltm=False, modes=1)
2026-06-24 08:37:55  INFO       Totaal: 5 playlists, seizoen: 
2026-06-24 08:37:55  INFO         OK: 5 playlists
2026-06-24 08:37:55  INFO     
[5/5] HTML updaten...
2026-06-24 08:37:55  INFO       [MIGRATIE] HTML succesvol bijgewerkt
2026-06-24 08:37:55  INFO         OK: Bijgewerkt op 24/06/2026 08:37
2026-06-24 08:37:55  INFO     
BuitKing's Loadouts bijgewerkt!
2026-06-24 08:37:55  INFO     =======================================================
2026-06-25 08:33:24  INFO     =======================================================
2026-06-25 08:33:24  INFO     BuitKing's Loadout Updater gestart (v8 - geen TeeP)
2026-06-25 08:33:24  INFO     Datum: 25/06/2026 08:33
2026-06-25 08:33:24  INFO     
[1/4] WZ Meta scrapen (warzoneloadout.games)...
2026-06-25 08:33:24  INFO       Ophalen: https://warzoneloadout.games/warzone-meta/
2026-06-25 08:33:29  INFO       + MXR-17 (S, Assault Rifles, BO7)
2026-06-25 08:33:29  INFO       + DS20 Mirage (S, Assault Rifles, BO7)
2026-06-25 08:33:29  INFO       + Carbon 57 (S, SMGs, BO7)
2026-06-25 08:33:29  INFO       + Dravec 45 (S, SMGs, BO7)
2026-06-25 08:33:29  INFO       + Strider 300 (S, Sniper Rifles, BO7)
2026-06-25 08:33:29  INFO       + VX Compact (A, Assault Rifles, BO7)
2026-06-25 08:33:29  INFO       + AK-27 (A, Assault Rifles, BO7)
2026-06-25 08:33:29  INFO       + MPC-25 (A, SMGs, BO7)
2026-06-25 08:33:29  INFO       + Hawker HX (A, Sniper Rifles, BO7)
2026-06-25 08:33:29  INFO       + VS Recon (A, Sniper Rifles, BO7)
2026-06-25 08:33:29  INFO       + Kogot-7 (A, SMGs, BO7)
2026-06-25 08:33:29  INFO       + Peacekeeper Mk1 (A, Assault Rifles, BO7)
2026-06-25 08:33:29  INFO       + EGRT-17 (A, Assault Rifles, BO7)
2026-06-25 08:33:29  INFO       + MK35 ISR (A, Assault Rifles, BO7)
2026-06-25 08:33:29  INFO       + M15 Mod 0 (B, Assault Rifles, BO7)
2026-06-25 08:33:29  INFO       + REV-46 (B, SMGs, BO7)
2026-06-25 08:33:29  INFO       + VST (B, SMGs, BO7)
2026-06-25 08:33:29  INFO       + XR-3 Ion (B, Sniper Rifles, BO7)
2026-06-25 08:33:29  INFO       + Sturmwolf 45 (B, SMGs, BO7)
2026-06-25 08:33:29  INFO       + Voyak KT-3 (B, Assault Rifles, BO7)
2026-06-25 08:33:29  INFO       + TR2 (B, Marksman Rifles, BO6)
2026-06-25 08:33:29  INFO       + X9 Maverick (B, Assault Rifles, BO7)
2026-06-25 08:33:29  INFO       + Razor 9mm (B, SMGs, BO7)
2026-06-25 08:33:29  INFO       + Ryden 45K (B, SMGs, BO7)
2026-06-25 08:33:29  INFO       + Sokol 545 (B, LMGs, BO7)
2026-06-25 08:33:29  INFO       + CBRS-3 (B, SMGs, BO7)
2026-06-25 08:33:29  INFO       + LC10 (B, SMGs, BO6)
2026-06-25 08:33:29  INFO       + M8A1 (B, Marksman Rifles, BO7)
2026-06-25 08:33:29  INFO       + Swordfish A1 (B, Marksman Rifles, BO7)
2026-06-25 08:33:29  INFO       Totaal: 29 wapens
2026-06-25 08:33:29  INFO         OK: 29 wapens
2026-06-25 08:33:29  INFO     
[2/4] WZHUB Meta scrapen (wzhub.gg)...
2026-06-25 08:33:29  INFO       Browser openen: https://wzhub.gg/loadouts
2026-06-25 08:33:38  INFO       Pagina geladen — parsen...
2026-06-25 08:33:38  INFO       + Mxr-17 (S, )
2026-06-25 08:33:38  INFO       + Ds20 Mirage (S, )
2026-06-25 08:33:38  INFO       + Dravec 45 (S, )
2026-06-25 08:33:38  INFO       + Carbon 57 (S, )
2026-06-25 08:33:38  INFO       + Strider 300 (S, )
2026-06-25 08:33:38  INFO       + Voyak Kt-3 (A, )
2026-06-25 08:33:38  INFO       + Egrt-17 (A, )
2026-06-25 08:33:38  INFO       + Hawker Hx (A, )
2026-06-25 08:33:38  INFO       + Kogot-7 (A, )
2026-06-25 08:33:38  INFO       + Vs Recon (A, )
2026-06-25 08:33:38  INFO       Totaal: 10 wapens van wzhub.gg
2026-06-25 08:33:38  INFO         OK: 10 wapens
2026-06-25 08:33:38  INFO     
[3/4] RAW-data bouwen vanuit WZ Meta + WZHUB...
2026-06-25 08:33:38  INFO       RAW gebouwd: 29 wapens over 2 games
2026-06-25 08:33:38  INFO     
[4/4] Warzone Playlists scrapen (wzhub.gg/playlist/wz)...
2026-06-25 08:33:38  INFO       Ophalen: https://wzhub.gg/playlist/wz
2026-06-25 08:33:39  INFO       + RESURGENCE (ltm=False, modes=3)
2026-06-25 08:33:39  INFO       + BATTLE ROYALE (ltm=False, modes=2)
2026-06-25 08:33:39  INFO       + RANKED: RESURGENCE (ltm=False, modes=1)
2026-06-25 08:33:39  INFO       + RESURGENCE CASUAL (ltm=False, modes=1)
2026-06-25 08:33:39  INFO       + BATTLE ROYALE CASUAL (ltm=False, modes=1)
2026-06-25 08:33:39  INFO       Totaal: 5 playlists, seizoen: 
2026-06-25 08:33:39  INFO         OK: 5 playlists
2026-06-25 08:33:39  INFO     
[5/5] HTML updaten...
2026-06-25 08:33:39  INFO       [MIGRATIE] HTML succesvol bijgewerkt
2026-06-25 08:33:39  INFO         OK: Bijgewerkt op 25/06/2026 08:33
2026-06-25 08:33:39  INFO     
BuitKing's Loadouts bijgewerkt!
2026-06-25 08:33:39  INFO     =======================================================
2026-06-26 08:37:27  INFO     =======================================================
2026-06-26 08:37:27  INFO     BuitKing's Loadout Updater gestart (v8 - geen TeeP)
2026-06-26 08:37:27  INFO     Datum: 26/06/2026 08:37
2026-06-26 08:37:27  INFO     
[1/4] WZ Meta scrapen (warzoneloadout.games)...
2026-06-26 08:37:27  INFO       Ophalen: https://warzoneloadout.games/warzone-meta/
2026-06-26 08:37:28  INFO       + MXR-17 (S, Assault Rifles, BO7)
2026-06-26 08:37:28  INFO       + Carbon 57 (S, SMGs, BO7)
2026-06-26 08:37:28  INFO       + Dravec 45 (S, SMGs, BO7)
2026-06-26 08:37:28  INFO       + AK-27 (S, Assault Rifles, BO7)
2026-06-26 08:37:28  INFO       + Strider 300 (S, Sniper Rifles, BO7)
2026-06-26 08:37:28  INFO       + REV-46 (A, SMGs, BO7)
2026-06-26 08:37:28  INFO       + VX Compact (A, Assault Rifles, BO7)
2026-06-26 08:37:28  INFO       + DS20 Mirage (A, Assault Rifles, BO7)
2026-06-26 08:37:28  INFO       + MPC-25 (A, SMGs, BO7)
2026-06-26 08:37:28  INFO       + Hawker HX (A, Sniper Rifles, BO7)
2026-06-26 08:37:28  INFO       + AN-94 (A, Assault Rifles, BO7)
2026-06-26 08:37:28  INFO       + VS Recon (A, Sniper Rifles, BO7)
2026-06-26 08:37:28  INFO       + Kogot-7 (A, SMGs, BO7)
2026-06-26 08:37:28  INFO       + Peacekeeper Mk1 (A, Assault Rifles, BO7)
2026-06-26 08:37:28  INFO       + EGRT-17 (A, Assault Rifles, BO7)
2026-06-26 08:37:28  INFO       + MK35 ISR (A, Assault Rifles, BO7)
2026-06-26 08:37:28  INFO       + M15 Mod 0 (B, Assault Rifles, BO7)
2026-06-26 08:37:28  INFO       + VST (B, SMGs, BO7)
2026-06-26 08:37:28  INFO       + XR-3 Ion (B, Sniper Rifles, BO7)
2026-06-26 08:37:28  INFO       + Sturmwolf 45 (B, SMGs, BO7)
2026-06-26 08:37:28  INFO       + Voyak KT-3 (B, Assault Rifles, BO7)
2026-06-26 08:37:28  INFO       + TR2 (B, Marksman Rifles, BO6)
2026-06-26 08:37:28  INFO       + X9 Maverick (B, Assault Rifles, BO7)
2026-06-26 08:37:28  INFO       + Razor 9mm (B, SMGs, BO7)
2026-06-26 08:37:28  INFO       + Ryden 45K (B, SMGs, BO7)
2026-06-26 08:37:28  INFO       + Sokol 545 (B, LMGs, BO7)
2026-06-26 08:37:28  INFO       + CBRS-3 (B, SMGs, BO7)
2026-06-26 08:37:28  INFO       + LC10 (B, SMGs, BO6)
2026-06-26 08:37:28  INFO       + M8A1 (B, Marksman Rifles, BO7)
2026-06-26 08:37:28  INFO       + Swordfish A1 (B, Marksman Rifles, BO7)
2026-06-26 08:37:28  INFO       Totaal: 30 wapens
2026-06-26 08:37:28  INFO         OK: 30 wapens
2026-06-26 08:37:28  INFO     
[2/4] WZHUB Meta scrapen (wzhub.gg)...
2026-06-26 08:37:28  INFO       Browser openen: https://wzhub.gg/loadouts
2026-06-26 08:37:32  INFO       Pagina geladen — parsen...
2026-06-26 08:37:32  INFO       + Mxr-17 (S, )
2026-06-26 08:37:32  INFO       + Ds20 Mirage (S, )
2026-06-26 08:37:32  INFO       + Dravec 45 (S, )
2026-06-26 08:37:32  INFO       + Carbon 57 (S, )
2026-06-26 08:37:32  INFO       + Strider 300 (S, )
2026-06-26 08:37:32  INFO       + Voyak Kt-3 (A, )
2026-06-26 08:37:32  INFO       + Egrt-17 (A, )
2026-06-26 08:37:32  INFO       + Hawker Hx (A, )
2026-06-26 08:37:32  INFO       + Kogot-7 (A, )
2026-06-26 08:37:32  INFO       + Vs Recon (A, )
2026-06-26 08:37:32  INFO       Totaal: 10 wapens van wzhub.gg
2026-06-26 08:37:32  INFO         OK: 10 wapens
2026-06-26 08:37:32  INFO     
[3/4] RAW-data bouwen vanuit WZ Meta + WZHUB...
2026-06-26 08:37:32  INFO       RAW gebouwd: 30 wapens over 2 games
2026-06-26 08:37:32  INFO     
[4/4] Warzone Playlists scrapen (wzhub.gg/playlist/wz)...
2026-06-26 08:37:32  INFO       Ophalen: https://wzhub.gg/playlist/wz
2026-06-26 08:37:32  INFO       + RESURGENCE (ltm=False, modes=3)
2026-06-26 08:37:32  INFO       + BATTLE ROYALE (ltm=False, modes=2)
2026-06-26 08:37:32  INFO       + RANKED: RESURGENCE (ltm=False, modes=1)
2026-06-26 08:37:32  INFO       + RESURGENCE CASUAL (ltm=False, modes=1)
2026-06-26 08:37:32  INFO       + BATTLE ROYALE CASUAL (ltm=False, modes=1)
2026-06-26 08:37:32  INFO       Totaal: 5 playlists, seizoen: 
2026-06-26 08:37:32  INFO         OK: 5 playlists
2026-06-26 08:37:32  INFO     
[5/5] HTML updaten...
2026-06-26 08:37:32  INFO       [MIGRATIE] HTML succesvol bijgewerkt
2026-06-26 08:37:32  INFO         OK: Bijgewerkt op 26/06/2026 08:37
2026-06-26 08:37:32  INFO     
BuitKing's Loadouts bijgewerkt!
2026-06-26 08:37:32  INFO     =======================================================
2026-06-27 08:08:00  INFO     =======================================================
2026-06-27 08:08:00  INFO     BuitKing's Loadout Updater gestart (v8 - geen TeeP)
2026-06-27 08:08:00  INFO     Datum: 27/06/2026 08:08
2026-06-27 08:08:00  INFO     
[1/4] WZ Meta scrapen (warzoneloadout.games)...
2026-06-27 08:08:00  INFO       Ophalen: https://warzoneloadout.games/warzone-meta/
2026-06-27 08:08:04  INFO       + MXR-17 (S, Assault Rifles, BO7)
2026-06-27 08:08:04  INFO       + Carbon 57 (S, SMGs, BO7)
2026-06-27 08:08:04  INFO       + Dravec 45 (S, SMGs, BO7)
2026-06-27 08:08:04  INFO       + AK-27 (S, Assault Rifles, BO7)
2026-06-27 08:08:04  INFO       + Strider 300 (S, Sniper Rifles, BO7)
2026-06-27 08:08:04  INFO       + REV-46 (A, SMGs, BO7)
2026-06-27 08:08:04  INFO       + VX Compact (A, Assault Rifles, BO7)
2026-06-27 08:08:04  INFO       + DS20 Mirage (A, Assault Rifles, BO7)
2026-06-27 08:08:04  INFO       + MPC-25 (A, SMGs, BO7)
2026-06-27 08:08:04  INFO       + Hawker HX (A, Sniper Rifles, BO7)
2026-06-27 08:08:04  INFO       + AN-94 (A, Assault Rifles, BO7)
2026-06-27 08:08:04  INFO       + VS Recon (A, Sniper Rifles, BO7)
2026-06-27 08:08:04  INFO       + Kogot-7 (A, SMGs, BO7)
2026-06-27 08:08:04  INFO       + Peacekeeper Mk1 (A, Assault Rifles, BO7)
2026-06-27 08:08:04  INFO       + EGRT-17 (A, Assault Rifles, BO7)
2026-06-27 08:08:04  INFO       + MK35 ISR (A, Assault Rifles, BO7)
2026-06-27 08:08:04  INFO       + M15 Mod 0 (B, Assault Rifles, BO7)
2026-06-27 08:08:04  INFO       + VST (B, SMGs, BO7)
2026-06-27 08:08:04  INFO       + XR-3 Ion (B, Sniper Rifles, BO7)
2026-06-27 08:08:04  INFO       + Sturmwolf 45 (B, SMGs, BO7)
2026-06-27 08:08:04  INFO       + Voyak KT-3 (B, Assault Rifles, BO7)
2026-06-27 08:08:04  INFO       + TR2 (B, Marksman Rifles, BO6)
2026-06-27 08:08:04  INFO       + X9 Maverick (B, Assault Rifles, BO7)
2026-06-27 08:08:04  INFO       + Razor 9mm (B, SMGs, BO7)
2026-06-27 08:08:04  INFO       + Ryden 45K (B, SMGs, BO7)
2026-06-27 08:08:04  INFO       + Sokol 545 (B, LMGs, BO7)
2026-06-27 08:08:04  INFO       + CBRS-3 (B, SMGs, BO7)
2026-06-27 08:08:04  INFO       + LC10 (B, SMGs, BO6)
2026-06-27 08:08:04  INFO       + M8A1 (B, Marksman Rifles, BO7)
2026-06-27 08:08:04  INFO       + Swordfish A1 (B, Marksman Rifles, BO7)
2026-06-27 08:08:04  INFO       Totaal: 30 wapens
2026-06-27 08:08:04  INFO         OK: 30 wapens
2026-06-27 08:08:04  INFO     
[2/4] WZHUB Meta scrapen (wzhub.gg)...
2026-06-27 08:08:04  INFO       Browser openen: https://wzhub.gg/loadouts
2026-06-27 08:08:12  INFO       Pagina geladen — parsen...
2026-06-27 08:08:12  INFO       + Mxr-17 (S, )
2026-06-27 08:08:12  INFO       + Ds20 Mirage (S, )
2026-06-27 08:08:12  INFO       + Dravec 45 (S, )
2026-06-27 08:08:12  INFO       + Carbon 57 (S, )
2026-06-27 08:08:12  INFO       + Strider 300 (S, )
2026-06-27 08:08:12  INFO       + Voyak Kt-3 (A, )
2026-06-27 08:08:12  INFO       + Egrt-17 (A, )
2026-06-27 08:08:12  INFO       + Hawker Hx (A, )
2026-06-27 08:08:12  INFO       + Kogot-7 (A, )
2026-06-27 08:08:12  INFO       + Vs Recon (A, )
2026-06-27 08:08:12  INFO       Totaal: 10 wapens van wzhub.gg
2026-06-27 08:08:12  INFO         OK: 10 wapens
2026-06-27 08:08:12  INFO     
[3/4] RAW-data bouwen vanuit WZ Meta + WZHUB...
2026-06-27 08:08:12  INFO       RAW gebouwd: 30 wapens over 2 games
2026-06-27 08:08:12  INFO     
[4/4] Warzone Playlists scrapen (wzhub.gg/playlist/wz)...
2026-06-27 08:08:12  INFO       Ophalen: https://wzhub.gg/playlist/wz
2026-06-27 08:08:12  INFO       + RESURGENCE (ltm=False, modes=3)
2026-06-27 08:08:12  INFO       + BATTLE ROYALE (ltm=False, modes=2)
2026-06-27 08:08:12  INFO       + RANKED: RESURGENCE (ltm=False, modes=1)
2026-06-27 08:08:12  INFO       + RESURGENCE CASUAL (ltm=False, modes=1)
2026-06-27 08:08:12  INFO       + BATTLE ROYALE CASUAL (ltm=False, modes=1)
2026-06-27 08:08:12  INFO       Totaal: 5 playlists, seizoen: 
2026-06-27 08:08:12  INFO         OK: 5 playlists
2026-06-27 08:08:12  INFO     
[5/5] HTML updaten...
2026-06-27 08:08:12  INFO       [MIGRATIE] HTML succesvol bijgewerkt
2026-06-27 08:08:12  INFO         OK: Bijgewerkt op 27/06/2026 08:08
2026-06-27 08:08:12  INFO     
BuitKing's Loadouts bijgewerkt!
2026-06-27 08:08:12  INFO     =======================================================
2026-06-28 08:30:39  INFO     =======================================================
2026-06-28 08:30:39  INFO     BuitKing's Loadout Updater gestart (v8 - geen TeeP)
2026-06-28 08:30:39  INFO     Datum: 28/06/2026 08:30
2026-06-28 08:30:39  INFO     
[1/4] WZ Meta scrapen (warzoneloadout.games)...
2026-06-28 08:30:39  INFO       Ophalen: https://warzoneloadout.games/warzone-meta/
2026-06-28 08:30:40  INFO       + MXR-17 (S, Assault Rifles, BO7)
2026-06-28 08:30:40  INFO       + Carbon 57 (S, SMGs, BO7)
2026-06-28 08:30:40  INFO       + AK-27 (S, Assault Rifles, BO7)
2026-06-28 08:30:40  INFO       + Strider 300 (S, Sniper Rifles, BO7)
2026-06-28 08:30:40  INFO       + Dravec 45 (A, SMGs, BO7)
2026-06-28 08:30:40  INFO       + VX Compact (A, Assault Rifles, BO7)
2026-06-28 08:30:40  INFO       + DS20 Mirage (A, Assault Rifles, BO7)
2026-06-28 08:30:40  INFO       + MPC-25 (A, SMGs, BO7)
2026-06-28 08:30:40  INFO       + Hawker HX (A, Sniper Rifles, BO7)
2026-06-28 08:30:40  INFO       + AN-94 (A, Assault Rifles, BO7)
2026-06-28 08:30:40  INFO       + VS Recon (A, Sniper Rifles, BO7)
2026-06-28 08:30:40  INFO       + Kogot-7 (A, SMGs, BO7)
2026-06-28 08:30:40  INFO       + Peacekeeper Mk1 (A, Assault Rifles, BO7)
2026-06-28 08:30:40  INFO       + EGRT-17 (A, Assault Rifles, BO7)
2026-06-28 08:30:40  INFO       + MK35 ISR (A, Assault Rifles, BO7)
2026-06-28 08:30:40  INFO       + M15 Mod 0 (B, Assault Rifles, BO7)
2026-06-28 08:30:40  INFO       + Sturmwolf 45 (B, SMGs, BO7)
2026-06-28 08:30:40  INFO       + VST (B, SMGs, BO7)
2026-06-28 08:30:40  INFO       + XR-3 Ion (B, Sniper Rifles, BO7)
2026-06-28 08:30:40  INFO       + REV-46 (B, SMGs, BO7)
2026-06-28 08:30:40  INFO       + Voyak KT-3 (B, Assault Rifles, BO7)
2026-06-28 08:30:40  INFO       + TR2 (B, Marksman Rifles, BO6)
2026-06-28 08:30:40  INFO       + X9 Maverick (B, Assault Rifles, BO7)
2026-06-28 08:30:40  INFO       + Razor 9mm (B, SMGs, BO7)
2026-06-28 08:30:40  INFO       + Ryden 45K (B, SMGs, BO7)
2026-06-28 08:30:40  INFO       + Sokol 545 (B, LMGs, BO7)
2026-06-28 08:30:40  INFO       + CBRS-3 (B, SMGs, BO7)
2026-06-28 08:30:40  INFO       + LC10 (B, SMGs, BO6)
2026-06-28 08:30:40  INFO       + M8A1 (B, Marksman Rifles, BO7)
2026-06-28 08:30:40  INFO       + Swordfish A1 (B, Marksman Rifles, BO7)
2026-06-28 08:30:40  INFO       Totaal: 30 wapens
2026-06-28 08:30:40  INFO         OK: 30 wapens
2026-06-28 08:30:40  INFO     
[2/4] WZHUB Meta scrapen (wzhub.gg)...
2026-06-28 08:30:41  INFO       Browser openen: https://wzhub.gg/loadouts
2026-06-28 08:30:49  INFO       Pagina geladen — parsen...
2026-06-28 08:30:50  INFO       + Mxr-17 (S, )
2026-06-28 08:30:50  INFO       + Ds20 Mirage (S, )
2026-06-28 08:30:50  INFO       + Dravec 45 (S, )
2026-06-28 08:30:50  INFO       + Carbon 57 (S, )
2026-06-28 08:30:50  INFO       + Strider 300 (S, )
2026-06-28 08:30:50  INFO       + Voyak Kt-3 (A, )
2026-06-28 08:30:50  INFO       + Egrt-17 (A, )
2026-06-28 08:30:50  INFO       + Hawker Hx (A, )
2026-06-28 08:30:50  INFO       + Kogot-7 (A, )
2026-06-28 08:30:50  INFO       + Vs Recon (A, )
2026-06-28 08:30:50  INFO       Totaal: 10 wapens van wzhub.gg
2026-06-28 08:30:50  INFO         OK: 10 wapens
2026-06-28 08:30:50  INFO     
[3/4] RAW-data bouwen vanuit WZ Meta + WZHUB...
2026-06-28 08:30:50  INFO       RAW gebouwd: 30 wapens over 2 games
2026-06-28 08:30:50  INFO     
[4/4] Warzone Playlists scrapen (wzhub.gg/playlist/wz)...
2026-06-28 08:30:50  INFO       Ophalen: https://wzhub.gg/playlist/wz
2026-06-28 08:30:50  INFO       + RESURGENCE (ltm=False, modes=3)
2026-06-28 08:30:50  INFO       + BATTLE ROYALE (ltm=False, modes=2)
2026-06-28 08:30:50  INFO       + RANKED: RESURGENCE (ltm=False, modes=1)
2026-06-28 08:30:50  INFO       + RESURGENCE CASUAL (ltm=False, modes=1)
2026-06-28 08:30:50  INFO       + BATTLE ROYALE CASUAL (ltm=False, modes=1)
2026-06-28 08:30:50  INFO       Totaal: 5 playlists, seizoen: 
2026-06-28 08:30:50  INFO         OK: 5 playlists
2026-06-28 08:30:50  INFO     
[5/5] HTML updaten...
2026-06-28 08:30:50  INFO       [MIGRATIE] HTML succesvol bijgewerkt
2026-06-28 08:30:50  INFO         OK: Bijgewerkt op 28/06/2026 08:30
2026-06-28 08:30:50  INFO     
BuitKing's Loadouts bijgewerkt!
2026-06-28 08:30:50  INFO     =======================================================
2026-06-29 10:02:56  INFO     =======================================================
2026-06-29 10:02:56  INFO     BuitKing's Loadout Updater gestart (v8 - geen TeeP)
2026-06-29 10:02:56  INFO     Datum: 29/06/2026 10:02
2026-06-29 10:02:56  INFO     
[1/4] WZ Meta scrapen (warzoneloadout.games)...
2026-06-29 10:02:56  INFO       Ophalen: https://warzoneloadout.games/warzone-meta/
2026-06-29 10:03:00  INFO       + MXR-17 (S, Assault Rifles, BO7)
2026-06-29 10:03:00  INFO       + Carbon 57 (S, SMGs, BO7)
2026-06-29 10:03:00  INFO       + AK-27 (S, Assault Rifles, BO7)
2026-06-29 10:03:00  INFO       + Strider 300 (S, Sniper Rifles, BO7)
2026-06-29 10:03:00  INFO       + Dravec 45 (A, SMGs, BO7)
2026-06-29 10:03:00  INFO       + VX Compact (A, Assault Rifles, BO7)
2026-06-29 10:03:00  INFO       + DS20 Mirage (A, Assault Rifles, BO7)
2026-06-29 10:03:00  INFO       + MPC-25 (A, SMGs, BO7)
2026-06-29 10:03:00  INFO       + Hawker HX (A, Sniper Rifles, BO7)
2026-06-29 10:03:00  INFO       + AN-94 (A, Assault Rifles, BO7)
2026-06-29 10:03:00  INFO       + VS Recon (A, Sniper Rifles, BO7)
2026-06-29 10:03:00  INFO       + Kogot-7 (A, SMGs, BO7)
2026-06-29 10:03:00  INFO       + Peacekeeper Mk1 (A, Assault Rifles, BO7)
2026-06-29 10:03:00  INFO       + EGRT-17 (A, Assault Rifles, BO7)
2026-06-29 10:03:00  INFO       + MK35 ISR (A, Assault Rifles, BO7)
2026-06-29 10:03:00  INFO       + M15 Mod 0 (B, Assault Rifles, BO7)
2026-06-29 10:03:00  INFO       + Sturmwolf 45 (B, SMGs, BO7)
2026-06-29 10:03:00  INFO       + VST (B, SMGs, BO7)
2026-06-29 10:03:00  INFO       + XR-3 Ion (B, Sniper Rifles, BO7)
2026-06-29 10:03:00  INFO       + REV-46 (B, SMGs, BO7)
2026-06-29 10:03:00  INFO       + Voyak KT-3 (B, Assault Rifles, BO7)
2026-06-29 10:03:00  INFO       + TR2 (B, Marksman Rifles, BO6)
2026-06-29 10:03:00  INFO       + X9 Maverick (B, Assault Rifles, BO7)
2026-06-29 10:03:00  INFO       + Razor 9mm (B, SMGs, BO7)
2026-06-29 10:03:00  INFO       + Ryden 45K (B, SMGs, BO7)
2026-06-29 10:03:00  INFO       + Sokol 545 (B, LMGs, BO7)
2026-06-29 10:03:00  INFO       + CBRS-3 (B, SMGs, BO7)
2026-06-29 10:03:00  INFO       + LC10 (B, SMGs, BO6)
2026-06-29 10:03:00  INFO       + M8A1 (B, Marksman Rifles, BO7)
2026-06-29 10:03:00  INFO       + Swordfish A1 (B, Marksman Rifles, BO7)
2026-06-29 10:03:00  INFO       Totaal: 30 wapens
2026-06-29 10:03:00  INFO         OK: 30 wapens
2026-06-29 10:03:00  INFO     
[2/4] WZHUB Meta scrapen (wzhub.gg)...
2026-06-29 10:03:00  INFO       Browser openen: https://wzhub.gg/loadouts
2026-06-29 10:03:31  WARNING    [FOUT] Playwright: Page.goto: Timeout 30000ms exceeded.
Call log:
  - navigating to "https://wzhub.gg/loadouts", waiting until "networkidle"

2026-06-29 10:03:31  INFO       Totaal: 0 wapens van wzhub.gg
2026-06-29 10:03:31  INFO         OK: 0 wapens
2026-06-29 10:03:31  INFO     
[3/4] RAW-data bouwen vanuit WZ Meta + WZHUB...
2026-06-29 10:03:31  INFO       RAW gebouwd: 30 wapens over 2 games
2026-06-29 10:03:31  INFO     
[4/4] Warzone Playlists scrapen (wzhub.gg/playlist/wz)...
2026-06-29 10:03:31  INFO       Ophalen: https://wzhub.gg/playlist/wz
2026-06-29 10:03:32  INFO       + RESURGENCE (ltm=False, modes=3)
2026-06-29 10:03:32  INFO       + BATTLE ROYALE (ltm=False, modes=2)
2026-06-29 10:03:32  INFO       + RANKED: RESURGENCE (ltm=False, modes=1)
2026-06-29 10:03:32  INFO       + RESURGENCE CASUAL (ltm=False, modes=1)
2026-06-29 10:03:32  INFO       + BATTLE ROYALE CASUAL (ltm=False, modes=1)
2026-06-29 10:03:32  INFO       Totaal: 5 playlists, seizoen: 
2026-06-29 10:03:32  INFO         OK: 5 playlists
2026-06-29 10:03:32  INFO     
[5/5] HTML updaten...
2026-06-29 10:03:32  INFO       [MIGRATIE] HTML succesvol bijgewerkt
2026-06-29 10:03:32  WARNING    [WAARSCHUWING] WZHUB leeg -- bestaande data behouden
2026-06-29 10:03:32  INFO         OK: Bijgewerkt op 29/06/2026 10:02
2026-06-29 10:03:32  INFO     
BuitKing's Loadouts bijgewerkt!
2026-06-29 10:03:32  INFO     =======================================================
2026-06-30 08:40:04  INFO     =======================================================
2026-06-30 08:40:04  INFO     BuitKing's Loadout Updater gestart (v8 - geen TeeP)
2026-06-30 08:40:04  INFO     Datum: 30/06/2026 08:40
2026-06-30 08:40:04  INFO     
[1/4] WZ Meta scrapen (warzoneloadout.games)...
2026-06-30 08:40:04  INFO       Ophalen: https://warzoneloadout.games/warzone-meta/
2026-06-30 08:40:05  INFO       + MXR-17 (S, Assault Rifles, BO7)
2026-06-30 08:40:05  INFO       + Carbon 57 (S, SMGs, BO7)
2026-06-30 08:40:05  INFO       + AK-27 (S, Assault Rifles, BO7)
2026-06-30 08:40:05  INFO       + Strider 300 (S, Sniper Rifles, BO7)
2026-06-30 08:40:05  INFO       + Dravec 45 (A, SMGs, BO7)
2026-06-30 08:40:05  INFO       + VX Compact (A, Assault Rifles, BO7)
2026-06-30 08:40:05  INFO       + DS20 Mirage (A, Assault Rifles, BO7)
2026-06-30 08:40:05  INFO       + MPC-25 (A, SMGs, BO7)
2026-06-30 08:40:05  INFO       + Hawker HX (A, Sniper Rifles, BO7)
2026-06-30 08:40:05  INFO       + AN-94 (A, Assault Rifles, BO7)
2026-06-30 08:40:05  INFO       + VS Recon (A, Sniper Rifles, BO7)
2026-06-30 08:40:05  INFO       + Kogot-7 (A, SMGs, BO7)
2026-06-30 08:40:05  INFO       + Peacekeeper Mk1 (A, Assault Rifles, BO7)
2026-06-30 08:40:05  INFO       + EGRT-17 (A, Assault Rifles, BO7)
2026-06-30 08:40:05  INFO       + MK35 ISR (A, Assault Rifles, BO7)
2026-06-30 08:40:05  INFO       + M15 Mod 0 (B, Assault Rifles, BO7)
2026-06-30 08:40:05  INFO       + Sturmwolf 45 (B, SMGs, BO7)
2026-06-30 08:40:05  INFO       + VST (B, SMGs, BO7)
2026-06-30 08:40:05  INFO       + XR-3 Ion (B, Sniper Rifles, BO7)
2026-06-30 08:40:05  INFO       + REV-46 (B, SMGs, BO7)
2026-06-30 08:40:05  INFO       + Voyak KT-3 (B, Assault Rifles, BO7)
2026-06-30 08:40:05  INFO       + TR2 (B, Marksman Rifles, BO6)
2026-06-30 08:40:05  INFO       + X9 Maverick (B, Assault Rifles, BO7)
2026-06-30 08:40:05  INFO       + Razor 9mm (B, SMGs, BO7)
2026-06-30 08:40:05  INFO       + Ryden 45K (B, SMGs, BO7)
2026-06-30 08:40:05  INFO       + Sokol 545 (B, LMGs, BO7)
2026-06-30 08:40:05  INFO       + CBRS-3 (B, SMGs, BO7)
2026-06-30 08:40:05  INFO       + LC10 (B, SMGs, BO6)
2026-06-30 08:40:05  INFO       + M8A1 (B, Marksman Rifles, BO7)
2026-06-30 08:40:05  INFO       + Swordfish A1 (B, Marksman Rifles, BO7)
2026-06-30 08:40:05  INFO       Totaal: 30 wapens
2026-06-30 08:40:05  INFO         OK: 30 wapens
2026-06-30 08:40:05  INFO     
[2/4] WZHUB Meta scrapen (wzhub.gg)...
2026-06-30 08:40:05  INFO       Browser openen: https://wzhub.gg/loadouts
2026-06-30 08:40:08  INFO       Pagina geladen — parsen...
2026-06-30 08:40:08  INFO       + Mxr-17 (S, )
2026-06-30 08:40:08  INFO       + Ds20 Mirage (S, )
2026-06-30 08:40:08  INFO       + Dravec 45 (S, )
2026-06-30 08:40:08  INFO       + Carbon 57 (S, )
2026-06-30 08:40:08  INFO       + Strider 300 (S, )
2026-06-30 08:40:08  INFO       + Voyak Kt-3 (A, )
2026-06-30 08:40:08  INFO       + Egrt-17 (A, )
2026-06-30 08:40:08  INFO       + Hawker Hx (A, )
2026-06-30 08:40:08  INFO       + Kogot-7 (A, )
2026-06-30 08:40:08  INFO       + Vs Recon (A, )
2026-06-30 08:40:08  INFO       Totaal: 10 wapens van wzhub.gg
2026-06-30 08:40:08  INFO         OK: 10 wapens
2026-06-30 08:40:08  INFO     
[3/4] RAW-data bouwen vanuit WZ Meta + WZHUB...
2026-06-30 08:40:08  INFO       RAW gebouwd: 30 wapens over 2 games
2026-06-30 08:40:08  INFO     
[4/4] Warzone Playlists scrapen (wzhub.gg/playlist/wz)...
2026-06-30 08:40:08  INFO       Ophalen: https://wzhub.gg/playlist/wz
2026-06-30 08:40:09  INFO       + RESURGENCE (ltm=False, modes=3)
2026-06-30 08:40:09  INFO       + BATTLE ROYALE (ltm=False, modes=2)
2026-06-30 08:40:09  INFO       + RANKED: RESURGENCE (ltm=False, modes=1)
2026-06-30 08:40:09  INFO       + RESURGENCE CASUAL (ltm=False, modes=1)
2026-06-30 08:40:09  INFO       + BATTLE ROYALE CASUAL (ltm=False, modes=1)
2026-06-30 08:40:09  INFO       Totaal: 5 playlists, seizoen: 
2026-06-30 08:40:09  INFO         OK: 5 playlists
2026-06-30 08:40:09  INFO     
[5/5] HTML updaten...
2026-06-30 08:40:09  INFO       [MIGRATIE] HTML succesvol bijgewerkt
2026-06-30 08:40:09  INFO         OK: Bijgewerkt op 30/06/2026 08:40
2026-06-30 08:40:09  INFO     
BuitKing's Loadouts bijgewerkt!
2026-06-30 08:40:09  INFO     =======================================================
2026-07-01 08:57:36  INFO     =======================================================
2026-07-01 08:57:36  INFO     BuitKing's Loadout Updater gestart (v8 - geen TeeP)
2026-07-01 08:57:36  INFO     Datum: 01/07/2026 08:57
2026-07-01 08:57:36  INFO     
[1/4] WZ Meta scrapen (warzoneloadout.games)...
2026-07-01 08:57:36  INFO       Ophalen: https://warzoneloadout.games/warzone-meta/
2026-07-01 08:57:37  INFO       + MXR-17 (S, Assault Rifles, BO7)
2026-07-01 08:57:37  INFO       + Carbon 57 (S, SMGs, BO7)
2026-07-01 08:57:37  INFO       + AK-27 (S, Assault Rifles, BO7)
2026-07-01 08:57:37  INFO       + Strider 300 (S, Sniper Rifles, BO7)
2026-07-01 08:57:37  INFO       + Dravec 45 (A, SMGs, BO7)
2026-07-01 08:57:37  INFO       + VX Compact (A, Assault Rifles, BO7)
2026-07-01 08:57:37  INFO       + DS20 Mirage (A, Assault Rifles, BO7)
2026-07-01 08:57:37  INFO       + MPC-25 (A, SMGs, BO7)
2026-07-01 08:57:37  INFO       + Hawker HX (A, Sniper Rifles, BO7)
2026-07-01 08:57:37  INFO       + AN-94 (A, Assault Rifles, BO7)
2026-07-01 08:57:37  INFO       + VS Recon (A, Sniper Rifles, BO7)
2026-07-01 08:57:37  INFO       + Kogot-7 (A, SMGs, BO7)
2026-07-01 08:57:37  INFO       + Peacekeeper Mk1 (A, Assault Rifles, BO7)
2026-07-01 08:57:37  INFO       + EGRT-17 (A, Assault Rifles, BO7)
2026-07-01 08:57:37  INFO       + MK35 ISR (A, Assault Rifles, BO7)
2026-07-01 08:57:37  INFO       + M15 Mod 0 (B, Assault Rifles, BO7)
2026-07-01 08:57:37  INFO       + Sturmwolf 45 (B, SMGs, BO7)
2026-07-01 08:57:37  INFO       + VST (B, SMGs, BO7)
2026-07-01 08:57:37  INFO       + XR-3 Ion (B, Sniper Rifles, BO7)
2026-07-01 08:57:37  INFO       + REV-46 (B, SMGs, BO7)
2026-07-01 08:57:37  INFO       + Voyak KT-3 (B, Assault Rifles, BO7)
2026-07-01 08:57:37  INFO       + TR2 (B, Marksman Rifles, BO6)
2026-07-01 08:57:37  INFO       + X9 Maverick (B, Assault Rifles, BO7)
2026-07-01 08:57:37  INFO       + Razor 9mm (B, SMGs, BO7)
2026-07-01 08:57:37  INFO       + Ryden 45K (B, SMGs, BO7)
2026-07-01 08:57:37  INFO       + Sokol 545 (B, LMGs, BO7)
2026-07-01 08:57:37  INFO       + CBRS-3 (B, SMGs, BO7)
2026-07-01 08:57:37  INFO       + LC10 (B, SMGs, BO6)
2026-07-01 08:57:37  INFO       + M8A1 (B, Marksman Rifles, BO7)
2026-07-01 08:57:37  INFO       + Swordfish A1 (B, Marksman Rifles, BO7)
2026-07-01 08:57:37  INFO       Totaal: 30 wapens
2026-07-01 08:57:37  INFO         OK: 30 wapens
2026-07-01 08:57:37  INFO     
[2/4] WZHUB Meta scrapen (wzhub.gg)...
2026-07-01 08:57:37  INFO       Browser openen: https://wzhub.gg/loadouts
2026-07-01 08:57:40  INFO       Pagina geladen — parsen...
2026-07-01 08:57:40  INFO       + Mxr-17 (S, )
2026-07-01 08:57:40  INFO       + Ds20 Mirage (S, )
2026-07-01 08:57:40  INFO       + Dravec 45 (S, )
2026-07-01 08:57:40  INFO       + Carbon 57 (S, )
2026-07-01 08:57:40  INFO       + Strider 300 (S, )
2026-07-01 08:57:40  INFO       + Voyak Kt-3 (A, )
2026-07-01 08:57:40  INFO       + Egrt-17 (A, )
2026-07-01 08:57:40  INFO       + Hawker Hx (A, )
2026-07-01 08:57:40  INFO       + Kogot-7 (A, )
2026-07-01 08:57:40  INFO       + Vs Recon (A, )
2026-07-01 08:57:40  INFO       Totaal: 10 wapens van wzhub.gg
2026-07-01 08:57:40  INFO         OK: 10 wapens
2026-07-01 08:57:40  INFO     
[3/4] RAW-data bouwen vanuit WZ Meta + WZHUB...
2026-07-01 08:57:40  INFO       RAW gebouwd: 30 wapens over 2 games
2026-07-01 08:57:40  INFO     
[4/4] Warzone Playlists scrapen (wzhub.gg/playlist/wz)...
2026-07-01 08:57:40  INFO       Ophalen: https://wzhub.gg/playlist/wz
2026-07-01 08:57:40  INFO       + RESURGENCE (ltm=False, modes=3)
2026-07-01 08:57:40  INFO       + BATTLE ROYALE (ltm=False, modes=2)
2026-07-01 08:57:40  INFO       + RANKED: RESURGENCE (ltm=False, modes=1)
2026-07-01 08:57:40  INFO       + RESURGENCE CASUAL (ltm=False, modes=1)
2026-07-01 08:57:40  INFO       + BATTLE ROYALE CASUAL (ltm=False, modes=1)
2026-07-01 08:57:40  INFO       Totaal: 5 playlists, seizoen: 
2026-07-01 08:57:40  INFO         OK: 5 playlists
2026-07-01 08:57:40  INFO     
[5/5] HTML updaten...
2026-07-01 08:57:40  INFO       [MIGRATIE] HTML succesvol bijgewerkt
2026-07-01 08:57:40  INFO         OK: Bijgewerkt op 01/07/2026 08:57
2026-07-01 08:57:40  INFO     
BuitKing's Loadouts bijgewerkt!
2026-07-01 08:57:40  INFO     =======================================================
2026-07-02 08:27:18  INFO     =======================================================
2026-07-02 08:27:18  INFO     BuitKing's Loadout Updater gestart (v8 - geen TeeP)
2026-07-02 08:27:18  INFO     Datum: 02/07/2026 08:27
2026-07-02 08:27:18  INFO     
[1/4] WZ Meta scrapen (warzoneloadout.games)...
2026-07-02 08:27:18  INFO       Ophalen: https://warzoneloadout.games/warzone-meta/
2026-07-02 08:27:20  INFO       + MXR-17 (S, Assault Rifles, BO7)
2026-07-02 08:27:20  INFO       + Carbon 57 (S, SMGs, BO7)
2026-07-02 08:27:20  INFO       + AK-27 (S, Assault Rifles, BO7)
2026-07-02 08:27:20  INFO       + Strider 300 (S, Sniper Rifles, BO7)
2026-07-02 08:27:20  INFO       + Dravec 45 (A, SMGs, BO7)
2026-07-02 08:27:20  INFO       + VX Compact (A, Assault Rifles, BO7)
2026-07-02 08:27:20  INFO       + DS20 Mirage (A, Assault Rifles, BO7)
2026-07-02 08:27:20  INFO       + MPC-25 (A, SMGs, BO7)
2026-07-02 08:27:20  INFO       + Hawker HX (A, Sniper Rifles, BO7)
2026-07-02 08:27:20  INFO       + AN-94 (A, Assault Rifles, BO7)
2026-07-02 08:27:20  INFO       + VS Recon (A, Sniper Rifles, BO7)
2026-07-02 08:27:20  INFO       + Kogot-7 (A, SMGs, BO7)
2026-07-02 08:27:20  INFO       + Peacekeeper Mk1 (A, Assault Rifles, BO7)
2026-07-02 08:27:20  INFO       + EGRT-17 (A, Assault Rifles, BO7)
2026-07-02 08:27:20  INFO       + MK35 ISR (A, Assault Rifles, BO7)
2026-07-02 08:27:20  INFO       + M15 Mod 0 (B, Assault Rifles, BO7)
2026-07-02 08:27:20  INFO       + Sturmwolf 45 (B, SMGs, BO7)
2026-07-02 08:27:20  INFO       + VST (B, SMGs, BO7)
2026-07-02 08:27:20  INFO       + XR-3 Ion (B, Sniper Rifles, BO7)
2026-07-02 08:27:20  INFO       + REV-46 (B, SMGs, BO7)
2026-07-02 08:27:20  INFO       + Voyak KT-3 (B, Assault Rifles, BO7)
2026-07-02 08:27:20  INFO       + TR2 (B, Marksman Rifles, BO6)
2026-07-02 08:27:20  INFO       + X9 Maverick (B, Assault Rifles, BO7)
2026-07-02 08:27:20  INFO       + Razor 9mm (B, SMGs, BO7)
2026-07-02 08:27:20  INFO       + Ryden 45K (B, SMGs, BO7)
2026-07-02 08:27:20  INFO       + Sokol 545 (B, LMGs, BO7)
2026-07-02 08:27:20  INFO       + CBRS-3 (B, SMGs, BO7)
2026-07-02 08:27:20  INFO       + LC10 (B, SMGs, BO6)
2026-07-02 08:27:20  INFO       + M8A1 (B, Marksman Rifles, BO7)
2026-07-02 08:27:20  INFO       + Swordfish A1 (B, Marksman Rifles, BO7)
2026-07-02 08:27:20  INFO       Totaal: 30 wapens
2026-07-02 08:27:20  INFO         OK: 30 wapens
2026-07-02 08:27:20  INFO     
[2/4] WZHUB Meta scrapen (wzhub.gg)...
2026-07-02 08:27:20  INFO       Browser openen: https://wzhub.gg/loadouts
2026-07-02 08:27:52  WARNING    [FOUT] Playwright: Page.goto: Timeout 30000ms exceeded.
Call log:
  - navigating to "https://wzhub.gg/loadouts", waiting until "networkidle"

2026-07-02 08:27:52  INFO       Totaal: 0 wapens van wzhub.gg
2026-07-02 08:27:52  INFO         OK: 0 wapens
2026-07-02 08:27:52  INFO     
[3/4] RAW-data bouwen vanuit WZ Meta + WZHUB...
2026-07-02 08:27:52  INFO       RAW gebouwd: 30 wapens over 2 games
2026-07-02 08:27:52  INFO     
[4/4] Warzone Playlists scrapen (wzhub.gg/playlist/wz)...
2026-07-02 08:27:52  INFO       Ophalen: https://wzhub.gg/playlist/wz
2026-07-02 08:27:53  INFO       + RESURGENCE (ltm=False, modes=3)
2026-07-02 08:27:53  INFO       + BATTLE ROYALE (ltm=False, modes=2)
2026-07-02 08:27:53  INFO       + RANKED: RESURGENCE (ltm=False, modes=1)
2026-07-02 08:27:53  INFO       + RESURGENCE CASUAL (ltm=False, modes=1)
2026-07-02 08:27:53  INFO       + BATTLE ROYALE CASUAL (ltm=False, modes=1)
2026-07-02 08:27:53  INFO       Totaal: 5 playlists, seizoen: 
2026-07-02 08:27:53  INFO         OK: 5 playlists
2026-07-02 08:27:53  INFO     
[5/5] HTML updaten...
2026-07-02 08:27:53  INFO       [MIGRATIE] HTML succesvol bijgewerkt
2026-07-02 08:27:53  WARNING    [WAARSCHUWING] WZHUB leeg -- bestaande data behouden
2026-07-02 08:27:53  INFO         OK: Bijgewerkt op 02/07/2026 08:27
2026-07-02 08:27:53  INFO     
BuitKing's Loadouts bijgewerkt!
2026-07-02 08:27:53  INFO     =======================================================
2026-07-03 08:31:48  INFO     =======================================================
2026-07-03 08:31:48  INFO     BuitKing's Loadout Updater gestart (v8 - geen TeeP)
2026-07-03 08:31:48  INFO     Datum: 03/07/2026 08:31
2026-07-03 08:31:48  INFO     
[1/4] WZ Meta scrapen (warzoneloadout.games)...
2026-07-03 08:31:48  INFO       Ophalen: https://warzoneloadout.games/warzone-meta/
2026-07-03 08:31:49  INFO       + MXR-17 (S, Assault Rifles, BO7)
2026-07-03 08:31:49  INFO       + Carbon 57 (S, SMGs, BO7)
2026-07-03 08:31:49  INFO       + AK-27 (S, Assault Rifles, BO7)
2026-07-03 08:31:49  INFO       + Strider 300 (S, Sniper Rifles, BO7)
2026-07-03 08:31:49  INFO       + Dravec 45 (A, SMGs, BO7)
2026-07-03 08:31:49  INFO       + VX Compact (A, Assault Rifles, BO7)
2026-07-03 08:31:49  INFO       + DS20 Mirage (A, Assault Rifles, BO7)
2026-07-03 08:31:49  INFO       + MPC-25 (A, SMGs, BO7)
2026-07-03 08:31:49  INFO       + Hawker HX (A, Sniper Rifles, BO7)
2026-07-03 08:31:49  INFO       + X9 Maverick (A, Assault Rifles, BO7)
2026-07-03 08:31:49  INFO       + VS Recon (A, Sniper Rifles, BO7)
2026-07-03 08:31:49  INFO       + Kogot-7 (A, SMGs, BO7)
2026-07-03 08:31:49  INFO       + Peacekeeper Mk1 (A, Assault Rifles, BO7)
2026-07-03 08:31:49  INFO       + EGRT-17 (A, Assault Rifles, BO7)
2026-07-03 08:31:49  INFO       + M15 Mod 0 (B, Assault Rifles, BO7)
2026-07-03 08:31:49  INFO       + Sturmwolf 45 (B, SMGs, BO7)
2026-07-03 08:31:49  INFO       + MK35 ISR (B, Assault Rifles, BO7)
2026-07-03 08:31:49  INFO       + VST (B, SMGs, BO7)
2026-07-03 08:31:49  INFO       + XR-3 Ion (B, Sniper Rifles, BO7)
2026-07-03 08:31:49  INFO       + REV-46 (B, SMGs, BO7)
2026-07-03 08:31:49  INFO       + Voyak KT-3 (B, Assault Rifles, BO7)
2026-07-03 08:31:49  INFO       + AN-94 (B, Assault Rifles, BO7)
2026-07-03 08:31:49  INFO       + TR2 (B, Marksman Rifles, BO6)
2026-07-03 08:31:49  INFO       + Razor 9mm (B, SMGs, BO7)
2026-07-03 08:31:49  INFO       + Ryden 45K (B, SMGs, BO7)
2026-07-03 08:31:49  INFO       + Sokol 545 (B, LMGs, BO7)
2026-07-03 08:31:49  INFO       + CBRS-3 (B, SMGs, BO7)
2026-07-03 08:31:49  INFO       + LC10 (B, SMGs, BO6)
2026-07-03 08:31:49  INFO       + M8A1 (B, Marksman Rifles, BO7)
2026-07-03 08:31:49  INFO       + Swordfish A1 (B, Marksman Rifles, BO7)
2026-07-03 08:31:49  INFO       Totaal: 30 wapens
2026-07-03 08:31:49  INFO         OK: 30 wapens
2026-07-03 08:31:49  INFO     
[2/4] WZHUB Meta scrapen (wzhub.gg)...
2026-07-03 08:31:49  INFO       Browser openen: https://wzhub.gg/loadouts
2026-07-03 08:32:20  WARNING    [FOUT] Playwright: Page.goto: Timeout 30000ms exceeded.
Call log:
  - navigating to "https://wzhub.gg/loadouts", waiting until "networkidle"

2026-07-03 08:32:20  INFO       Totaal: 0 wapens van wzhub.gg
2026-07-03 08:32:20  INFO         OK: 0 wapens
2026-07-03 08:32:20  INFO     
[3/4] RAW-data bouwen vanuit WZ Meta + WZHUB...
2026-07-03 08:32:20  INFO       RAW gebouwd: 30 wapens over 2 games
2026-07-03 08:32:20  INFO     
[4/4] Warzone Playlists scrapen (wzhub.gg/playlist/wz)...
2026-07-03 08:32:20  INFO       Ophalen: https://wzhub.gg/playlist/wz
2026-07-03 08:32:20  INFO       + RESURGENCE (ltm=False, modes=3)
2026-07-03 08:32:20  INFO       + BATTLE ROYALE (ltm=False, modes=2)
2026-07-03 08:32:20  INFO       + RANKED: RESURGENCE (ltm=False, modes=1)
2026-07-03 08:32:20  INFO       + RESURGENCE CASUAL (ltm=False, modes=1)
2026-07-03 08:32:20  INFO       + BATTLE ROYALE CASUAL (ltm=False, modes=1)
2026-07-03 08:32:20  INFO       Totaal: 5 playlists, seizoen: 
2026-07-03 08:32:20  INFO         OK: 5 playlists
2026-07-03 08:32:20  INFO     
[5/5] HTML updaten...
2026-07-03 08:32:20  INFO       [MIGRATIE] HTML succesvol bijgewerkt
2026-07-03 08:32:20  WARNING    [WAARSCHUWING] WZHUB leeg -- bestaande data behouden
2026-07-03 08:32:20  INFO         OK: Bijgewerkt op 03/07/2026 08:31
2026-07-03 08:32:20  INFO     
BuitKing's Loadouts bijgewerkt!
2026-07-03 08:32:20  INFO     =======================================================
2026-07-04 08:07:56  INFO     =======================================================
2026-07-04 08:07:56  INFO     BuitKing's Loadout Updater gestart (v8 - geen TeeP)
2026-07-04 08:07:56  INFO     Datum: 04/07/2026 08:07
2026-07-04 08:07:56  INFO     
[1/4] WZ Meta scrapen (warzoneloadout.games)...
2026-07-04 08:07:56  INFO       Ophalen: https://warzoneloadout.games/warzone-meta/
2026-07-04 08:08:00  INFO       + MXR-17 (S, Assault Rifles, BO7)
2026-07-04 08:08:00  INFO       + Carbon 57 (S, SMGs, BO7)
2026-07-04 08:08:00  INFO       + AK-27 (S, Assault Rifles, BO7)
2026-07-04 08:08:00  INFO       + Strider 300 (S, Sniper Rifles, BO7)
2026-07-04 08:08:00  INFO       + X9 Maverick (A, Assault Rifles, BO7)
2026-07-04 08:08:00  INFO       + Dravec 45 (A, SMGs, BO7)
2026-07-04 08:08:00  INFO       + VX Compact (A, Assault Rifles, BO7)
2026-07-04 08:08:00  INFO       + DS20 Mirage (A, Assault Rifles, BO7)
2026-07-04 08:08:00  INFO       + MPC-25 (A, SMGs, BO7)
2026-07-04 08:08:00  INFO       + Hawker HX (A, Sniper Rifles, BO7)
2026-07-04 08:08:00  INFO       + VS Recon (A, Sniper Rifles, BO7)
2026-07-04 08:08:00  INFO       + Kogot-7 (A, SMGs, BO7)
2026-07-04 08:08:00  INFO       + Peacekeeper Mk1 (A, Assault Rifles, BO7)
2026-07-04 08:08:00  INFO       + EGRT-17 (A, Assault Rifles, BO7)
2026-07-04 08:08:00  INFO       + M15 Mod 0 (B, Assault Rifles, BO7)
2026-07-04 08:08:00  INFO       + Sturmwolf 45 (B, SMGs, BO7)
2026-07-04 08:08:00  INFO       + MK35 ISR (B, Assault Rifles, BO7)
2026-07-04 08:08:00  INFO       + VST (B, SMGs, BO7)
2026-07-04 08:08:00  INFO       + XR-3 Ion (B, Sniper Rifles, BO7)
2026-07-04 08:08:00  INFO       + REV-46 (B, SMGs, BO7)
2026-07-04 08:08:00  INFO       + Voyak KT-3 (B, Assault Rifles, BO7)
2026-07-04 08:08:00  INFO       + AN-94 (B, Assault Rifles, BO7)
2026-07-04 08:08:00  INFO       + TR2 (B, Marksman Rifles, BO6)
2026-07-04 08:08:00  INFO       + Razor 9mm (B, SMGs, BO7)
2026-07-04 08:08:00  INFO       + Ryden 45K (B, SMGs, BO7)
2026-07-04 08:08:00  INFO       + Sokol 545 (B, LMGs, BO7)
2026-07-04 08:08:00  INFO       + CBRS-3 (B, SMGs, BO7)
2026-07-04 08:08:00  INFO       + LC10 (B, SMGs, BO6)
2026-07-04 08:08:00  INFO       + M8A1 (B, Marksman Rifles, BO7)
2026-07-04 08:08:00  INFO       + Swordfish A1 (B, Marksman Rifles, BO7)
2026-07-04 08:08:00  INFO       Totaal: 30 wapens
2026-07-04 08:08:00  INFO         OK: 30 wapens
2026-07-04 08:08:00  INFO     
[2/4] WZHUB Meta scrapen (wzhub.gg)...
2026-07-04 08:08:00  INFO       Browser openen: https://wzhub.gg/loadouts
2026-07-04 08:08:31  WARNING    [FOUT] Playwright: Page.goto: Timeout 30000ms exceeded.
Call log:
  - navigating to "https://wzhub.gg/loadouts", waiting until "networkidle"

2026-07-04 08:08:31  INFO       Totaal: 0 wapens van wzhub.gg
2026-07-04 08:08:31  INFO         OK: 0 wapens
2026-07-04 08:08:31  INFO     
[3/4] RAW-data bouwen vanuit WZ Meta + WZHUB...
2026-07-04 08:08:31  INFO       RAW gebouwd: 30 wapens over 2 games
2026-07-04 08:08:31  INFO     
[4/4] Warzone Playlists scrapen (wzhub.gg/playlist/wz)...
2026-07-04 08:08:31  INFO       Ophalen: https://wzhub.gg/playlist/wz
2026-07-04 08:08:32  INFO       + RESURGENCE (ltm=False, modes=3)
2026-07-04 08:08:32  INFO       + BATTLE ROYALE (ltm=False, modes=2)
2026-07-04 08:08:32  INFO       + RANKED: RESURGENCE (ltm=False, modes=1)
2026-07-04 08:08:32  INFO       + RESURGENCE CASUAL (ltm=False, modes=1)
2026-07-04 08:08:32  INFO       + BATTLE ROYALE CASUAL (ltm=False, modes=1)
2026-07-04 08:08:32  INFO       Totaal: 5 playlists, seizoen: 
2026-07-04 08:08:32  INFO         OK: 5 playlists
2026-07-04 08:08:32  INFO     
[5/5] HTML updaten...
2026-07-04 08:08:32  INFO       [MIGRATIE] HTML succesvol bijgewerkt
2026-07-04 08:08:32  WARNING    [WAARSCHUWING] WZHUB leeg -- bestaande data behouden
2026-07-04 08:08:32  INFO         OK: Bijgewerkt op 04/07/2026 08:07
2026-07-04 08:08:32  INFO     
BuitKing's Loadouts bijgewerkt!
2026-07-04 08:08:32  INFO     =======================================================
2026-07-05 08:23:08  INFO     =======================================================
2026-07-05 08:23:08  INFO     BuitKing's Loadout Updater gestart (v8 - geen TeeP)
2026-07-05 08:23:08  INFO     Datum: 05/07/2026 08:23
2026-07-05 08:23:08  INFO     
[1/4] WZ Meta scrapen (warzoneloadout.games)...
2026-07-05 08:23:08  INFO       Ophalen: https://warzoneloadout.games/warzone-meta/
2026-07-05 08:23:09  INFO       + MXR-17 (S, Assault Rifles, BO7)
2026-07-05 08:23:09  INFO       + Carbon 57 (S, SMGs, BO7)
2026-07-05 08:23:09  INFO       + AK-27 (S, Assault Rifles, BO7)
2026-07-05 08:23:09  INFO       + Strider 300 (S, Sniper Rifles, BO7)
2026-07-05 08:23:09  INFO       + X9 Maverick (A, Assault Rifles, BO7)
2026-07-05 08:23:09  INFO       + Dravec 45 (A, SMGs, BO7)
2026-07-05 08:23:09  INFO       + VX Compact (A, Assault Rifles, BO7)
2026-07-05 08:23:09  INFO       + DS20 Mirage (A, Assault Rifles, BO7)
2026-07-05 08:23:09  INFO       + MPC-25 (A, SMGs, BO7)
2026-07-05 08:23:09  INFO       + Hawker HX (A, Sniper Rifles, BO7)
2026-07-05 08:23:09  INFO       + VS Recon (A, Sniper Rifles, BO7)
2026-07-05 08:23:09  INFO       + Kogot-7 (A, SMGs, BO7)
2026-07-05 08:23:09  INFO       + Peacekeeper Mk1 (A, Assault Rifles, BO7)
2026-07-05 08:23:09  INFO       + EGRT-17 (A, Assault Rifles, BO7)
2026-07-05 08:23:09  INFO       + M15 Mod 0 (B, Assault Rifles, BO7)
2026-07-05 08:23:09  INFO       + Sturmwolf 45 (B, SMGs, BO7)
2026-07-05 08:23:09  INFO       + MK35 ISR (B, Assault Rifles, BO7)
2026-07-05 08:23:09  INFO       + VST (B, SMGs, BO7)
2026-07-05 08:23:09  INFO       + XR-3 Ion (B, Sniper Rifles, BO7)
2026-07-05 08:23:09  INFO       + REV-46 (B, SMGs, BO7)
2026-07-05 08:23:09  INFO       + Voyak KT-3 (B, Assault Rifles, BO7)
2026-07-05 08:23:09  INFO       + AN-94 (B, Assault Rifles, BO7)
2026-07-05 08:23:09  INFO       + TR2 (B, Marksman Rifles, BO6)
2026-07-05 08:23:09  INFO       + Razor 9mm (B, SMGs, BO7)
2026-07-05 08:23:09  INFO       + Ryden 45K (B, SMGs, BO7)
2026-07-05 08:23:09  INFO       + Sokol 545 (B, LMGs, BO7)
2026-07-05 08:23:09  INFO       + CBRS-3 (B, SMGs, BO7)
2026-07-05 08:23:09  INFO       + LC10 (B, SMGs, BO6)
2026-07-05 08:23:09  INFO       + M8A1 (B, Marksman Rifles, BO7)
2026-07-05 08:23:09  INFO       + Swordfish A1 (B, Marksman Rifles, BO7)
2026-07-05 08:23:09  INFO       Totaal: 30 wapens
2026-07-05 08:23:09  INFO         OK: 30 wapens
2026-07-05 08:23:09  INFO     
[2/4] WZHUB Meta scrapen (wzhub.gg)...
2026-07-05 08:23:09  INFO       Browser openen: https://wzhub.gg/loadouts
2026-07-05 08:23:15  INFO       Pagina geladen — parsen...
2026-07-05 08:23:15  INFO       + Mxr-17 (S, )
2026-07-05 08:23:15  INFO       + Ds20 Mirage (S, )
2026-07-05 08:23:15  INFO       + Dravec 45 (S, )
2026-07-05 08:23:15  INFO       + Carbon 57 (S, )
2026-07-05 08:23:15  INFO       + Strider 300 (S, )
2026-07-05 08:23:15  INFO       + Voyak Kt-3 (A, )
2026-07-05 08:23:15  INFO       + Egrt-17 (A, )
2026-07-05 08:23:15  INFO       + Hawker Hx (A, )
2026-07-05 08:23:15  INFO       + Kogot-7 (A, )
2026-07-05 08:23:15  INFO       + Vs Recon (A, )
2026-07-05 08:23:15  INFO       Totaal: 10 wapens van wzhub.gg
2026-07-05 08:23:15  INFO         OK: 10 wapens
2026-07-05 08:23:15  INFO     
[3/4] RAW-data bouwen vanuit WZ Meta + WZHUB...
2026-07-05 08:23:15  INFO       RAW gebouwd: 30 wapens over 2 games
2026-07-05 08:23:15  INFO     
[4/4] Warzone Playlists scrapen (wzhub.gg/playlist/wz)...
2026-07-05 08:23:15  INFO       Ophalen: https://wzhub.gg/playlist/wz
2026-07-05 08:23:16  INFO       + RESURGENCE (ltm=False, modes=3)
2026-07-05 08:23:16  INFO       + BATTLE ROYALE (ltm=False, modes=2)
2026-07-05 08:23:16  INFO       + RANKED: RESURGENCE (ltm=False, modes=1)
2026-07-05 08:23:16  INFO       + RESURGENCE CASUAL (ltm=False, modes=1)
2026-07-05 08:23:16  INFO       + BATTLE ROYALE CASUAL (ltm=False, modes=1)
2026-07-05 08:23:16  INFO       Totaal: 5 playlists, seizoen: 
2026-07-05 08:23:16  INFO         OK: 5 playlists
2026-07-05 08:23:16  INFO     
[5/5] HTML updaten...
2026-07-05 08:23:16  INFO       [MIGRATIE] HTML succesvol bijgewerkt
2026-07-05 08:23:16  INFO         OK: Bijgewerkt op 05/07/2026 08:23
2026-07-05 08:23:16  INFO     
BuitKing's Loadouts bijgewerkt!
2026-07-05 08:23:16  INFO     =======================================================
2026-07-06 09:14:38  INFO     =======================================================
2026-07-06 09:14:38  INFO     BuitKing's Loadout Updater gestart (v8 - geen TeeP)
2026-07-06 09:14:38  INFO     Datum: 06/07/2026 09:14
2026-07-06 09:14:38  INFO     
[1/4] WZ Meta scrapen (warzoneloadout.games)...
2026-07-06 09:14:38  INFO       Ophalen: https://warzoneloadout.games/warzone-meta/
2026-07-06 09:14:43  INFO       + MXR-17 (S, Assault Rifles, BO7)
2026-07-06 09:14:43  INFO       + Carbon 57 (S, SMGs, BO7)
2026-07-06 09:14:43  INFO       + AK-27 (S, Assault Rifles, BO7)
2026-07-06 09:14:43  INFO       + Strider 300 (S, Sniper Rifles, BO7)
2026-07-06 09:14:43  INFO       + X9 Maverick (A, Assault Rifles, BO7)
2026-07-06 09:14:43  INFO       + Dravec 45 (A, SMGs, BO7)
2026-07-06 09:14:43  INFO       + VX Compact (A, Assault Rifles, BO7)
2026-07-06 09:14:43  INFO       + DS20 Mirage (A, Assault Rifles, BO7)
2026-07-06 09:14:43  INFO       + MPC-25 (A, SMGs, BO7)
2026-07-06 09:14:43  INFO       + Hawker HX (A, Sniper Rifles, BO7)
2026-07-06 09:14:43  INFO       + VS Recon (A, Sniper Rifles, BO7)
2026-07-06 09:14:43  INFO       + Kogot-7 (A, SMGs, BO7)
2026-07-06 09:14:43  INFO       + Peacekeeper Mk1 (A, Assault Rifles, BO7)
2026-07-06 09:14:43  INFO       + EGRT-17 (A, Assault Rifles, BO7)
2026-07-06 09:14:43  INFO       + M15 Mod 0 (B, Assault Rifles, BO7)
2026-07-06 09:14:43  INFO       + Sturmwolf 45 (B, SMGs, BO7)
2026-07-06 09:14:43  INFO       + MK35 ISR (B, Assault Rifles, BO7)
2026-07-06 09:14:43  INFO       + VST (B, SMGs, BO7)
2026-07-06 09:14:43  INFO       + XR-3 Ion (B, Sniper Rifles, BO7)
2026-07-06 09:14:43  INFO       + REV-46 (B, SMGs, BO7)
2026-07-06 09:14:43  INFO       + Voyak KT-3 (B, Assault Rifles, BO7)
2026-07-06 09:14:43  INFO       + AN-94 (B, Assault Rifles, BO7)
2026-07-06 09:14:43  INFO       + TR2 (B, Marksman Rifles, BO6)
2026-07-06 09:14:43  INFO       + Razor 9mm (B, SMGs, BO7)
2026-07-06 09:14:43  INFO       + Ryden 45K (B, SMGs, BO7)
2026-07-06 09:14:43  INFO       + Sokol 545 (B, LMGs, BO7)
2026-07-06 09:14:43  INFO       + CBRS-3 (B, SMGs, BO7)
2026-07-06 09:14:43  INFO       + LC10 (B, SMGs, BO6)
2026-07-06 09:14:43  INFO       + M8A1 (B, Marksman Rifles, BO7)
2026-07-06 09:14:43  INFO       + Swordfish A1 (B, Marksman Rifles, BO7)
2026-07-06 09:14:43  INFO       Totaal: 30 wapens
2026-07-06 09:14:43  INFO         OK: 30 wapens
2026-07-06 09:14:43  INFO     
[2/4] WZHUB Meta scrapen (wzhub.gg)...
2026-07-06 09:14:43  INFO       Browser openen: https://wzhub.gg/loadouts
2026-07-06 09:15:14  WARNING    [FOUT] Playwright: Page.goto: Timeout 30000ms exceeded.
Call log:
  - navigating to "https://wzhub.gg/loadouts", waiting until "networkidle"

2026-07-06 09:15:14  INFO       Totaal: 0 wapens van wzhub.gg
2026-07-06 09:15:14  INFO         OK: 0 wapens
2026-07-06 09:15:14  INFO     
[3/4] RAW-data bouwen vanuit WZ Meta + WZHUB...
2026-07-06 09:15:14  INFO       RAW gebouwd: 30 wapens over 2 games
2026-07-06 09:15:14  INFO     
[4/4] Warzone Playlists scrapen (wzhub.gg/playlist/wz)...
2026-07-06 09:15:14  INFO       Ophalen: https://wzhub.gg/playlist/wz
2026-07-06 09:15:15  INFO       + RESURGENCE (ltm=False, modes=3)
2026-07-06 09:15:15  INFO       + BATTLE ROYALE (ltm=False, modes=2)
2026-07-06 09:15:15  INFO       + RANKED: RESURGENCE (ltm=False, modes=1)
2026-07-06 09:15:15  INFO       + RESURGENCE CASUAL (ltm=False, modes=1)
2026-07-06 09:15:15  INFO       + BATTLE ROYALE CASUAL (ltm=False, modes=1)
2026-07-06 09:15:15  INFO       Totaal: 5 playlists, seizoen: 
2026-07-06 09:15:15  INFO         OK: 5 playlists
2026-07-06 09:15:15  INFO     
[5/5] HTML updaten...
2026-07-06 09:15:15  INFO       [MIGRATIE] HTML succesvol bijgewerkt
2026-07-06 09:15:15  WARNING    [WAARSCHUWING] WZHUB leeg -- bestaande data behouden
2026-07-06 09:15:15  INFO         OK: Bijgewerkt op 06/07/2026 09:14
2026-07-06 09:15:15  INFO     
BuitKing's Loadouts bijgewerkt!
2026-07-06 09:15:15  INFO     =======================================================
2026-07-07 08:47:37  INFO     =======================================================
2026-07-07 08:47:37  INFO     BuitKing's Loadout Updater gestart (v8 - geen TeeP)
2026-07-07 08:47:37  INFO     Datum: 07/07/2026 08:47
2026-07-07 08:47:37  INFO     
[1/4] WZ Meta scrapen (warzoneloadout.games)...
2026-07-07 08:47:37  INFO       Ophalen: https://warzoneloadout.games/warzone-meta/
2026-07-07 08:47:42  INFO       + MXR-17 (S, Assault Rifles, BO7)
2026-07-07 08:47:42  INFO       + Carbon 57 (S, SMGs, BO7)
2026-07-07 08:47:42  INFO       + AK-27 (S, Assault Rifles, BO7)
2026-07-07 08:47:42  INFO       + Strider 300 (S, Sniper Rifles, BO7)
2026-07-07 08:47:42  INFO       + X9 Maverick (A, Assault Rifles, BO7)
2026-07-07 08:47:42  INFO       + Dravec 45 (A, SMGs, BO7)
2026-07-07 08:47:42  INFO       + VX Compact (A, Assault Rifles, BO7)
2026-07-07 08:47:42  INFO       + DS20 Mirage (A, Assault Rifles, BO7)
2026-07-07 08:47:42  INFO       + MPC-25 (A, SMGs, BO7)
2026-07-07 08:47:42  INFO       + Hawker HX (A, Sniper Rifles, BO7)
2026-07-07 08:47:42  INFO       + VS Recon (A, Sniper Rifles, BO7)
2026-07-07 08:47:42  INFO       + Kogot-7 (A, SMGs, BO7)
2026-07-07 08:47:42  INFO       + Peacekeeper Mk1 (A, Assault Rifles, BO7)
2026-07-07 08:47:42  INFO       + EGRT-17 (A, Assault Rifles, BO7)
2026-07-07 08:47:42  INFO       + M15 Mod 0 (B, Assault Rifles, BO7)
2026-07-07 08:47:42  INFO       + Sturmwolf 45 (B, SMGs, BO7)
2026-07-07 08:47:42  INFO       + MK35 ISR (B, Assault Rifles, BO7)
2026-07-07 08:47:42  INFO       + VST (B, SMGs, BO7)
2026-07-07 08:47:42  INFO       + XR-3 Ion (B, Sniper Rifles, BO7)
2026-07-07 08:47:42  INFO       + REV-46 (B, SMGs, BO7)
2026-07-07 08:47:42  INFO       + Voyak KT-3 (B, Assault Rifles, BO7)
2026-07-07 08:47:42  INFO       + AN-94 (B, Assault Rifles, BO7)
2026-07-07 08:47:42  INFO       + TR2 (B, Marksman Rifles, BO6)
2026-07-07 08:47:42  INFO       + Razor 9mm (B, SMGs, BO7)
2026-07-07 08:47:42  INFO       + Ryden 45K (B, SMGs, BO7)
2026-07-07 08:47:42  INFO       + Sokol 545 (B, LMGs, BO7)
2026-07-07 08:47:42  INFO       + CBRS-3 (B, SMGs, BO7)
2026-07-07 08:47:42  INFO       + LC10 (B, SMGs, BO6)
2026-07-07 08:47:42  INFO       + M8A1 (B, Marksman Rifles, BO7)
2026-07-07 08:47:42  INFO       + Swordfish A1 (B, Marksman Rifles, BO7)
2026-07-07 08:47:42  INFO       Totaal: 30 wapens
2026-07-07 08:47:42  INFO         OK: 30 wapens
2026-07-07 08:47:42  INFO     
[2/4] WZHUB Meta scrapen (wzhub.gg)...
2026-07-07 08:47:42  INFO       Browser openen: https://wzhub.gg/loadouts
2026-07-07 08:47:51  INFO       Pagina geladen — parsen...
2026-07-07 08:47:52  INFO       + Mxr-17 (S, )
2026-07-07 08:47:52  INFO       + Ds20 Mirage (S, )
2026-07-07 08:47:52  INFO       + Dravec 45 (S, )
2026-07-07 08:47:52  INFO       + Carbon 57 (S, )
2026-07-07 08:47:52  INFO       + Strider 300 (S, )
2026-07-07 08:47:52  INFO       + Voyak Kt-3 (A, )
2026-07-07 08:47:52  INFO       + Egrt-17 (A, )
2026-07-07 08:47:52  INFO       + Hawker Hx (A, )
2026-07-07 08:47:52  INFO       + Kogot-7 (A, )
2026-07-07 08:47:52  INFO       + Vs Recon (A, )
2026-07-07 08:47:52  INFO       Totaal: 10 wapens van wzhub.gg
2026-07-07 08:47:52  INFO         OK: 10 wapens
2026-07-07 08:47:52  INFO     
[3/4] RAW-data bouwen vanuit WZ Meta + WZHUB...
2026-07-07 08:47:52  INFO       RAW gebouwd: 30 wapens over 2 games
2026-07-07 08:47:52  INFO     
[4/4] Warzone Playlists scrapen (wzhub.gg/playlist/wz)...
2026-07-07 08:47:52  INFO       Ophalen: https://wzhub.gg/playlist/wz
2026-07-07 08:47:52  INFO       + RESURGENCE (ltm=False, modes=3)
2026-07-07 08:47:52  INFO       + BATTLE ROYALE (ltm=False, modes=2)
2026-07-07 08:47:52  INFO       + RANKED: RESURGENCE (ltm=False, modes=1)
2026-07-07 08:47:52  INFO       + RESURGENCE CASUAL (ltm=False, modes=1)
2026-07-07 08:47:52  INFO       + BATTLE ROYALE CASUAL (ltm=False, modes=1)
2026-07-07 08:47:52  INFO       Totaal: 5 playlists, seizoen: 
2026-07-07 08:47:52  INFO         OK: 5 playlists
2026-07-07 08:47:52  INFO     
[5/5] HTML updaten...
2026-07-07 08:47:52  INFO       [MIGRATIE] HTML succesvol bijgewerkt
2026-07-07 08:47:52  INFO         OK: Bijgewerkt op 07/07/2026 08:47
2026-07-07 08:47:52  INFO     
BuitKing's Loadouts bijgewerkt!
2026-07-07 08:47:52  INFO     =======================================================
2026-07-08 07:43:29  INFO     =======================================================
2026-07-08 07:43:29  INFO     BuitKing's Loadout Updater gestart (v8 - geen TeeP)
2026-07-08 07:43:29  INFO     Datum: 08/07/2026 07:43
2026-07-08 07:43:29  INFO     
[1/4] WZ Meta scrapen (warzoneloadout.games)...
2026-07-08 07:43:29  INFO       Ophalen: https://warzoneloadout.games/warzone-meta/
2026-07-08 07:43:30  INFO       + MXR-17 (S, Assault Rifles, BO7)
2026-07-08 07:43:30  INFO       + Carbon 57 (S, SMGs, BO7)
2026-07-08 07:43:30  INFO       + AK-27 (S, Assault Rifles, BO7)
2026-07-08 07:43:30  INFO       + Strider 300 (S, Sniper Rifles, BO7)
2026-07-08 07:43:30  INFO       + X9 Maverick (A, Assault Rifles, BO7)
2026-07-08 07:43:30  INFO       + Dravec 45 (A, SMGs, BO7)
2026-07-08 07:43:30  INFO       + VX Compact (A, Assault Rifles, BO7)
2026-07-08 07:43:30  INFO       + DS20 Mirage (A, Assault Rifles, BO7)
2026-07-08 07:43:30  INFO       + MPC-25 (A, SMGs, BO7)
2026-07-08 07:43:30  INFO       + Hawker HX (A, Sniper Rifles, BO7)
2026-07-08 07:43:30  INFO       + VS Recon (A, Sniper Rifles, BO7)
2026-07-08 07:43:30  INFO       + Kogot-7 (A, SMGs, BO7)
2026-07-08 07:43:30  INFO       + Peacekeeper Mk1 (A, Assault Rifles, BO7)
2026-07-08 07:43:30  INFO       + EGRT-17 (A, Assault Rifles, BO7)
2026-07-08 07:43:30  INFO       + M15 Mod 0 (B, Assault Rifles, BO7)
2026-07-08 07:43:30  INFO       + Sturmwolf 45 (B, SMGs, BO7)
2026-07-08 07:43:30  INFO       + MK35 ISR (B, Assault Rifles, BO7)
2026-07-08 07:43:30  INFO       + VST (B, SMGs, BO7)
2026-07-08 07:43:30  INFO       + XR-3 Ion (B, Sniper Rifles, BO7)
2026-07-08 07:43:30  INFO       + REV-46 (B, SMGs, BO7)
2026-07-08 07:43:30  INFO       + Voyak KT-3 (B, Assault Rifles, BO7)
2026-07-08 07:43:30  INFO       + AN-94 (B, Assault Rifles, BO7)
2026-07-08 07:43:30  INFO       + TR2 (B, Marksman Rifles, BO6)
2026-07-08 07:43:30  INFO       + Razor 9mm (B, SMGs, BO7)
2026-07-08 07:43:30  INFO       + Ryden 45K (B, SMGs, BO7)
2026-07-08 07:43:30  INFO       + Sokol 545 (B, LMGs, BO7)
2026-07-08 07:43:30  INFO       + CBRS-3 (B, SMGs, BO7)
2026-07-08 07:43:30  INFO       + LC10 (B, SMGs, BO6)
2026-07-08 07:43:30  INFO       + M8A1 (B, Marksman Rifles, BO7)
2026-07-08 07:43:30  INFO       + Swordfish A1 (B, Marksman Rifles, BO7)
2026-07-08 07:43:30  INFO       Totaal: 30 wapens
2026-07-08 07:43:30  INFO         OK: 30 wapens
2026-07-08 07:43:30  INFO     
[2/4] WZHUB Meta scrapen (wzhub.gg)...
2026-07-08 07:43:30  INFO       Browser openen: https://wzhub.gg/loadouts
2026-07-08 07:43:37  INFO       Pagina geladen — parsen...
2026-07-08 07:43:38  INFO       + Mxr-17 (S, )
2026-07-08 07:43:38  INFO       + Ds20 Mirage (S, )
2026-07-08 07:43:38  INFO       + Dravec 45 (S, )
2026-07-08 07:43:38  INFO       + Carbon 57 (S, )
2026-07-08 07:43:38  INFO       + Strider 300 (S, )
2026-07-08 07:43:38  INFO       + Voyak Kt-3 (A, )
2026-07-08 07:43:38  INFO       + Egrt-17 (A, )
2026-07-08 07:43:38  INFO       + Hawker Hx (A, )
2026-07-08 07:43:38  INFO       + Kogot-7 (A, )
2026-07-08 07:43:38  INFO       + Vs Recon (A, )
2026-07-08 07:43:38  INFO       Totaal: 10 wapens van wzhub.gg
2026-07-08 07:43:38  INFO         OK: 10 wapens
2026-07-08 07:43:38  INFO     
[3/4] RAW-data bouwen vanuit WZ Meta + WZHUB...
2026-07-08 07:43:38  INFO       RAW gebouwd: 30 wapens over 2 games
2026-07-08 07:43:38  INFO     
[4/4] Warzone Playlists scrapen (wzhub.gg/playlist/wz)...
2026-07-08 07:43:38  INFO       Ophalen: https://wzhub.gg/playlist/wz
2026-07-08 07:43:38  INFO       + RESURGENCE (ltm=False, modes=3)
2026-07-08 07:43:38  INFO       + BATTLE ROYALE (ltm=False, modes=2)
2026-07-08 07:43:38  INFO       + RANKED: RESURGENCE (ltm=False, modes=1)
2026-07-08 07:43:38  INFO       + RESURGENCE CASUAL (ltm=False, modes=1)
2026-07-08 07:43:38  INFO       + BATTLE ROYALE CASUAL (ltm=False, modes=1)
2026-07-08 07:43:38  INFO       Totaal: 5 playlists, seizoen: 
2026-07-08 07:43:38  INFO         OK: 5 playlists
2026-07-08 07:43:38  INFO     
[5/5] HTML updaten...
2026-07-08 07:43:38  INFO       [MIGRATIE] HTML succesvol bijgewerkt
2026-07-08 07:43:38  INFO         OK: Bijgewerkt op 08/07/2026 07:43
2026-07-08 07:43:38  INFO     
BuitKing's Loadouts bijgewerkt!
2026-07-08 07:43:38  INFO     =======================================================
2026-07-09 08:49:44  INFO     =======================================================
2026-07-09 08:49:44  INFO     BuitKing's Loadout Updater gestart (v8 - geen TeeP)
2026-07-09 08:49:44  INFO     Datum: 09/07/2026 08:49
2026-07-09 08:49:44  INFO     
[1/4] WZ Meta scrapen (warzoneloadout.games)...
2026-07-09 08:49:44  INFO       Ophalen: https://warzoneloadout.games/warzone-meta/
2026-07-09 08:49:46  INFO       + MXR-17 (S, Assault Rifles, BO7)
2026-07-09 08:49:46  INFO       + Carbon 57 (S, SMGs, BO7)
2026-07-09 08:49:46  INFO       + AK-27 (S, Assault Rifles, BO7)
2026-07-09 08:49:46  INFO       + Strider 300 (S, Sniper Rifles, BO7)
2026-07-09 08:49:46  INFO       + X9 Maverick (A, Assault Rifles, BO7)
2026-07-09 08:49:46  INFO       + Dravec 45 (A, SMGs, BO7)
2026-07-09 08:49:46  INFO       + VX Compact (A, Assault Rifles, BO7)
2026-07-09 08:49:46  INFO       + DS20 Mirage (A, Assault Rifles, BO7)
2026-07-09 08:49:46  INFO       + MPC-25 (A, SMGs, BO7)
2026-07-09 08:49:46  INFO       + Hawker HX (A, Sniper Rifles, BO7)
2026-07-09 08:49:46  INFO       + VS Recon (A, Sniper Rifles, BO7)
2026-07-09 08:49:46  INFO       + Peacekeeper Mk1 (A, Assault Rifles, BO7)
2026-07-09 08:49:46  INFO       + REV-46 (A, SMGs, BO7)
2026-07-09 08:49:46  INFO       + EGRT-17 (A, Assault Rifles, BO7)
2026-07-09 08:49:46  INFO       + M15 Mod 0 (B, Assault Rifles, BO7)
2026-07-09 08:49:46  INFO       + MK35 ISR (B, Assault Rifles, BO7)
2026-07-09 08:49:46  INFO       + VST (B, SMGs, BO7)
2026-07-09 08:49:46  INFO       + Kogot-7 (B, SMGs, BO7)
2026-07-09 08:49:46  INFO       + XR-3 Ion (B, Sniper Rifles, BO7)
2026-07-09 08:49:46  INFO       + Sturmwolf 45 (B, SMGs, BO7)
2026-07-09 08:49:46  INFO       + Voyak KT-3 (B, Assault Rifles, BO7)
2026-07-09 08:49:46  INFO       + AN-94 (B, Assault Rifles, BO7)
2026-07-09 08:49:46  INFO       + Sokol 545 (B, LMGs, BO7)
2026-07-09 08:49:46  INFO       + M8A1 (B, Marksman Rifles, BO7)
2026-07-09 08:49:46  INFO       + CBRS-3 (B, SMGs, BO7)
2026-07-09 08:49:46  INFO       + Swordfish A1 (B, Marksman Rifles, BO7)
2026-07-09 08:49:46  INFO       Totaal: 26 wapens
2026-07-09 08:49:46  INFO         OK: 26 wapens
2026-07-09 08:49:46  INFO     
[2/4] WZHUB Meta scrapen (wzhub.gg)...
2026-07-09 08:49:46  INFO       Browser openen: https://wzhub.gg/loadouts
2026-07-09 08:50:18  WARNING    [FOUT] Playwright: Page.goto: Timeout 30000ms exceeded.
Call log:
  - navigating to "https://wzhub.gg/loadouts", waiting until "networkidle"

2026-07-09 08:50:18  INFO       Totaal: 0 wapens van wzhub.gg
2026-07-09 08:50:18  INFO         OK: 0 wapens
2026-07-09 08:50:18  INFO     
[3/4] RAW-data bouwen vanuit WZ Meta + WZHUB...
2026-07-09 08:50:18  INFO       RAW gebouwd: 26 wapens over 1 games
2026-07-09 08:50:18  INFO     
[4/4] Warzone Playlists scrapen (wzhub.gg/playlist/wz)...
2026-07-09 08:50:18  INFO       Ophalen: https://wzhub.gg/playlist/wz
2026-07-09 08:50:18  INFO       + RESURGENCE (ltm=False, modes=3)
2026-07-09 08:50:18  INFO       + BATTLE ROYALE (ltm=False, modes=2)
2026-07-09 08:50:18  INFO       + RANKED: RESURGENCE (ltm=False, modes=1)
2026-07-09 08:50:18  INFO       + RESURGENCE CASUAL (ltm=False, modes=1)
2026-07-09 08:50:18  INFO       + BATTLE ROYALE CASUAL (ltm=False, modes=1)
2026-07-09 08:50:18  INFO       Totaal: 5 playlists, seizoen: 
2026-07-09 08:50:18  INFO         OK: 5 playlists
2026-07-09 08:50:18  INFO     
[5/5] HTML updaten...
2026-07-09 08:50:18  INFO       [MIGRATIE] HTML succesvol bijgewerkt
2026-07-09 08:50:18  WARNING    [WAARSCHUWING] WZHUB leeg -- bestaande data behouden
2026-07-09 08:50:18  INFO         OK: Bijgewerkt op 09/07/2026 08:49
2026-07-09 08:50:18  INFO     
BuitKing's Loadouts bijgewerkt!
2026-07-09 08:50:18  INFO     =======================================================
2026-07-10 08:46:14  INFO     =======================================================
2026-07-10 08:46:14  INFO     BuitKing's Loadout Updater gestart (v8 - geen TeeP)
2026-07-10 08:46:14  INFO     Datum: 10/07/2026 08:46
2026-07-10 08:46:14  INFO     
[1/4] WZ Meta scrapen (warzoneloadout.games)...
2026-07-10 08:46:14  INFO       Ophalen: https://warzoneloadout.games/warzone-meta/
2026-07-10 08:46:15  INFO       + MXR-17 (S, Assault Rifles, BO7)
2026-07-10 08:46:15  INFO       + Carbon 57 (S, SMGs, BO7)
2026-07-10 08:46:15  INFO       + Strider 300 (S, Sniper Rifles, BO7)
2026-07-10 08:46:15  INFO       + AK-27 (A, Assault Rifles, BO7)
2026-07-10 08:46:15  INFO       + Dravec 45 (A, SMGs, BO7)
2026-07-10 08:46:15  INFO       + VX Compact (A, Assault Rifles, BO7)
2026-07-10 08:46:15  INFO       + X9 Maverick (A, Assault Rifles, BO7)
2026-07-10 08:46:15  INFO       + MPC-25 (A, SMGs, BO7)
2026-07-10 08:46:15  INFO       + DS20 Mirage (A, Assault Rifles, BO7)
2026-07-10 08:46:15  INFO       + Hawker HX (A, Sniper Rifles, BO7)
2026-07-10 08:46:15  INFO       + VS Recon (A, Sniper Rifles, BO7)
2026-07-10 08:46:15  INFO       + Peacekeeper Mk1 (A, Assault Rifles, BO7)
2026-07-10 08:46:15  INFO       + REV-46 (A, SMGs, BO7)
2026-07-10 08:46:15  INFO       + EGRT-17 (A, Assault Rifles, BO7)
2026-07-10 08:46:15  INFO       + M15 Mod 0 (B, Assault Rifles, BO7)
2026-07-10 08:46:15  INFO       + MK35 ISR (B, Assault Rifles, BO7)
2026-07-10 08:46:15  INFO       + VST (B, SMGs, BO7)
2026-07-10 08:46:15  INFO       + Kogot-7 (B, SMGs, BO7)
2026-07-10 08:46:15  INFO       + XR-3 Ion (B, Sniper Rifles, BO7)
2026-07-10 08:46:15  INFO       + Sturmwolf 45 (B, SMGs, BO7)
2026-07-10 08:46:15  INFO       + Voyak KT-3 (B, Assault Rifles, BO7)
2026-07-10 08:46:15  INFO       + AN-94 (B, Assault Rifles, BO7)
2026-07-10 08:46:15  INFO       + M8A1 (B, Marksman Rifles, BO7)
2026-07-10 08:46:15  INFO       + CBRS-3 (B, SMGs, BO7)
2026-07-10 08:46:15  INFO       Totaal: 24 wapens
2026-07-10 08:46:15  INFO         OK: 24 wapens
2026-07-10 08:46:15  INFO     
[2/4] WZHUB Meta scrapen (wzhub.gg)...
2026-07-10 08:46:15  INFO       Browser openen: https://wzhub.gg/loadouts
2026-07-10 08:46:24  INFO       Pagina geladen — parsen...
2026-07-10 08:46:24  INFO       + Mxr-17 (S, )
2026-07-10 08:46:24  INFO       + Ds20 Mirage (S, )
2026-07-10 08:46:24  INFO       + Dravec 45 (S, )
2026-07-10 08:46:24  INFO       + Carbon 57 (S, )
2026-07-10 08:46:24  INFO       + Strider 300 (S, )
2026-07-10 08:46:24  INFO       + Voyak Kt-3 (A, )
2026-07-10 08:46:24  INFO       + Egrt-17 (A, )
2026-07-10 08:46:24  INFO       + Hawker Hx (A, )
2026-07-10 08:46:24  INFO       + Kogot-7 (A, )
2026-07-10 08:46:24  INFO       + Vs Recon (A, )
2026-07-10 08:46:24  INFO       Totaal: 10 wapens van wzhub.gg
2026-07-10 08:46:24  INFO         OK: 10 wapens
2026-07-10 08:46:24  INFO     
[3/4] RAW-data bouwen vanuit WZ Meta + WZHUB...
2026-07-10 08:46:24  INFO       RAW gebouwd: 24 wapens over 1 games
2026-07-10 08:46:24  INFO     
[4/4] Warzone Playlists scrapen (wzhub.gg/playlist/wz)...
2026-07-10 08:46:24  INFO       Ophalen: https://wzhub.gg/playlist/wz
2026-07-10 08:46:25  INFO       + RESURGENCE (ltm=False, modes=3)
2026-07-10 08:46:25  INFO       + BATTLE ROYALE (ltm=False, modes=2)
2026-07-10 08:46:25  INFO       + RANKED: RESURGENCE (ltm=False, modes=1)
2026-07-10 08:46:25  INFO       + RESURGENCE CASUAL (ltm=False, modes=1)
2026-07-10 08:46:25  INFO       + BATTLE ROYALE CASUAL (ltm=False, modes=1)
2026-07-10 08:46:25  INFO       Totaal: 5 playlists, seizoen: Season 4- 58%
      (25 days)
2026-07-10 08:46:25  INFO         OK: 5 playlists
2026-07-10 08:46:25  INFO     
[5/5] HTML updaten...
2026-07-10 08:46:25  INFO       [MIGRATIE] HTML succesvol bijgewerkt
2026-07-10 08:46:25  INFO         OK: Bijgewerkt op 10/07/2026 08:46
2026-07-10 08:46:25  INFO     
BuitKing's Loadouts bijgewerkt!
2026-07-10 08:46:25  INFO     =======================================================
2026-07-11 07:21:49  INFO     =======================================================
2026-07-11 07:21:49  INFO     BuitKing's Loadout Updater gestart (v8 - geen TeeP)
2026-07-11 07:21:49  INFO     Datum: 11/07/2026 07:21
2026-07-11 07:21:49  INFO     
[1/4] WZ Meta scrapen (warzoneloadout.games)...
2026-07-11 07:21:49  INFO       Ophalen: https://warzoneloadout.games/warzone-meta/
2026-07-11 07:21:50  INFO       + MXR-17 (S, Assault Rifles, BO7)
2026-07-11 07:21:50  INFO       + Carbon 57 (S, SMGs, BO7)
2026-07-11 07:21:50  INFO       + Strider 300 (S, Sniper Rifles, BO7)
2026-07-11 07:21:50  INFO       + AK-27 (A, Assault Rifles, BO7)
2026-07-11 07:21:50  INFO       + Dravec 45 (A, SMGs, BO7)
2026-07-11 07:21:50  INFO       + VX Compact (A, Assault Rifles, BO7)
2026-07-11 07:21:50  INFO       + X9 Maverick (A, Assault Rifles, BO7)
2026-07-11 07:21:50  INFO       + MPC-25 (A, SMGs, BO7)
2026-07-11 07:21:50  INFO       + DS20 Mirage (A, Assault Rifles, BO7)
2026-07-11 07:21:50  INFO       + Hawker HX (A, Sniper Rifles, BO7)
2026-07-11 07:21:50  INFO       + VS Recon (A, Sniper Rifles, BO7)
2026-07-11 07:21:50  INFO       + Peacekeeper Mk1 (A, Assault Rifles, BO7)
2026-07-11 07:21:50  INFO       + REV-46 (A, SMGs, BO7)
2026-07-11 07:21:50  INFO       + EGRT-17 (A, Assault Rifles, BO7)
2026-07-11 07:21:50  INFO       + M15 Mod 0 (B, Assault Rifles, BO7)
2026-07-11 07:21:50  INFO       + MK35 ISR (B, Assault Rifles, BO7)
2026-07-11 07:21:50  INFO       + VST (B, SMGs, BO7)
2026-07-11 07:21:50  INFO       + Kogot-7 (B, SMGs, BO7)
2026-07-11 07:21:50  INFO       + XR-3 Ion (B, Sniper Rifles, BO7)
2026-07-11 07:21:50  INFO       + Sturmwolf 45 (B, SMGs, BO7)
2026-07-11 07:21:50  INFO       + Voyak KT-3 (B, Assault Rifles, BO7)
2026-07-11 07:21:50  INFO       + AN-94 (B, Assault Rifles, BO7)
2026-07-11 07:21:50  INFO       + M8A1 (B, Marksman Rifles, BO7)
2026-07-11 07:21:50  INFO       + CBRS-3 (B, SMGs, BO7)
2026-07-11 07:21:50  INFO       Totaal: 24 wapens
2026-07-11 07:21:50  INFO         OK: 24 wapens
2026-07-11 07:21:50  INFO     
[2/4] WZHUB Meta scrapen (wzhub.gg)...
2026-07-11 07:21:50  INFO       Browser openen: https://wzhub.gg/loadouts
2026-07-11 07:21:59  INFO       Pagina geladen — parsen...
2026-07-11 07:22:00  INFO       + Mxr-17 (S, )
2026-07-11 07:22:00  INFO       + Ds20 Mirage (S, )
2026-07-11 07:22:00  INFO       + Dravec 45 (S, )
2026-07-11 07:22:00  INFO       + Carbon 57 (S, )
2026-07-11 07:22:00  INFO       + Strider 300 (S, )
2026-07-11 07:22:00  INFO       + Voyak Kt-3 (A, )
2026-07-11 07:22:00  INFO       + Egrt-17 (A, )
2026-07-11 07:22:00  INFO       + Hawker Hx (A, )
2026-07-11 07:22:00  INFO       + Kogot-7 (A, )
2026-07-11 07:22:00  INFO       + Vs Recon (A, )
2026-07-11 07:22:00  INFO       Totaal: 10 wapens van wzhub.gg
2026-07-11 07:22:00  INFO         OK: 10 wapens
2026-07-11 07:22:00  INFO     
[3/4] RAW-data bouwen vanuit WZ Meta + WZHUB...
2026-07-11 07:22:00  INFO       RAW gebouwd: 24 wapens over 1 games
2026-07-11 07:22:00  INFO     
[4/4] Warzone Playlists scrapen (wzhub.gg/playlist/wz)...
2026-07-11 07:22:00  INFO       Ophalen: https://wzhub.gg/playlist/wz
2026-07-11 07:22:00  INFO       + RESURGENCE (ltm=False, modes=3)
2026-07-11 07:22:00  INFO       + BATTLE ROYALE (ltm=False, modes=2)
2026-07-11 07:22:00  INFO       + RANKED: RESURGENCE (ltm=False, modes=1)
2026-07-11 07:22:00  INFO       + RESURGENCE CASUAL (ltm=False, modes=1)
2026-07-11 07:22:00  INFO       + BATTLE ROYALE CASUAL (ltm=False, modes=1)
2026-07-11 07:22:00  INFO       Totaal: 5 playlists, seizoen: Season 4- 60%
      (24 days)
2026-07-11 07:22:00  INFO         OK: 5 playlists
2026-07-11 07:22:00  INFO     
[5/5] HTML updaten...
2026-07-11 07:22:00  INFO       [MIGRATIE] HTML succesvol bijgewerkt
2026-07-11 07:22:00  INFO         OK: Bijgewerkt op 11/07/2026 07:21
2026-07-11 07:22:00  INFO     
BuitKing's Loadouts bijgewerkt!
2026-07-11 07:22:00  INFO     =======================================================
2026-07-12 07:39:04  INFO     =======================================================
2026-07-12 07:39:04  INFO     BuitKing's Loadout Updater gestart (v8 - geen TeeP)
2026-07-12 07:39:04  INFO     Datum: 12/07/2026 07:39
2026-07-12 07:39:04  INFO     
[1/4] WZ Meta scrapen (warzoneloadout.games)...
2026-07-12 07:39:04  INFO       Ophalen: https://warzoneloadout.games/warzone-meta/
2026-07-12 07:39:05  INFO       + MXR-17 (S, Assault Rifles, BO7)
2026-07-12 07:39:05  INFO       + Carbon 57 (S, SMGs, BO7)
2026-07-12 07:39:05  INFO       + Strider 300 (S, Sniper Rifles, BO7)
2026-07-12 07:39:05  INFO       + AK-27 (A, Assault Rifles, BO7)
2026-07-12 07:39:05  INFO       + Dravec 45 (A, SMGs, BO7)
2026-07-12 07:39:05  INFO       + VX Compact (A, Assault Rifles, BO7)
2026-07-12 07:39:05  INFO       + X9 Maverick (A, Assault Rifles, BO7)
2026-07-12 07:39:05  INFO       + MPC-25 (A, SMGs, BO7)
2026-07-12 07:39:05  INFO       + DS20 Mirage (A, Assault Rifles, BO7)
2026-07-12 07:39:05  INFO       + Hawker HX (A, Sniper Rifles, BO7)
2026-07-12 07:39:05  INFO       + VS Recon (A, Sniper Rifles, BO7)
2026-07-12 07:39:05  INFO       + Peacekeeper Mk1 (A, Assault Rifles, BO7)
2026-07-12 07:39:05  INFO       + REV-46 (A, SMGs, BO7)
2026-07-12 07:39:05  INFO       + EGRT-17 (A, Assault Rifles, BO7)
2026-07-12 07:39:05  INFO       + M15 Mod 0 (B, Assault Rifles, BO7)
2026-07-12 07:39:05  INFO       + MK35 ISR (B, Assault Rifles, BO7)
2026-07-12 07:39:05  INFO       + VST (B, SMGs, BO7)
2026-07-12 07:39:05  INFO       + Kogot-7 (B, SMGs, BO7)
2026-07-12 07:39:05  INFO       + XR-3 Ion (B, Sniper Rifles, BO7)
2026-07-12 07:39:05  INFO       + Sturmwolf 45 (B, SMGs, BO7)
2026-07-12 07:39:05  INFO       + Voyak KT-3 (B, Assault Rifles, BO7)
2026-07-12 07:39:05  INFO       + AN-94 (B, Assault Rifles, BO7)
2026-07-12 07:39:05  INFO       + M8A1 (B, Marksman Rifles, BO7)
2026-07-12 07:39:05  INFO       + CBRS-3 (B, SMGs, BO7)
2026-07-12 07:39:05  INFO       Totaal: 24 wapens
2026-07-12 07:39:05  INFO         OK: 24 wapens
2026-07-12 07:39:05  INFO     
[2/4] WZHUB Meta scrapen (wzhub.gg)...
2026-07-12 07:39:05  INFO       Browser openen: https://wzhub.gg/loadouts
2026-07-12 07:39:12  INFO       Pagina geladen — parsen...
2026-07-12 07:39:12  INFO       + Mxr-17 (S, )
2026-07-12 07:39:12  INFO       + Ds20 Mirage (S, )
2026-07-12 07:39:12  INFO       + Dravec 45 (S, )
2026-07-12 07:39:12  INFO       + Carbon 57 (S, )
2026-07-12 07:39:12  INFO       + Strider 300 (S, )
2026-07-12 07:39:12  INFO       + Voyak Kt-3 (A, )
2026-07-12 07:39:12  INFO       + Egrt-17 (A, )
2026-07-12 07:39:12  INFO       + Hawker Hx (A, )
2026-07-12 07:39:12  INFO       + Kogot-7 (A, )
2026-07-12 07:39:12  INFO       + Vs Recon (A, )
2026-07-12 07:39:12  INFO       Totaal: 10 wapens van wzhub.gg
2026-07-12 07:39:12  INFO         OK: 10 wapens
2026-07-12 07:39:12  INFO     
[3/4] RAW-data bouwen vanuit WZ Meta + WZHUB...
2026-07-12 07:39:12  INFO       RAW gebouwd: 24 wapens over 1 games
2026-07-12 07:39:12  INFO     
[4/4] Warzone Playlists scrapen (wzhub.gg/playlist/wz)...
2026-07-12 07:39:12  INFO       Ophalen: https://wzhub.gg/playlist/wz
2026-07-12 07:39:13  INFO       + RESURGENCE (ltm=False, modes=3)
2026-07-12 07:39:13  INFO       + BATTLE ROYALE (ltm=False, modes=2)
2026-07-12 07:39:13  INFO       + RANKED: RESURGENCE (ltm=False, modes=1)
2026-07-12 07:39:13  INFO       + RESURGENCE CASUAL (ltm=False, modes=1)
2026-07-12 07:39:13  INFO       + BATTLE ROYALE CASUAL (ltm=False, modes=1)
2026-07-12 07:39:13  INFO       Totaal: 5 playlists, seizoen: Season 4- 62%
      (23 days)
2026-07-12 07:39:13  INFO         OK: 5 playlists
2026-07-12 07:39:13  INFO     
[5/5] HTML updaten...
2026-07-12 07:39:13  INFO       [MIGRATIE] HTML succesvol bijgewerkt
2026-07-12 07:39:13  INFO         OK: Bijgewerkt op 12/07/2026 07:39
2026-07-12 07:39:13  INFO     
BuitKing's Loadouts bijgewerkt!
2026-07-12 07:39:13  INFO     =======================================================
2026-07-13 08:29:40  INFO     =======================================================
2026-07-13 08:29:40  INFO     BuitKing's Loadout Updater gestart (v8 - geen TeeP)
2026-07-13 08:29:40  INFO     Datum: 13/07/2026 08:29
2026-07-13 08:29:40  INFO     
[1/4] WZ Meta scrapen (warzoneloadout.games)...
2026-07-13 08:29:40  INFO       Ophalen: https://warzoneloadout.games/warzone-meta/
2026-07-13 08:29:41  INFO       + MXR-17 (S, Assault Rifles, BO7)
2026-07-13 08:29:41  INFO       + Carbon 57 (S, SMGs, BO7)
2026-07-13 08:29:41  INFO       + Strider 300 (S, Sniper Rifles, BO7)
2026-07-13 08:29:41  INFO       + AK-27 (A, Assault Rifles, BO7)
2026-07-13 08:29:41  INFO       + Dravec 45 (A, SMGs, BO7)
2026-07-13 08:29:41  INFO       + VX Compact (A, Assault Rifles, BO7)
2026-07-13 08:29:41  INFO       + X9 Maverick (A, Assault Rifles, BO7)
2026-07-13 08:29:41  INFO       + MPC-25 (A, SMGs, BO7)
2026-07-13 08:29:41  INFO       + DS20 Mirage (A, Assault Rifles, BO7)
2026-07-13 08:29:41  INFO       + Hawker HX (A, Sniper Rifles, BO7)
2026-07-13 08:29:41  INFO       + VS Recon (A, Sniper Rifles, BO7)
2026-07-13 08:29:41  INFO       + Peacekeeper Mk1 (A, Assault Rifles, BO7)
2026-07-13 08:29:41  INFO       + REV-46 (A, SMGs, BO7)
2026-07-13 08:29:41  INFO       + EGRT-17 (A, Assault Rifles, BO7)
2026-07-13 08:29:41  INFO       + M15 Mod 0 (B, Assault Rifles, BO7)
2026-07-13 08:29:41  INFO       + MK35 ISR (B, Assault Rifles, BO7)
2026-07-13 08:29:41  INFO       + VST (B, SMGs, BO7)
2026-07-13 08:29:41  INFO       + Kogot-7 (B, SMGs, BO7)
2026-07-13 08:29:41  INFO       + XR-3 Ion (B, Sniper Rifles, BO7)
2026-07-13 08:29:41  INFO       + Sturmwolf 45 (B, SMGs, BO7)
2026-07-13 08:29:41  INFO       + Voyak KT-3 (B, Assault Rifles, BO7)
2026-07-13 08:29:41  INFO       + AN-94 (B, Assault Rifles, BO7)
2026-07-13 08:29:41  INFO       + M8A1 (B, Marksman Rifles, BO7)
2026-07-13 08:29:41  INFO       + CBRS-3 (B, SMGs, BO7)
2026-07-13 08:29:41  INFO       Totaal: 24 wapens
2026-07-13 08:29:41  INFO         OK: 24 wapens
2026-07-13 08:29:41  INFO     
[2/4] WZHUB Meta scrapen (wzhub.gg)...
2026-07-13 08:29:41  INFO       Browser openen: https://wzhub.gg/loadouts
2026-07-13 08:29:48  INFO       Pagina geladen — parsen...
2026-07-13 08:29:48  INFO       + Mxr-17 (S, )
2026-07-13 08:29:48  INFO       + Ds20 Mirage (S, )
2026-07-13 08:29:48  INFO       + Dravec 45 (S, )
2026-07-13 08:29:48  INFO       + Carbon 57 (S, )
2026-07-13 08:29:48  INFO       + Strider 300 (S, )
2026-07-13 08:29:48  INFO       + Voyak Kt-3 (A, )
2026-07-13 08:29:48  INFO       + Egrt-17 (A, )
2026-07-13 08:29:48  INFO       + Hawker Hx (A, )
2026-07-13 08:29:48  INFO       + Kogot-7 (A, )
2026-07-13 08:29:48  INFO       + Vs Recon (A, )
2026-07-13 08:29:48  INFO       Totaal: 10 wapens van wzhub.gg
2026-07-13 08:29:48  INFO         OK: 10 wapens
2026-07-13 08:29:48  INFO     
[3/4] RAW-data bouwen vanuit WZ Meta + WZHUB...
2026-07-13 08:29:48  INFO       RAW gebouwd: 24 wapens over 1 games
2026-07-13 08:29:48  INFO     
[4/4] Warzone Playlists scrapen (wzhub.gg/playlist/wz)...
2026-07-13 08:29:48  INFO       Ophalen: https://wzhub.gg/playlist/wz
2026-07-13 08:29:48  INFO       + RESURGENCE (ltm=False, modes=3)
2026-07-13 08:29:48  INFO       + BATTLE ROYALE (ltm=False, modes=2)
2026-07-13 08:29:48  INFO       + RANKED: RESURGENCE (ltm=False, modes=1)
2026-07-13 08:29:48  INFO       + RESURGENCE CASUAL (ltm=False, modes=1)
2026-07-13 08:29:48  INFO       + BATTLE ROYALE CASUAL (ltm=False, modes=1)
2026-07-13 08:29:48  INFO       Totaal: 5 playlists, seizoen: Season 4- 63%
      (22 days)
2026-07-13 08:29:48  INFO         OK: 5 playlists
2026-07-13 08:29:48  INFO     
[5/5] HTML updaten...
2026-07-13 08:29:48  INFO       [MIGRATIE] HTML succesvol bijgewerkt
2026-07-13 08:29:48  INFO         OK: Bijgewerkt op 13/07/2026 08:29
2026-07-13 08:29:48  INFO     
BuitKing's Loadouts bijgewerkt!
2026-07-13 08:29:48  INFO     =======================================================
2026-07-14 07:23:22  INFO     =======================================================
2026-07-14 07:23:22  INFO     BuitKing's Loadout Updater gestart (v8 - geen TeeP)
2026-07-14 07:23:22  INFO     Datum: 14/07/2026 07:23
2026-07-14 07:23:22  INFO     
[1/4] WZ Meta scrapen (warzoneloadout.games)...
2026-07-14 07:23:22  INFO       Ophalen: https://warzoneloadout.games/warzone-meta/
2026-07-14 07:23:23  INFO       + MXR-17 (S, Assault Rifles, BO7)
2026-07-14 07:23:23  INFO       + Carbon 57 (S, SMGs, BO7)
2026-07-14 07:23:23  INFO       + Strider 300 (S, Sniper Rifles, BO7)
2026-07-14 07:23:23  INFO       + AK-27 (A, Assault Rifles, BO7)
2026-07-14 07:23:23  INFO       + Dravec 45 (A, SMGs, BO7)
2026-07-14 07:23:23  INFO       + VX Compact (A, Assault Rifles, BO7)
2026-07-14 07:23:23  INFO       + X9 Maverick (A, Assault Rifles, BO7)
2026-07-14 07:23:23  INFO       + MPC-25 (A, SMGs, BO7)
2026-07-14 07:23:23  INFO       + DS20 Mirage (A, Assault Rifles, BO7)
2026-07-14 07:23:23  INFO       + Hawker HX (A, Sniper Rifles, BO7)
2026-07-14 07:23:23  INFO       + VS Recon (A, Sniper Rifles, BO7)
2026-07-14 07:23:23  INFO       + Peacekeeper Mk1 (A, Assault Rifles, BO7)
2026-07-14 07:23:23  INFO       + REV-46 (A, SMGs, BO7)
2026-07-14 07:23:23  INFO       + EGRT-17 (A, Assault Rifles, BO7)
2026-07-14 07:23:23  INFO       + M15 Mod 0 (B, Assault Rifles, BO7)
2026-07-14 07:23:23  INFO       + MK35 ISR (B, Assault Rifles, BO7)
2026-07-14 07:23:23  INFO       + VST (B, SMGs, BO7)
2026-07-14 07:23:23  INFO       + Kogot-7 (B, SMGs, BO7)
2026-07-14 07:23:23  INFO       + XR-3 Ion (B, Sniper Rifles, BO7)
2026-07-14 07:23:23  INFO       + Sturmwolf 45 (B, SMGs, BO7)
2026-07-14 07:23:23  INFO       + Voyak KT-3 (B, Assault Rifles, BO7)
2026-07-14 07:23:23  INFO       + AN-94 (B, Assault Rifles, BO7)
2026-07-14 07:23:23  INFO       + M8A1 (B, Marksman Rifles, BO7)
2026-07-14 07:23:23  INFO       + CBRS-3 (B, SMGs, BO7)
2026-07-14 07:23:23  INFO       Totaal: 24 wapens
2026-07-14 07:23:23  INFO         OK: 24 wapens
2026-07-14 07:23:23  INFO     
[2/4] WZHUB Meta scrapen (wzhub.gg)...
2026-07-14 07:23:23  INFO       Browser openen: https://wzhub.gg/loadouts
2026-07-14 07:23:34  INFO       Pagina geladen — parsen...
2026-07-14 07:23:34  INFO       + Mxr-17 (S, )
2026-07-14 07:23:34  INFO       + Ds20 Mirage (S, )
2026-07-14 07:23:34  INFO       + Dravec 45 (S, )
2026-07-14 07:23:34  INFO       + Carbon 57 (S, )
2026-07-14 07:23:34  INFO       + Strider 300 (S, )
2026-07-14 07:23:34  INFO       + Voyak Kt-3 (A, )
2026-07-14 07:23:34  INFO       + Egrt-17 (A, )
2026-07-14 07:23:34  INFO       + Hawker Hx (A, )
2026-07-14 07:23:34  INFO       + Kogot-7 (A, )
2026-07-14 07:23:34  INFO       + Vs Recon (A, )
2026-07-14 07:23:34  INFO       Totaal: 10 wapens van wzhub.gg
2026-07-14 07:23:34  INFO         OK: 10 wapens
2026-07-14 07:23:34  INFO     
[3/4] RAW-data bouwen vanuit WZ Meta + WZHUB...
2026-07-14 07:23:34  INFO       RAW gebouwd: 24 wapens over 1 games
2026-07-14 07:23:34  INFO     
[4/4] Warzone Playlists scrapen (wzhub.gg/playlist/wz)...
2026-07-14 07:23:34  INFO       Ophalen: https://wzhub.gg/playlist/wz
2026-07-14 07:23:34  INFO       + RESURGENCE (ltm=False, modes=3)
2026-07-14 07:23:34  INFO       + BATTLE ROYALE (ltm=False, modes=2)
2026-07-14 07:23:34  INFO       + RANKED: RESURGENCE (ltm=False, modes=1)
2026-07-14 07:23:34  INFO       + RESURGENCE CASUAL (ltm=False, modes=1)
2026-07-14 07:23:34  INFO       + BATTLE ROYALE CASUAL (ltm=False, modes=1)
2026-07-14 07:23:34  INFO       Totaal: 5 playlists, seizoen: Season 4- 65%
      (21 days)
2026-07-14 07:23:34  INFO         OK: 5 playlists
2026-07-14 07:23:34  INFO     
[5/5] HTML updaten...
2026-07-14 07:23:34  INFO       [MIGRATIE] HTML succesvol bijgewerkt
2026-07-14 07:23:34  INFO         OK: Bijgewerkt op 14/07/2026 07:23
2026-07-14 07:23:34  INFO     
BuitKing's Loadouts bijgewerkt!
2026-07-14 07:23:34  INFO     =======================================================
2026-07-15 07:26:33  INFO     =======================================================
2026-07-15 07:26:33  INFO     BuitKing's Loadout Updater gestart (v8 - geen TeeP)
2026-07-15 07:26:33  INFO     Datum: 15/07/2026 07:26
2026-07-15 07:26:33  INFO     
[1/4] WZ Meta scrapen (warzoneloadout.games)...
2026-07-15 07:26:33  INFO       Ophalen: https://warzoneloadout.games/warzone-meta/
2026-07-15 07:26:37  INFO       + MXR-17 (S, Assault Rifles, BO7)
2026-07-15 07:26:37  INFO       + Carbon 57 (S, SMGs, BO7)
2026-07-15 07:26:37  INFO       + Strider 300 (S, Sniper Rifles, BO7)
2026-07-15 07:26:37  INFO       + AK-27 (A, Assault Rifles, BO7)
2026-07-15 07:26:37  INFO       + Dravec 45 (A, SMGs, BO7)
2026-07-15 07:26:37  INFO       + VX Compact (A, Assault Rifles, BO7)
2026-07-15 07:26:37  INFO       + X9 Maverick (A, Assault Rifles, BO7)
2026-07-15 07:26:37  INFO       + MPC-25 (A, SMGs, BO7)
2026-07-15 07:26:37  INFO       + DS20 Mirage (A, Assault Rifles, BO7)
2026-07-15 07:26:37  INFO       + Hawker HX (A, Sniper Rifles, BO7)
2026-07-15 07:26:37  INFO       + VS Recon (A, Sniper Rifles, BO7)
2026-07-15 07:26:37  INFO       + Peacekeeper Mk1 (A, Assault Rifles, BO7)
2026-07-15 07:26:37  INFO       + REV-46 (A, SMGs, BO7)
2026-07-15 07:26:37  INFO       + EGRT-17 (A, Assault Rifles, BO7)
2026-07-15 07:26:37  INFO       + M15 Mod 0 (B, Assault Rifles, BO7)
2026-07-15 07:26:37  INFO       + MK35 ISR (B, Assault Rifles, BO7)
2026-07-15 07:26:37  INFO       + VST (B, SMGs, BO7)
2026-07-15 07:26:37  INFO       + Kogot-7 (B, SMGs, BO7)
2026-07-15 07:26:37  INFO       + XR-3 Ion (B, Sniper Rifles, BO7)
2026-07-15 07:26:37  INFO       + Sturmwolf 45 (B, SMGs, BO7)
2026-07-15 07:26:37  INFO       + Voyak KT-3 (B, Assault Rifles, BO7)
2026-07-15 07:26:37  INFO       + AN-94 (B, Assault Rifles, BO7)
2026-07-15 07:26:37  INFO       + M8A1 (B, Marksman Rifles, BO7)
2026-07-15 07:26:37  INFO       + CBRS-3 (B, SMGs, BO7)
2026-07-15 07:26:37  INFO       Totaal: 24 wapens
2026-07-15 07:26:37  INFO         OK: 24 wapens
2026-07-15 07:26:37  INFO     
[2/4] WZHUB Meta scrapen (wzhub.gg)...
2026-07-15 07:26:38  INFO       Browser openen: https://wzhub.gg/loadouts
2026-07-15 07:27:11  WARNING    [FOUT] Playwright: Page.goto: Timeout 30000ms exceeded.
Call log:
  - navigating to "https://wzhub.gg/loadouts", waiting until "networkidle"

2026-07-15 07:27:11  INFO       Totaal: 0 wapens van wzhub.gg
2026-07-15 07:27:11  INFO         OK: 0 wapens
2026-07-15 07:27:11  INFO     
[3/4] RAW-data bouwen vanuit WZ Meta + WZHUB...
2026-07-15 07:27:11  INFO       RAW gebouwd: 24 wapens over 1 games
2026-07-15 07:27:11  INFO     
[4/4] Warzone Playlists scrapen (wzhub.gg/playlist/wz)...
2026-07-15 07:27:11  INFO       Ophalen: https://wzhub.gg/playlist/wz
2026-07-15 07:27:11  INFO       + RESURGENCE (ltm=False, modes=3)
2026-07-15 07:27:11  INFO       + BATTLE ROYALE (ltm=False, modes=2)
2026-07-15 07:27:11  INFO       + RANKED: RESURGENCE (ltm=False, modes=1)
2026-07-15 07:27:11  INFO       + RESURGENCE CASUAL (ltm=False, modes=1)
2026-07-15 07:27:11  INFO       + BATTLE ROYALE CASUAL (ltm=False, modes=1)
2026-07-15 07:27:11  INFO       Totaal: 5 playlists, seizoen: Season 4- 67%
      (20 days)
2026-07-15 07:27:11  INFO         OK: 5 playlists
2026-07-15 07:27:11  INFO     
[5/5] HTML updaten...
2026-07-15 07:27:11  INFO       [MIGRATIE] HTML succesvol bijgewerkt
2026-07-15 07:27:11  WARNING    [WAARSCHUWING] WZHUB leeg -- bestaande data behouden
2026-07-15 07:27:11  INFO         OK: Bijgewerkt op 15/07/2026 07:26
2026-07-15 07:27:11  INFO     
BuitKing's Loadouts bijgewerkt!
2026-07-15 07:27:11  INFO     =======================================================
2026-07-16 07:33:46  INFO     =======================================================
2026-07-16 07:33:46  INFO     BuitKing's Loadout Updater gestart (v8 - geen TeeP)
2026-07-16 07:33:46  INFO     Datum: 16/07/2026 07:33
2026-07-16 07:33:46  INFO     
[1/4] WZ Meta scrapen (warzoneloadout.games)...
2026-07-16 07:33:46  INFO       Ophalen: https://warzoneloadout.games/warzone-meta/
2026-07-16 07:33:47  INFO       + MXR-17 (S, Assault Rifles, BO7)
2026-07-16 07:33:47  INFO       + Carbon 57 (S, SMGs, BO7)
2026-07-16 07:33:47  INFO       + Strider 300 (S, Sniper Rifles, BO7)
2026-07-16 07:33:47  INFO       + AK-27 (A, Assault Rifles, BO7)
2026-07-16 07:33:47  INFO       + Dravec 45 (A, SMGs, BO7)
2026-07-16 07:33:47  INFO       + VX Compact (A, Assault Rifles, BO7)
2026-07-16 07:33:47  INFO       + X9 Maverick (A, Assault Rifles, BO7)
2026-07-16 07:33:47  INFO       + MPC-25 (A, SMGs, BO7)
2026-07-16 07:33:47  INFO       + DS20 Mirage (A, Assault Rifles, BO7)
2026-07-16 07:33:47  INFO       + Hawker HX (A, Sniper Rifles, BO7)
2026-07-16 07:33:47  INFO       + VS Recon (A, Sniper Rifles, BO7)
2026-07-16 07:33:47  INFO       + Peacekeeper Mk1 (A, Assault Rifles, BO7)
2026-07-16 07:33:47  INFO       + REV-46 (A, SMGs, BO7)
2026-07-16 07:33:47  INFO       + EGRT-17 (A, Assault Rifles, BO7)
2026-07-16 07:33:47  INFO       + M15 Mod 0 (B, Assault Rifles, BO7)
2026-07-16 07:33:47  INFO       + MK35 ISR (B, Assault Rifles, BO7)
2026-07-16 07:33:47  INFO       + VST (B, SMGs, BO7)
2026-07-16 07:33:47  INFO       + Kogot-7 (B, SMGs, BO7)
2026-07-16 07:33:47  INFO       + XR-3 Ion (B, Sniper Rifles, BO7)
2026-07-16 07:33:47  INFO       + Sturmwolf 45 (B, SMGs, BO7)
2026-07-16 07:33:47  INFO       + Voyak KT-3 (B, Assault Rifles, BO7)
2026-07-16 07:33:47  INFO       + AN-94 (B, Assault Rifles, BO7)
2026-07-16 07:33:47  INFO       + M8A1 (B, Marksman Rifles, BO7)
2026-07-16 07:33:47  INFO       + CBRS-3 (B, SMGs, BO7)
2026-07-16 07:33:47  INFO       Totaal: 24 wapens
2026-07-16 07:33:47  INFO         OK: 24 wapens
2026-07-16 07:33:47  INFO     
[2/4] WZHUB Meta scrapen (wzhub.gg)...
2026-07-16 07:33:47  INFO       Browser openen: https://wzhub.gg/loadouts
2026-07-16 07:33:54  INFO       Pagina geladen — parsen...
2026-07-16 07:33:54  INFO       + Mxr-17 (S, )
2026-07-16 07:33:54  INFO       + Ds20 Mirage (S, )
2026-07-16 07:33:54  INFO       + Dravec 45 (S, )
2026-07-16 07:33:54  INFO       + Carbon 57 (S, )
2026-07-16 07:33:54  INFO       + Strider 300 (S, )
2026-07-16 07:33:54  INFO       + Voyak Kt-3 (A, )
2026-07-16 07:33:54  INFO       + Egrt-17 (A, )
2026-07-16 07:33:54  INFO       + Hawker Hx (A, )
2026-07-16 07:33:54  INFO       + Kogot-7 (A, )
2026-07-16 07:33:54  INFO       + Vs Recon (A, )
2026-07-16 07:33:54  INFO       Totaal: 10 wapens van wzhub.gg
2026-07-16 07:33:54  INFO         OK: 10 wapens
2026-07-16 07:33:54  INFO     
[3/4] RAW-data bouwen vanuit WZ Meta + WZHUB...
2026-07-16 07:33:54  INFO       RAW gebouwd: 24 wapens over 1 games
2026-07-16 07:33:54  INFO     
[4/4] Warzone Playlists scrapen (wzhub.gg/playlist/wz)...
2026-07-16 07:33:54  INFO       Ophalen: https://wzhub.gg/playlist/wz
2026-07-16 07:33:55  INFO       + RESURGENCE (ltm=False, modes=3)
2026-07-16 07:33:55  INFO       + BATTLE ROYALE (ltm=False, modes=2)
2026-07-16 07:33:55  INFO       + RANKED: RESURGENCE (ltm=False, modes=1)
2026-07-16 07:33:55  INFO       + RESURGENCE CASUAL (ltm=False, modes=1)
2026-07-16 07:33:55  INFO       + BATTLE ROYALE CASUAL (ltm=False, modes=1)
2026-07-16 07:33:55  INFO       Totaal: 5 playlists, seizoen: Season 4- 68%
      (19 days)
2026-07-16 07:33:55  INFO         OK: 5 playlists
2026-07-16 07:33:55  INFO     
[5/5] HTML updaten...
2026-07-16 07:33:55  INFO       [MIGRATIE] HTML succesvol bijgewerkt
2026-07-16 07:33:55  INFO         OK: Bijgewerkt op 16/07/2026 07:33
2026-07-16 07:33:55  INFO     
BuitKing's Loadouts bijgewerkt!
2026-07-16 07:33:55  INFO     =======================================================
2026-07-17 07:31:04  INFO     =======================================================
2026-07-17 07:31:04  INFO     BuitKing's Loadout Updater gestart (v8 - geen TeeP)
2026-07-17 07:31:04  INFO     Datum: 17/07/2026 07:31
2026-07-17 07:31:04  INFO     
[1/4] WZ Meta scrapen (warzoneloadout.games)...
2026-07-17 07:31:04  INFO       Ophalen: https://warzoneloadout.games/warzone-meta/
2026-07-17 07:31:04  INFO       + MXR-17 (S, Assault Rifles, BO7)
2026-07-17 07:31:04  INFO       + Carbon 57 (S, SMGs, BO7)
2026-07-17 07:31:04  INFO       + Strider 300 (S, Sniper Rifles, BO7)
2026-07-17 07:31:04  INFO       + AK-27 (A, Assault Rifles, BO7)
2026-07-17 07:31:04  INFO       + Dravec 45 (A, SMGs, BO7)
2026-07-17 07:31:04  INFO       + VX Compact (A, Assault Rifles, BO7)
2026-07-17 07:31:04  INFO       + X9 Maverick (A, Assault Rifles, BO7)
2026-07-17 07:31:04  INFO       + MPC-25 (A, SMGs, BO7)
2026-07-17 07:31:04  INFO       + DS20 Mirage (A, Assault Rifles, BO7)
2026-07-17 07:31:04  INFO       + Hawker HX (A, Sniper Rifles, BO7)
2026-07-17 07:31:04  INFO       + VS Recon (A, Sniper Rifles, BO7)
2026-07-17 07:31:04  INFO       + Peacekeeper Mk1 (A, Assault Rifles, BO7)
2026-07-17 07:31:04  INFO       + REV-46 (A, SMGs, BO7)
2026-07-17 07:31:04  INFO       + EGRT-17 (A, Assault Rifles, BO7)
2026-07-17 07:31:04  INFO       + M15 Mod 0 (B, Assault Rifles, BO7)
2026-07-17 07:31:04  INFO       + MK35 ISR (B, Assault Rifles, BO7)
2026-07-17 07:31:04  INFO       + VST (B, SMGs, BO7)
2026-07-17 07:31:04  INFO       + Kogot-7 (B, SMGs, BO7)
2026-07-17 07:31:04  INFO       + XR-3 Ion (B, Sniper Rifles, BO7)
2026-07-17 07:31:04  INFO       + Sturmwolf 45 (B, SMGs, BO7)
2026-07-17 07:31:04  INFO       + Voyak KT-3 (B, Assault Rifles, BO7)
2026-07-17 07:31:04  INFO       + AN-94 (B, Assault Rifles, BO7)
2026-07-17 07:31:04  INFO       + M8A1 (B, Marksman Rifles, BO7)
2026-07-17 07:31:04  INFO       + CBRS-3 (B, SMGs, BO7)
2026-07-17 07:31:05  INFO       Totaal: 24 wapens
2026-07-17 07:31:05  INFO         OK: 24 wapens
2026-07-17 07:31:05  INFO     
[2/4] WZHUB Meta scrapen (wzhub.gg)...
2026-07-17 07:31:05  INFO       Browser openen: https://wzhub.gg/loadouts
2026-07-17 07:31:07  INFO       Pagina geladen — parsen...
2026-07-17 07:31:07  INFO       + Mxr-17 (S, )
2026-07-17 07:31:07  INFO       + Ds20 Mirage (S, )
2026-07-17 07:31:07  INFO       + Dravec 45 (S, )
2026-07-17 07:31:07  INFO       + Carbon 57 (S, )
2026-07-17 07:31:07  INFO       + Strider 300 (S, )
2026-07-17 07:31:07  INFO       + Voyak Kt-3 (A, )
2026-07-17 07:31:07  INFO       + Egrt-17 (A, )
2026-07-17 07:31:07  INFO       + Hawker Hx (A, )
2026-07-17 07:31:07  INFO       + Kogot-7 (A, )
2026-07-17 07:31:07  INFO       + Vs Recon (A, )
2026-07-17 07:31:07  INFO       Totaal: 10 wapens van wzhub.gg
2026-07-17 07:31:07  INFO         OK: 10 wapens
2026-07-17 07:31:07  INFO     
[3/4] RAW-data bouwen vanuit WZ Meta + WZHUB...
2026-07-17 07:31:07  INFO       RAW gebouwd: 24 wapens over 1 games
2026-07-17 07:31:07  INFO     
[4/4] Warzone Playlists scrapen (wzhub.gg/playlist/wz)...
2026-07-17 07:31:07  INFO       Ophalen: https://wzhub.gg/playlist/wz
2026-07-17 07:31:08  INFO       + RESURGENCE (ltm=False, modes=3)
2026-07-17 07:31:08  INFO       + BATTLE ROYALE (ltm=False, modes=2)
2026-07-17 07:31:08  INFO       + RANKED: RESURGENCE (ltm=False, modes=1)
2026-07-17 07:31:08  INFO       + RESURGENCE CASUAL (ltm=False, modes=1)
2026-07-17 07:31:08  INFO       + BATTLE ROYALE CASUAL (ltm=False, modes=1)
2026-07-17 07:31:08  INFO       Totaal: 5 playlists, seizoen: Season 4- 70%
      (18 days)
2026-07-17 07:31:08  INFO         OK: 5 playlists
2026-07-17 07:31:08  INFO     
[5/5] HTML updaten...
2026-07-17 07:31:08  INFO       [MIGRATIE] HTML succesvol bijgewerkt
2026-07-17 07:31:08  INFO         OK: Bijgewerkt op 17/07/2026 07:31
2026-07-17 07:31:08  INFO     
BuitKing's Loadouts bijgewerkt!
2026-07-17 07:31:08  INFO     =======================================================
2026-07-18 07:12:58  INFO     =======================================================
2026-07-18 07:12:58  INFO     BuitKing's Loadout Updater gestart (v8 - geen TeeP)
2026-07-18 07:12:58  INFO     Datum: 18/07/2026 07:12
2026-07-18 07:12:58  INFO     
[1/4] WZ Meta scrapen (warzoneloadout.games)...
2026-07-18 07:12:58  INFO       Ophalen: https://warzoneloadout.games/warzone-meta/
2026-07-18 07:13:02  INFO       + MXR-17 (S, Assault Rifles, BO7)
2026-07-18 07:13:02  INFO       + Carbon 57 (S, SMGs, BO7)
2026-07-18 07:13:02  INFO       + Strider 300 (S, Sniper Rifles, BO7)
2026-07-18 07:13:02  INFO       + AK-27 (A, Assault Rifles, BO7)
2026-07-18 07:13:02  INFO       + Dravec 45 (A, SMGs, BO7)
2026-07-18 07:13:02  INFO       + VX Compact (A, Assault Rifles, BO7)
2026-07-18 07:13:02  INFO       + X9 Maverick (A, Assault Rifles, BO7)
2026-07-18 07:13:02  INFO       + MPC-25 (A, SMGs, BO7)
2026-07-18 07:13:02  INFO       + DS20 Mirage (A, Assault Rifles, BO7)
2026-07-18 07:13:02  INFO       + Hawker HX (A, Sniper Rifles, BO7)
2026-07-18 07:13:02  INFO       + VS Recon (A, Sniper Rifles, BO7)
2026-07-18 07:13:02  INFO       + Peacekeeper Mk1 (A, Assault Rifles, BO7)
2026-07-18 07:13:02  INFO       + REV-46 (A, SMGs, BO7)
2026-07-18 07:13:02  INFO       + EGRT-17 (A, Assault Rifles, BO7)
2026-07-18 07:13:02  INFO       + M15 Mod 0 (B, Assault Rifles, BO7)
2026-07-18 07:13:02  INFO       + MK35 ISR (B, Assault Rifles, BO7)
2026-07-18 07:13:02  INFO       + VST (B, SMGs, BO7)
2026-07-18 07:13:02  INFO       + Kogot-7 (B, SMGs, BO7)
2026-07-18 07:13:02  INFO       + XR-3 Ion (B, Sniper Rifles, BO7)
2026-07-18 07:13:02  INFO       + Sturmwolf 45 (B, SMGs, BO7)
2026-07-18 07:13:02  INFO       + Voyak KT-3 (B, Assault Rifles, BO7)
2026-07-18 07:13:02  INFO       + AN-94 (B, Assault Rifles, BO7)
2026-07-18 07:13:02  INFO       + M8A1 (B, Marksman Rifles, BO7)
2026-07-18 07:13:02  INFO       + CBRS-3 (B, SMGs, BO7)
2026-07-18 07:13:03  INFO       Totaal: 24 wapens
2026-07-18 07:13:03  INFO         OK: 24 wapens
2026-07-18 07:13:03  INFO     
[2/4] WZHUB Meta scrapen (wzhub.gg)...
2026-07-18 07:13:03  INFO       Browser openen: https://wzhub.gg/loadouts
2026-07-18 07:13:06  INFO       Pagina geladen — parsen...
2026-07-18 07:13:06  INFO       + Mxr-17 (S, )
2026-07-18 07:13:06  INFO       + Ds20 Mirage (S, )
2026-07-18 07:13:06  INFO       + Dravec 45 (S, )
2026-07-18 07:13:06  INFO       + Carbon 57 (S, )
2026-07-18 07:13:06  INFO       + Strider 300 (S, )
2026-07-18 07:13:06  INFO       + Voyak Kt-3 (A, )
2026-07-18 07:13:06  INFO       + Egrt-17 (A, )
2026-07-18 07:13:06  INFO       + Hawker Hx (A, )
2026-07-18 07:13:06  INFO       + Kogot-7 (A, )
2026-07-18 07:13:06  INFO       + Vs Recon (A, )
2026-07-18 07:13:06  INFO       Totaal: 10 wapens van wzhub.gg
2026-07-18 07:13:06  INFO         OK: 10 wapens
2026-07-18 07:13:06  INFO     
[3/4] RAW-data bouwen vanuit WZ Meta + WZHUB...
2026-07-18 07:13:06  INFO       RAW gebouwd: 24 wapens over 1 games
2026-07-18 07:13:06  INFO     
[4/4] Warzone Playlists scrapen (wzhub.gg/playlist/wz)...
2026-07-18 07:13:06  INFO       Ophalen: https://wzhub.gg/playlist/wz
2026-07-18 07:13:06  INFO       + RESURGENCE (ltm=False, modes=3)
2026-07-18 07:13:06  INFO       + BATTLE ROYALE (ltm=False, modes=2)
2026-07-18 07:13:06  INFO       + RANKED: RESURGENCE (ltm=False, modes=1)
2026-07-18 07:13:06  INFO       + RESURGENCE CASUAL (ltm=False, modes=1)
2026-07-18 07:13:06  INFO       + BATTLE ROYALE CASUAL (ltm=False, modes=1)
2026-07-18 07:13:06  INFO       Totaal: 5 playlists, seizoen: Season 4- 72%
      (17 days)
2026-07-18 07:13:06  INFO         OK: 5 playlists
2026-07-18 07:13:06  INFO     
[5/5] HTML updaten...
2026-07-18 07:13:06  INFO       [MIGRATIE] HTML succesvol bijgewerkt
2026-07-18 07:13:06  INFO         OK: Bijgewerkt op 18/07/2026 07:12
2026-07-18 07:13:06  INFO     
BuitKing's Loadouts bijgewerkt!
2026-07-18 07:13:06  INFO     =======================================================
